/*******************************************************************************
 * Size: 16 px
 * Bpp: 4
 * Opts: --font /fonts/Inter-Medium.ttf -o /fonts/font_inter_medium_16_data.c --size 16 --bpp 4 --format lvgl --no-compress --range 0x20-0x7F, 0xA0-0xFF, 0x0100-0x017F, 0x2000-0x206F
 ******************************************************************************/

#ifdef __has_include
    #if __has_include("lvgl.h")
        #ifndef LV_LVGL_H_INCLUDE_SIMPLE
            #define LV_LVGL_H_INCLUDE_SIMPLE
        #endif
    #endif
#endif

#ifdef LV_LVGL_H_INCLUDE_SIMPLE
    #include "lvgl.h"
#else
    #include "lvgl/lvgl.h"
#endif



#ifndef FONT_INTER_MEDIUM_16_DATA
#define FONT_INTER_MEDIUM_16_DATA 1
#endif

#if FONT_INTER_MEDIUM_16_DATA

/*-----------------
 *    BITMAPS
 *----------------*/

/*Store the image of the glyphs*/
static LV_ATTRIBUTE_LARGE_CONST const uint8_t glyph_bitmap[] = {
    /* U+0020 " " */

    /* U+0021 "!" */
    0x8f, 0x67, 0xf5, 0x7f, 0x57, 0xf5, 0x7f, 0x56,
    0xf4, 0x6f, 0x46, 0xf4, 0x00, 0x00, 0x40, 0x9f,
    0x77, 0xf5,

    /* U+0022 "\"" */
    0x5f, 0x57, 0xf4, 0x5f, 0x56, 0xf3, 0x4f, 0x45,
    0xf2, 0x3f, 0x35, 0xf2, 0x2a, 0x23, 0xa1,

    /* U+0023 "#" */
    0x00, 0x0c, 0x90, 0x0a, 0xb0, 0x00, 0x0e, 0x70,
    0x0d, 0x80, 0x00, 0x1f, 0x40, 0x0f, 0x60, 0x0e,
    0xff, 0xff, 0xff, 0xfe, 0x06, 0xcf, 0x66, 0xbf,
    0x75, 0x00, 0x8d, 0x00, 0x7e, 0x00, 0x00, 0xba,
    0x00, 0x9c, 0x00, 0x01, 0xf9, 0x11, 0xeb, 0x10,
    0xaf, 0xff, 0xff, 0xff, 0xf3, 0x37, 0xf7, 0x46,
    0xf9, 0x40, 0x05, 0xf0, 0x04, 0xf2, 0x00, 0x08,
    0xe0, 0x06, 0xf0, 0x00,

    /* U+0024 "$" */
    0x00, 0x00, 0x25, 0x00, 0x00, 0x00, 0x00, 0x4a,
    0x00, 0x00, 0x00, 0x3a, 0xff, 0xd7, 0x00, 0x03,
    0xff, 0xff, 0xdf, 0xb0, 0x0b, 0xf3, 0x4a, 0x0b,
    0xf3, 0x0c, 0xf0, 0x4a, 0x01, 0x31, 0x08, 0xfb,
    0x6a, 0x00, 0x00, 0x00, 0xaf, 0xff, 0x92, 0x00,
    0x00, 0x02, 0xcf, 0xff, 0x80, 0x00, 0x00, 0x4a,
    0x2c, 0xf4, 0x07, 0x40, 0x4a, 0x04, 0xf7, 0x0f,
    0xe2, 0x4a, 0x0a, 0xf5, 0x07, 0xff, 0xff, 0xdf,
    0xc0, 0x00, 0x5c, 0xff, 0xd8, 0x00, 0x00, 0x00,
    0x4a, 0x00, 0x00, 0x00, 0x00, 0x25, 0x00, 0x00,

    /* U+0025 "%" */
    0x06, 0xef, 0x80, 0x00, 0x02, 0xf4, 0x00, 0x2f,
    0x75, 0xf4, 0x00, 0x0c, 0x90, 0x00, 0x4f, 0x00,
    0xf6, 0x00, 0x7e, 0x10, 0x00, 0x3f, 0x42, 0xf4,
    0x02, 0xf4, 0x00, 0x00, 0x09, 0xff, 0xb0, 0x0c,
    0x90, 0x00, 0x00, 0x00, 0x11, 0x00, 0x7e, 0x10,
    0x00, 0x00, 0x00, 0x00, 0x02, 0xf4, 0x07, 0xed,
    0x40, 0x00, 0x00, 0x0c, 0x90, 0x4f, 0x58, 0xf0,
    0x00, 0x00, 0x7e, 0x10, 0x7d, 0x02, 0xf3, 0x00,
    0x02, 0xf4, 0x00, 0x7d, 0x02, 0xf3, 0x00, 0x0c,
    0x90, 0x00, 0x4f, 0x59, 0xf0, 0x00, 0x7e, 0x10,
    0x00, 0x08, 0xfe, 0x40,

    /* U+0026 "&" */
    0x00, 0x3c, 0xfe, 0x60, 0x00, 0x00, 0x0e, 0xe8,
    0xbf, 0x40, 0x00, 0x03, 0xf6, 0x01, 0xf8, 0x00,
    0x00, 0x2f, 0x80, 0x6f, 0x50, 0x00, 0x00, 0xcf,
    0xaf, 0xb0, 0x00, 0x00, 0x04, 0xff, 0xa0, 0x00,
    0x00, 0x03, 0xef, 0xfb, 0x00, 0x85, 0x00, 0xee,
    0x27, 0xf9, 0x1f, 0x70, 0x3f, 0x80, 0x09, 0xfe,
    0xf4, 0x02, 0xfb, 0x00, 0x0f, 0xff, 0x00, 0x0a,
    0xfb, 0x8a, 0xff, 0xf1, 0x00, 0x08, 0xef, 0xe8,
    0x3f, 0xc0,

    /* U+0027 "'" */
    0x5f, 0x55, 0xf5, 0x4f, 0x43, 0xf3, 0x2a, 0x20,

    /* U+0028 "(" */
    0x00, 0x7c, 0x10, 0x1f, 0xb0, 0x06, 0xf5, 0x00,
    0xbf, 0x00, 0x0f, 0xc0, 0x03, 0xf8, 0x00, 0x5f,
    0x70, 0x06, 0xf5, 0x00, 0x6f, 0x60, 0x04, 0xf7,
    0x00, 0x2f, 0xa0, 0x00, 0xee, 0x00, 0x08, 0xf3,
    0x00, 0x2f, 0x90, 0x00, 0xaf, 0x10,

    /* U+0029 ")" */
    0x2c, 0x60, 0x00, 0xde, 0x00, 0x06, 0xf5, 0x00,
    0x2f, 0x90, 0x00, 0xed, 0x00, 0x0a, 0xf1, 0x00,
    0x9f, 0x30, 0x07, 0xf4, 0x00, 0x7f, 0x40, 0x09,
    0xf3, 0x00, 0xbf, 0x00, 0x0f, 0xc0, 0x04, 0xf7,
    0x00, 0xaf, 0x10, 0x1f, 0x90, 0x00,

    /* U+002A "*" */
    0x00, 0x6c, 0x00, 0x07, 0x56, 0xb2, 0xa0, 0x7e,
    0xde, 0xfa, 0x10, 0x6f, 0xfa, 0x00, 0xbe, 0xac,
    0xce, 0x13, 0x16, 0xb0, 0x40, 0x00, 0x48, 0x00,
    0x00,

    /* U+002B "+" */
    0x00, 0x06, 0xf1, 0x00, 0x00, 0x00, 0x6f, 0x10,
    0x00, 0x12, 0x29, 0xf4, 0x22, 0x08, 0xff, 0xff,
    0xff, 0xf3, 0x25, 0x5c, 0xf7, 0x55, 0x00, 0x00,
    0x6f, 0x10, 0x00, 0x00, 0x06, 0xf1, 0x00, 0x00,
    0x00, 0x6f, 0x10, 0x00,

    /* U+002C "," */
    0x03, 0xa4, 0x08, 0xf3, 0x0a, 0xe0, 0x0c, 0xa0,
    0x0f, 0x50,

    /* U+002D "-" */
    0x78, 0x88, 0x82, 0xef, 0xff, 0xf4,

    /* U+002E "." */
    0x04, 0x09, 0xf7, 0x6f, 0x40,

    /* U+002F "/" */
    0x00, 0x01, 0xf7, 0x00, 0x05, 0xf3, 0x00, 0x09,
    0xe0, 0x00, 0x0e, 0xa0, 0x00, 0x2f, 0x60, 0x00,
    0x6f, 0x20, 0x00, 0xad, 0x00, 0x00, 0xe9, 0x00,
    0x03, 0xf5, 0x00, 0x07, 0xf1, 0x00, 0x0c, 0xc0,
    0x00, 0x0f, 0x80, 0x00, 0x4f, 0x40, 0x00, 0x8f,
    0x00, 0x00,

    /* U+0030 "0" */
    0x00, 0x19, 0xef, 0xb3, 0x00, 0x00, 0xdf, 0xb9,
    0xff, 0x30, 0x07, 0xf7, 0x00, 0x2f, 0xc0, 0x0c,
    0xf0, 0x00, 0x0a, 0xf2, 0x0f, 0xc0, 0x00, 0x06,
    0xf5, 0x1f, 0xa0, 0x00, 0x05, 0xf6, 0x1f, 0xa0,
    0x00, 0x05, 0xf6, 0x0f, 0xc0, 0x00, 0x06, 0xf5,
    0x0c, 0xf0, 0x00, 0x0a, 0xf2, 0x07, 0xf7, 0x00,
    0x2f, 0xc0, 0x00, 0xdf, 0xb9, 0xff, 0x30, 0x00,
    0x19, 0xef, 0xc3, 0x00,

    /* U+0031 "1" */
    0x00, 0x6f, 0xf5, 0x0a, 0xfe, 0xf5, 0x4f, 0x76,
    0xf5, 0x23, 0x06, 0xf5, 0x00, 0x06, 0xf5, 0x00,
    0x06, 0xf5, 0x00, 0x06, 0xf5, 0x00, 0x06, 0xf5,
    0x00, 0x06, 0xf5, 0x00, 0x06, 0xf5, 0x00, 0x06,
    0xf5, 0x00, 0x06, 0xf5,

    /* U+0032 "2" */
    0x03, 0xcf, 0xea, 0x20, 0x3f, 0xe9, 0xaf, 0xe1,
    0xbf, 0x20, 0x05, 0xf7, 0x88, 0x00, 0x02, 0xf9,
    0x00, 0x00, 0x06, 0xf6, 0x00, 0x00, 0x1e, 0xe0,
    0x00, 0x01, 0xdf, 0x30, 0x00, 0x0c, 0xf5, 0x00,
    0x00, 0xcf, 0x50, 0x00, 0x0b, 0xf6, 0x00, 0x00,
    0xaf, 0xe9, 0x99, 0x97, 0xef, 0xff, 0xff, 0xfd,

    /* U+0033 "3" */
    0x00, 0x3b, 0xff, 0xc4, 0x00, 0x04, 0xfe, 0x99,
    0xef, 0x30, 0x0b, 0xf1, 0x00, 0x3f, 0xa0, 0x01,
    0x10, 0x00, 0x1f, 0xa0, 0x00, 0x00, 0x24, 0xcf,
    0x30, 0x00, 0x02, 0xff, 0xf5, 0x00, 0x00, 0x00,
    0x56, 0xcf, 0x60, 0x00, 0x00, 0x00, 0x0e, 0xf0,
    0x05, 0x40, 0x00, 0x0b, 0xf2, 0x0e, 0xe2, 0x00,
    0x2e, 0xe0, 0x06, 0xfe, 0xaa, 0xef, 0x60, 0x00,
    0x4c, 0xff, 0xc5, 0x00,

    /* U+0034 "4" */
    0x00, 0x00, 0x06, 0xff, 0x10, 0x00, 0x00, 0x1e,
    0xff, 0x10, 0x00, 0x00, 0xaf, 0xdf, 0x10, 0x00,
    0x04, 0xf8, 0x9f, 0x10, 0x00, 0x0d, 0xd0, 0x9f,
    0x10, 0x00, 0x7f, 0x40, 0x9f, 0x10, 0x02, 0xfa,
    0x00, 0x9f, 0x10, 0x0b, 0xf1, 0x00, 0x9f, 0x10,
    0x1f, 0xff, 0xff, 0xff, 0xfa, 0x19, 0x99, 0x99,
    0xff, 0xb5, 0x00, 0x00, 0x00, 0x9f, 0x10, 0x00,
    0x00, 0x00, 0x9f, 0x10,

    /* U+0035 "5" */
    0x04, 0xff, 0xff, 0xff, 0x30, 0x6f, 0xa8, 0x88,
    0x81, 0x08, 0xf2, 0x00, 0x00, 0x00, 0x9f, 0x00,
    0x00, 0x00, 0x0b, 0xf8, 0xef, 0xa1, 0x00, 0xdf,
    0xc8, 0xaf, 0xe0, 0x00, 0x10, 0x00, 0x7f, 0x70,
    0x00, 0x00, 0x00, 0xfb, 0x04, 0x20, 0x00, 0x0f,
    0xb0, 0xee, 0x10, 0x07, 0xf7, 0x07, 0xfe, 0x9a,
    0xfd, 0x00, 0x06, 0xcf, 0xe9, 0x10,

    /* U+0036 "6" */
    0x00, 0x08, 0xef, 0xd6, 0x00, 0x00, 0xbf, 0xb9,
    0xef, 0x70, 0x05, 0xf7, 0x00, 0x0e, 0xe0, 0x0b,
    0xe0, 0x01, 0x00, 0x00, 0x0f, 0xa6, 0xef, 0xf8,
    0x00, 0x1f, 0xef, 0x76, 0xcf, 0x80, 0x1f, 0xf4,
    0x00, 0x1e, 0xf0, 0x0f, 0xe0, 0x00, 0x09, 0xf2,
    0x0e, 0xe0, 0x00, 0x0a, 0xf2, 0x09, 0xf6, 0x00,
    0x2f, 0xd0, 0x01, 0xef, 0xa9, 0xef, 0x40, 0x00,
    0x1a, 0xef, 0xc4, 0x00,

    /* U+0037 "7" */
    0x4f, 0xff, 0xff, 0xff, 0x72, 0x99, 0x99, 0x9c,
    0xf6, 0x00, 0x00, 0x00, 0xdf, 0x00, 0x00, 0x00,
    0x5f, 0x80, 0x00, 0x00, 0x0d, 0xf1, 0x00, 0x00,
    0x05, 0xf8, 0x00, 0x00, 0x00, 0xdf, 0x10, 0x00,
    0x00, 0x5f, 0x90, 0x00, 0x00, 0x0c, 0xf1, 0x00,
    0x00, 0x04, 0xf9, 0x00, 0x00, 0x00, 0xcf, 0x10,
    0x00, 0x00, 0x4f, 0x90, 0x00, 0x00,

    /* U+0038 "8" */
    0x00, 0x3b, 0xff, 0xc4, 0x00, 0x03, 0xff, 0x99,
    0xef, 0x40, 0x09, 0xf4, 0x00, 0x3f, 0xb0, 0x09,
    0xf2, 0x00, 0x0f, 0xa0, 0x03, 0xfb, 0x33, 0xbf,
    0x40, 0x00, 0x5f, 0xff, 0xf6, 0x00, 0x04, 0xfd,
    0x66, 0xcf, 0x50, 0x0e, 0xe1, 0x00, 0x0d, 0xe0,
    0x1f, 0xb0, 0x00, 0x0a, 0xf2, 0x0f, 0xe1, 0x00,
    0x1e, 0xf0, 0x06, 0xfe, 0x99, 0xdf, 0x70, 0x00,
    0x5c, 0xff, 0xc5, 0x00,

    /* U+0039 "9" */
    0x00, 0x4c, 0xff, 0xa2, 0x00, 0x05, 0xfe, 0x9a,
    0xff, 0x20, 0x0d, 0xe2, 0x00, 0x3f, 0xa0, 0x1f,
    0xa0, 0x00, 0x0c, 0xf0, 0x0f, 0xc0, 0x00, 0x0e,
    0xf2, 0x0a, 0xfa, 0x34, 0xcf, 0xf2, 0x00, 0xbf,
    0xff, 0xa9, 0xf2, 0x00, 0x02, 0x42, 0x0a, 0xf0,
    0x08, 0x70, 0x00, 0x0e, 0xd0, 0x0b, 0xf3, 0x00,
    0x7f, 0x70, 0x03, 0xff, 0xac, 0xfc, 0x00, 0x00,
    0x3c, 0xfe, 0x91, 0x00,

    /* U+003A ":" */
    0x04, 0x09, 0xf7, 0x6f, 0x40, 0x00, 0x00, 0x00,
    0x00, 0x04, 0x09, 0xf7, 0x6f, 0x40,

    /* U+003B ";" */
    0x00, 0x40, 0x06, 0xfa, 0x04, 0xf7, 0x00, 0x00,
    0x00, 0x00, 0x00, 0x00, 0x00, 0x00, 0x03, 0xa4,
    0x08, 0xf3, 0x0a, 0xe0, 0x0c, 0xa0, 0x0f, 0x50,

    /* U+003C "<" */
    0x00, 0x00, 0x00, 0x00, 0x00, 0x00, 0x00, 0x5c,
    0x00, 0x00, 0x6d, 0xfd, 0x00, 0x6d, 0xfd, 0x60,
    0x5e, 0xfc, 0x50, 0x00, 0xaf, 0xc1, 0x00, 0x00,
    0x19, 0xff, 0xa2, 0x00, 0x00, 0x18, 0xff, 0xb4,
    0x00, 0x00, 0x18, 0xfe, 0x00, 0x00, 0x00, 0x17,

    /* U+003D "=" */
    0x5f, 0xff, 0xff, 0xff, 0x29, 0x99, 0x99, 0x99,
    0x00, 0x00, 0x00, 0x00, 0x28, 0x88, 0x88, 0x88,
    0x5f, 0xff, 0xff, 0xff,

    /* U+003E ">" */
    0x00, 0x00, 0x00, 0x00, 0x03, 0xb3, 0x00, 0x00,
    0x00, 0x3f, 0xfb, 0x30, 0x00, 0x00, 0x18, 0xff,
    0xb3, 0x00, 0x00, 0x00, 0x7e, 0xfb, 0x20, 0x00,
    0x00, 0x4f, 0xf5, 0x00, 0x05, 0xcf, 0xe6, 0x00,
    0x6d, 0xfd, 0x60, 0x00, 0x3f, 0xd6, 0x00, 0x00,
    0x02, 0x50, 0x00, 0x00, 0x00,

    /* U+003F "?" */
    0x01, 0xae, 0xfc, 0x40, 0x0d, 0xfa, 0x9e, 0xf3,
    0x3f, 0x90, 0x04, 0xf9, 0x13, 0x10, 0x03, 0xf9,
    0x00, 0x00, 0x0c, 0xf5, 0x00, 0x02, 0xdf, 0x80,
    0x00, 0x0b, 0xf4, 0x00, 0x00, 0x0f, 0xb0, 0x00,
    0x00, 0x04, 0x30, 0x00, 0x00, 0x03, 0x10, 0x00,
    0x00, 0x3f, 0xe0, 0x00, 0x00, 0x1e, 0xb0, 0x00,

    /* U+0040 "@" */
    0x00, 0x00, 0x39, 0xdf, 0xfd, 0x92, 0x00, 0x00,
    0x00, 0x9f, 0xe9, 0x66, 0x8d, 0xf7, 0x00, 0x00,
    0x9f, 0x70, 0x00, 0x00, 0x08, 0xf6, 0x00, 0x3f,
    0x80, 0x00, 0x00, 0x01, 0x09, 0xf1, 0x0a, 0xe0,
    0x03, 0xdf, 0xfa, 0xf1, 0x1f, 0x60, 0xea, 0x01,
    0xec, 0x57, 0xff, 0x10, 0xcb, 0x0f, 0x70, 0x7f,
    0x10, 0x07, 0xf1, 0x0a, 0xc1, 0xf6, 0x09, 0xc0,
    0x00, 0x4f, 0x10, 0xac, 0x0f, 0x70, 0x9d, 0x00,
    0x05, 0xf1, 0x0a, 0xb0, 0xea, 0x06, 0xf1, 0x00,
    0x8f, 0x10, 0xd8, 0x0a, 0xe0, 0x1e, 0xb4, 0x7e,
    0xf8, 0x7f, 0x30, 0x4f, 0x80, 0x3c, 0xfd, 0x38,
    0xee, 0x70, 0x00, 0xaf, 0x80, 0x00, 0x00, 0x00,
    0x00, 0x00, 0x00, 0x9f, 0xe9, 0x66, 0x7a, 0x60,
    0x00, 0x00, 0x00, 0x39, 0xdf, 0xfe, 0xb4, 0x00,
    0x00,

    /* U+0041 "A" */
    0x00, 0x00, 0xaf, 0xe0, 0x00, 0x00, 0x00, 0x0f,
    0xff, 0x40, 0x00, 0x00, 0x05, 0xf6, 0xf9, 0x00,
    0x00, 0x00, 0xaf, 0x1c, 0xe0, 0x00, 0x00, 0x0f,
    0xc0, 0x8f, 0x50, 0x00, 0x05, 0xf7, 0x03, 0xfa,
    0x00, 0x00, 0xbf, 0x20, 0x0d, 0xf0, 0x00, 0x1f,
    0xf8, 0x88, 0xff, 0x50, 0x06, 0xff, 0xff, 0xff,
    0xfb, 0x00, 0xbf, 0x20, 0x00, 0x0d, 0xf1, 0x1f,
    0xd0, 0x00, 0x00, 0x7f, 0x66, 0xf7, 0x00, 0x00,
    0x02, 0xfc,

    /* U+0042 "B" */
    0xbf, 0xff, 0xfe, 0x91, 0x0b, 0xf9, 0x89, 0xcf,
    0xc0, 0xbf, 0x10, 0x00, 0xbf, 0x2b, 0xf1, 0x00,
    0x09, 0xf2, 0xbf, 0x21, 0x26, 0xfa, 0x0b, 0xff,
    0xff, 0xfb, 0x10, 0xbf, 0x54, 0x47, 0xfe, 0x1b,
    0xf1, 0x00, 0x05, 0xf8, 0xbf, 0x10, 0x00, 0x1f,
    0xab, 0xf1, 0x00, 0x05, 0xf9, 0xbf, 0x99, 0x9b,
    0xff, 0x2b, 0xff, 0xff, 0xfb, 0x30,

    /* U+0043 "C" */
    0x00, 0x04, 0xbe, 0xfd, 0x60, 0x00, 0x07, 0xff,
    0xbb, 0xef, 0xa0, 0x03, 0xfd, 0x20, 0x00, 0xaf,
    0x70, 0xaf, 0x30, 0x00, 0x01, 0xec, 0x0f, 0xd0,
    0x00, 0x00, 0x00, 0x01, 0xfb, 0x00, 0x00, 0x00,
    0x00, 0x1f, 0xb0, 0x00, 0x00, 0x00, 0x00, 0xfd,
    0x00, 0x00, 0x00, 0x00, 0x0a, 0xf3, 0x00, 0x00,
    0x1e, 0xc0, 0x3f, 0xd2, 0x00, 0x0a, 0xf6, 0x00,
    0x7f, 0xfb, 0xbe, 0xfa, 0x00, 0x00, 0x4b, 0xef,
    0xd6, 0x00,

    /* U+0044 "D" */
    0xbf, 0xff, 0xfd, 0x81, 0x00, 0xbf, 0xa9, 0xad,
    0xfe, 0x20, 0xbf, 0x10, 0x00, 0x5f, 0xc0, 0xbf,
    0x10, 0x00, 0x09, 0xf4, 0xbf, 0x10, 0x00, 0x04,
    0xf8, 0xbf, 0x10, 0x00, 0x01, 0xfa, 0xbf, 0x10,
    0x00, 0x01, 0xf9, 0xbf, 0x10, 0x00, 0x04, 0xf8,
    0xbf, 0x10, 0x00, 0x09, 0xf3, 0xbf, 0x10, 0x00,
    0x5f, 0xc0, 0xbf, 0xa9, 0xad, 0xfe, 0x20, 0xbf,
    0xff, 0xfd, 0x81, 0x00,

    /* U+0045 "E" */
    0xbf, 0xff, 0xff, 0xfa, 0xbf, 0x99, 0x99, 0x95,
    0xbf, 0x10, 0x00, 0x00, 0xbf, 0x10, 0x00, 0x00,
    0xbf, 0x10, 0x00, 0x00, 0xbf, 0x99, 0x99, 0x91,
    0xbf, 0xff, 0xff, 0xf3, 0xbf, 0x10, 0x00, 0x00,
    0xbf, 0x10, 0x00, 0x00, 0xbf, 0x10, 0x00, 0x00,
    0xbf, 0x99, 0x99, 0x96, 0xbf, 0xff, 0xff, 0xfa,

    /* U+0046 "F" */
    0xbf, 0xff, 0xff, 0xf8, 0xbf, 0x99, 0x99, 0x94,
    0xbf, 0x10, 0x00, 0x00, 0xbf, 0x10, 0x00, 0x00,
    0xbf, 0x10, 0x00, 0x00, 0xbf, 0x99, 0x99, 0x90,
    0xbf, 0xff, 0xff, 0xf0, 0xbf, 0x10, 0x00, 0x00,
    0xbf, 0x10, 0x00, 0x00, 0xbf, 0x10, 0x00, 0x00,
    0xbf, 0x10, 0x00, 0x00, 0xbf, 0x10, 0x00, 0x00,

    /* U+0047 "G" */
    0x00, 0x04, 0xbe, 0xfc, 0x50, 0x00, 0x00, 0x7f,
    0xfb, 0xbe, 0xfa, 0x00, 0x03, 0xfd, 0x20, 0x00,
    0xbf, 0x60, 0x0a, 0xf3, 0x00, 0x00, 0x1e, 0xc0,
    0x0f, 0xd0, 0x00, 0x00, 0x00, 0x00, 0x1f, 0xb0,
    0x00, 0x00, 0x00, 0x00, 0x1f, 0xb0, 0x00, 0x8f,
    0xff, 0xf0, 0x0f, 0xd0, 0x00, 0x48, 0x8e, 0xf0,
    0x0b, 0xf3, 0x00, 0x00, 0x0e, 0xe0, 0x04, 0xfd,
    0x20, 0x00, 0x8f, 0x80, 0x00, 0x7f, 0xfc, 0xbe,
    0xfc, 0x00, 0x00, 0x04, 0xbe, 0xfd, 0x70, 0x00,

    /* U+0048 "H" */
    0xbf, 0x10, 0x00, 0x02, 0xfa, 0xbf, 0x10, 0x00,
    0x02, 0xfa, 0xbf, 0x10, 0x00, 0x02, 0xfa, 0xbf,
    0x10, 0x00, 0x02, 0xfa, 0xbf, 0x10, 0x00, 0x02,
    0xfa, 0xbf, 0xff, 0xff, 0xff, 0xfa, 0xbf, 0x99,
    0x99, 0x9a, 0xfa, 0xbf, 0x10, 0x00, 0x02, 0xfa,
    0xbf, 0x10, 0x00, 0x02, 0xfa, 0xbf, 0x10, 0x00,
    0x02, 0xfa, 0xbf, 0x10, 0x00, 0x02, 0xfa, 0xbf,
    0x10, 0x00, 0x02, 0xfa,

    /* U+0049 "I" */
    0xbf, 0x1b, 0xf1, 0xbf, 0x1b, 0xf1, 0xbf, 0x1b,
    0xf1, 0xbf, 0x1b, 0xf1, 0xbf, 0x1b, 0xf1, 0xbf,
    0x1b, 0xf1,

    /* U+004A "J" */
    0x00, 0x00, 0x00, 0xde, 0x00, 0x00, 0x00, 0xde,
    0x00, 0x00, 0x00, 0xde, 0x00, 0x00, 0x00, 0xde,
    0x00, 0x00, 0x00, 0xde, 0x00, 0x00, 0x00, 0xde,
    0x00, 0x00, 0x00, 0xde, 0x14, 0x20, 0x00, 0xde,
    0x4f, 0x80, 0x00, 0xee, 0x1f, 0xb0, 0x02, 0xfb,
    0x0a, 0xfb, 0x9e, 0xf4, 0x00, 0x8d, 0xfc, 0x50,

    /* U+004B "K" */
    0xbf, 0x10, 0x00, 0x3f, 0xe2, 0xbf, 0x10, 0x02,
    0xef, 0x30, 0xbf, 0x10, 0x1d, 0xf5, 0x00, 0xbf,
    0x10, 0xcf, 0x60, 0x00, 0xbf, 0x1a, 0xf8, 0x00,
    0x00, 0xbf, 0x7f, 0xf2, 0x00, 0x00, 0xbf, 0xfe,
    0xfd, 0x00, 0x00, 0xbf, 0xc0, 0x9f, 0x80, 0x00,
    0xbf, 0x20, 0x0d, 0xf3, 0x00, 0xbf, 0x10, 0x03,
    0xfd, 0x00, 0xbf, 0x10, 0x00, 0x8f, 0x80, 0xbf,
    0x10, 0x00, 0x0d, 0xf3,

    /* U+004C "L" */
    0xbf, 0x10, 0x00, 0x00, 0xbf, 0x10, 0x00, 0x00,
    0xbf, 0x10, 0x00, 0x00, 0xbf, 0x10, 0x00, 0x00,
    0xbf, 0x10, 0x00, 0x00, 0xbf, 0x10, 0x00, 0x00,
    0xbf, 0x10, 0x00, 0x00, 0xbf, 0x10, 0x00, 0x00,
    0xbf, 0x10, 0x00, 0x00, 0xbf, 0x10, 0x00, 0x00,
    0xbf, 0x99, 0x99, 0x93, 0xbf, 0xff, 0xff, 0xf5,

    /* U+004D "M" */
    0xbf, 0xf1, 0x00, 0x00, 0x07, 0xff, 0x5b, 0xff,
    0x70, 0x00, 0x00, 0xdf, 0xf5, 0xbf, 0xed, 0x00,
    0x00, 0x3f, 0xdf, 0x5b, 0xf9, 0xf3, 0x00, 0x09,
    0xf8, 0xf5, 0xbf, 0x4f, 0x90, 0x00, 0xed, 0x7f,
    0x5b, 0xf0, 0xee, 0x00, 0x4f, 0x77, 0xf5, 0xbf,
    0x08, 0xf4, 0x0a, 0xf2, 0x7f, 0x5b, 0xf0, 0x2f,
    0xa0, 0xfb, 0x07, 0xf5, 0xbf, 0x00, 0xce, 0x4f,
    0x50, 0x7f, 0x5b, 0xf0, 0x06, 0xfc, 0xf0, 0x07,
    0xf5, 0xbf, 0x00, 0x0f, 0xf9, 0x00, 0x7f, 0x5b,
    0xf0, 0x00, 0xaf, 0x30, 0x07, 0xf5,

    /* U+004E "N" */
    0xbf, 0xa0, 0x00, 0x00, 0xfd, 0xbf, 0xf4, 0x00,
    0x00, 0xfd, 0xbf, 0xed, 0x00, 0x00, 0xfd, 0xbf,
    0x7f, 0x80, 0x00, 0xfd, 0xbf, 0x1d, 0xf2, 0x00,
    0xfd, 0xbf, 0x14, 0xfc, 0x00, 0xfd, 0xbf, 0x10,
    0xaf, 0x60, 0xfd, 0xbf, 0x10, 0x1f, 0xe1, 0xfd,
    0xbf, 0x10, 0x06, 0xf8, 0xfd, 0xbf, 0x10, 0x00,
    0xcf, 0xfd, 0xbf, 0x10, 0x00, 0x3f, 0xfd, 0xbf,
    0x10, 0x00, 0x09, 0xfd,

    /* U+004F "O" */
    0x00, 0x04, 0xbe, 0xfc, 0x60, 0x00, 0x00, 0x7f,
    0xfb, 0xbe, 0xfb, 0x00, 0x03, 0xfd, 0x20, 0x00,
    0xaf, 0x70, 0x0a, 0xf3, 0x00, 0x00, 0x0e, 0xe0,
    0x0f, 0xd0, 0x00, 0x00, 0x09, 0xf3, 0x1f, 0xb0,
    0x00, 0x00, 0x06, 0xf5, 0x1f, 0xb0, 0x00, 0x00,
    0x06, 0xf5, 0x0f, 0xd0, 0x00, 0x00, 0x09, 0xf3,
    0x0a, 0xf3, 0x00, 0x00, 0x0e, 0xe0, 0x03, 0xfd,
    0x20, 0x00, 0xaf, 0x80, 0x00, 0x7f, 0xfb, 0xbe,
    0xfb, 0x00, 0x00, 0x04, 0xbe, 0xfc, 0x60, 0x00,

    /* U+0050 "P" */
    0xbf, 0xff, 0xfd, 0x80, 0x0b, 0xf9, 0x89, 0xdf,
    0xb0, 0xbf, 0x10, 0x00, 0xbf, 0x3b, 0xf1, 0x00,
    0x06, 0xf7, 0xbf, 0x10, 0x00, 0x6f, 0x7b, 0xf1,
    0x00, 0x0b, 0xf3, 0xbf, 0x98, 0x8c, 0xfb, 0x0b,
    0xff, 0xff, 0xe8, 0x00, 0xbf, 0x10, 0x00, 0x00,
    0x0b, 0xf1, 0x00, 0x00, 0x00, 0xbf, 0x10, 0x00,
    0x00, 0x0b, 0xf1, 0x00, 0x00, 0x00,

    /* U+0051 "Q" */
    0x00, 0x04, 0xbe, 0xfc, 0x60, 0x00, 0x00, 0x7f,
    0xfb, 0xbe, 0xfb, 0x00, 0x03, 0xfd, 0x20, 0x00,
    0xaf, 0x70, 0x0a, 0xf3, 0x00, 0x00, 0x0e, 0xe0,
    0x0f, 0xd0, 0x00, 0x00, 0x09, 0xf3, 0x1f, 0xb0,
    0x00, 0x00, 0x06, 0xf5, 0x1f, 0xb0, 0x00, 0x00,
    0x06, 0xf5, 0x0f, 0xd0, 0x00, 0x00, 0x09, 0xf3,
    0x0a, 0xf3, 0x01, 0xe9, 0x0e, 0xe0, 0x03, 0xfd,
    0x20, 0x5f, 0xff, 0x80, 0x00, 0x7f, 0xfb, 0xbf,
    0xfe, 0x00, 0x00, 0x04, 0xbe, 0xfd, 0xfd, 0x00,
    0x00, 0x00, 0x00, 0x00, 0x3f, 0x90,

    /* U+0052 "R" */
    0xbf, 0xff, 0xfe, 0x90, 0x0b, 0xf9, 0x89, 0xcf,
    0xc0, 0xbf, 0x10, 0x00, 0xaf, 0x4b, 0xf1, 0x00,
    0x06, 0xf7, 0xbf, 0x10, 0x00, 0x7f, 0x6b, 0xf1,
    0x00, 0x3e, 0xf2, 0xbf, 0xff, 0xff, 0xf7, 0x0b,
    0xfa, 0x9f, 0xfa, 0x00, 0xbf, 0x10, 0x0e, 0xf1,
    0x0b, 0xf1, 0x00, 0x6f, 0x90, 0xbf, 0x10, 0x00,
    0xdf, 0x2b, 0xf1, 0x00, 0x05, 0xfa,

    /* U+0053 "S" */
    0x00, 0x3a, 0xef, 0xd7, 0x00, 0x03, 0xff, 0xb9,
    0xdf, 0xb0, 0x0b, 0xf3, 0x00, 0x0b, 0xf3, 0x0c,
    0xf0, 0x00, 0x01, 0x31, 0x08, 0xfb, 0x20, 0x00,
    0x00, 0x00, 0xaf, 0xfd, 0x92, 0x00, 0x00, 0x02,
    0x7c, 0xff, 0x80, 0x00, 0x00, 0x00, 0x2c, 0xf4,
    0x07, 0x40, 0x00, 0x04, 0xf7, 0x0f, 0xe2, 0x00,
    0x0a, 0xf5, 0x07, 0xff, 0xba, 0xdf, 0xc0, 0x00,
    0x5c, 0xff, 0xd8, 0x00,

    /* U+0054 "T" */
    0x4f, 0xff, 0xff, 0xff, 0xfc, 0x29, 0x99, 0xdf,
    0x99, 0x96, 0x00, 0x00, 0xaf, 0x20, 0x00, 0x00,
    0x00, 0xaf, 0x20, 0x00, 0x00, 0x00, 0xaf, 0x20,
    0x00, 0x00, 0x00, 0xaf, 0x20, 0x00, 0x00, 0x00,
    0xaf, 0x20, 0x00, 0x00, 0x00, 0xaf, 0x20, 0x00,
    0x00, 0x00, 0xaf, 0x20, 0x00, 0x00, 0x00, 0xaf,
    0x20, 0x00, 0x00, 0x00, 0xaf, 0x20, 0x00, 0x00,
    0x00, 0xaf, 0x20, 0x00,

    /* U+0055 "U" */
    0xbf, 0x10, 0x00, 0x03, 0xf9, 0xbf, 0x10, 0x00,
    0x03, 0xf9, 0xbf, 0x10, 0x00, 0x03, 0xf9, 0xbf,
    0x10, 0x00, 0x03, 0xf9, 0xbf, 0x10, 0x00, 0x03,
    0xf9, 0xbf, 0x10, 0x00, 0x03, 0xf9, 0xbf, 0x10,
    0x00, 0x03, 0xf9, 0xbf, 0x10, 0x00, 0x03, 0xf8,
    0x9f, 0x30, 0x00, 0x06, 0xf7, 0x5f, 0xc0, 0x00,
    0x1d, 0xf2, 0x0a, 0xfe, 0xbb, 0xff, 0x80, 0x00,
    0x6c, 0xff, 0xc5, 0x00,

    /* U+0056 "V" */
    0x6f, 0x70, 0x00, 0x00, 0x2f, 0xc1, 0xfd, 0x00,
    0x00, 0x07, 0xf6, 0x0b, 0xf2, 0x00, 0x00, 0xdf,
    0x10, 0x5f, 0x80, 0x00, 0x2f, 0xb0, 0x00, 0xfd,
    0x00, 0x07, 0xf6, 0x00, 0x0a, 0xf3, 0x00, 0xcf,
    0x10, 0x00, 0x5f, 0x80, 0x2f, 0xb0, 0x00, 0x00,
    0xfd, 0x06, 0xf5, 0x00, 0x00, 0x09, 0xf2, 0xbf,
    0x00, 0x00, 0x00, 0x4f, 0x7f, 0xa0, 0x00, 0x00,
    0x00, 0xef, 0xf5, 0x00, 0x00, 0x00, 0x09, 0xff,
    0x00, 0x00,

    /* U+0057 "W" */
    0x7f, 0x60, 0x00, 0x1f, 0xf1, 0x00, 0x05, 0xf8,
    0x3f, 0xa0, 0x00, 0x5f, 0xf5, 0x00, 0x09, 0xf4,
    0x0e, 0xe0, 0x00, 0x9f, 0xe9, 0x00, 0x0d, 0xf0,
    0x0a, 0xf2, 0x00, 0xdc, 0xbd, 0x00, 0x1f, 0xb0,
    0x06, 0xf6, 0x01, 0xf8, 0x8f, 0x10, 0x5f, 0x70,
    0x02, 0xf9, 0x05, 0xf4, 0x4f, 0x50, 0x9f, 0x30,
    0x00, 0xed, 0x09, 0xf1, 0x0f, 0x90, 0xde, 0x00,
    0x00, 0x9f, 0x1d, 0xc0, 0x0b, 0xd0, 0xfa, 0x00,
    0x00, 0x5f, 0x5f, 0x80, 0x07, 0xf5, 0xf6, 0x00,
    0x00, 0x1f, 0xbf, 0x40, 0x03, 0xfb, 0xf2, 0x00,
    0x00, 0x0d, 0xff, 0x00, 0x00, 0xff, 0xe0, 0x00,
    0x00, 0x09, 0xfc, 0x00, 0x00, 0xbf, 0x90, 0x00,

    /* U+0058 "X" */
    0x0e, 0xf2, 0x00, 0x00, 0xcf, 0x30, 0x4f, 0xc0,
    0x00, 0x7f, 0x80, 0x00, 0x9f, 0x60, 0x2f, 0xd0,
    0x00, 0x00, 0xef, 0x1c, 0xf3, 0x00, 0x00, 0x04,
    0xfd, 0xf8, 0x00, 0x00, 0x00, 0x0c, 0xff, 0x00,
    0x00, 0x00, 0x00, 0xdf, 0xf2, 0x00, 0x00, 0x00,
    0x8f, 0x9f, 0xc0, 0x00, 0x00, 0x3f, 0xc0, 0x9f,
    0x70, 0x00, 0x0d, 0xf2, 0x00, 0xef, 0x20, 0x08,
    0xf7, 0x00, 0x04, 0xfc, 0x03, 0xfc, 0x00, 0x00,
    0x0a, 0xf7,

    /* U+0059 "Y" */
    0x4f, 0xc0, 0x00, 0x00, 0x9f, 0x70, 0xbf, 0x50,
    0x00, 0x2f, 0xd0, 0x02, 0xfe, 0x00, 0x0b, 0xf4,
    0x00, 0x08, 0xf7, 0x04, 0xfa, 0x00, 0x00, 0x0e,
    0xf1, 0xdf, 0x10, 0x00, 0x00, 0x5f, 0xdf, 0x70,
    0x00, 0x00, 0x00, 0xbf, 0xd0, 0x00, 0x00, 0x00,
    0x05, 0xf7, 0x00, 0x00, 0x00, 0x00, 0x5f, 0x70,
    0x00, 0x00, 0x00, 0x05, 0xf7, 0x00, 0x00, 0x00,
    0x00, 0x5f, 0x70, 0x00, 0x00, 0x00, 0x05, 0xf7,
    0x00, 0x00,

    /* U+005A "Z" */
    0x1f, 0xff, 0xff, 0xff, 0xf4, 0x08, 0x88, 0x88,
    0x8f, 0xf1, 0x00, 0x00, 0x00, 0x7f, 0x60, 0x00,
    0x00, 0x03, 0xfc, 0x00, 0x00, 0x00, 0x0d, 0xf2,
    0x00, 0x00, 0x00, 0x8f, 0x70, 0x00, 0x00, 0x03,
    0xfc, 0x00, 0x00, 0x00, 0x0d, 0xf2, 0x00, 0x00,
    0x00, 0x8f, 0x70, 0x00, 0x00, 0x02, 0xfb, 0x00,
    0x00, 0x00, 0x0c, 0xfa, 0x88, 0x88, 0x82, 0x0f,
    0xff, 0xff, 0xff, 0xf5,

    /* U+005B "[" */
    0x01, 0x11, 0x5f, 0xff, 0x5f, 0x84, 0x5f, 0x40,
    0x5f, 0x40, 0x5f, 0x40, 0x5f, 0x40, 0x5f, 0x40,
    0x5f, 0x40, 0x5f, 0x40, 0x5f, 0x40, 0x5f, 0x40,
    0x5f, 0x40, 0x5f, 0x62, 0x5f, 0xff, 0x14, 0x44,

    /* U+005C "\\" */
    0x8f, 0x00, 0x00, 0x4f, 0x40, 0x00, 0x0f, 0x80,
    0x00, 0x0c, 0xc0, 0x00, 0x07, 0xf1, 0x00, 0x03,
    0xf5, 0x00, 0x00, 0xe9, 0x00, 0x00, 0xad, 0x00,
    0x00, 0x6f, 0x20, 0x00, 0x2f, 0x60, 0x00, 0x0e,
    0xa0, 0x00, 0x09, 0xe0, 0x00, 0x05, 0xf3, 0x00,
    0x01, 0xf7,

    /* U+005D "]" */
    0x01, 0x11, 0x01, 0xff, 0xf4, 0x04, 0x9f, 0x40,
    0x06, 0xf4, 0x00, 0x6f, 0x40, 0x06, 0xf4, 0x00,
    0x6f, 0x40, 0x06, 0xf4, 0x00, 0x6f, 0x40, 0x06,
    0xf4, 0x00, 0x6f, 0x40, 0x06, 0xf4, 0x00, 0x6f,
    0x40, 0x27, 0xf4, 0x1f, 0xff, 0x40, 0x44, 0x41,

    /* U+005E "^" */
    0x00, 0x19, 0x70, 0x00, 0x00, 0x8f, 0xf2, 0x00,
    0x01, 0xf7, 0xca, 0x00, 0x08, 0xe0, 0x5f, 0x20,
    0x0f, 0x80, 0x0d, 0xa0, 0x14, 0x00, 0x02, 0x40,

    /* U+005F "_" */
    0x88, 0x88, 0x88, 0x83, 0xff, 0xff, 0xff, 0xf6,

    /* U+0060 "`" */
    0x45, 0x00, 0x3f, 0x50, 0x09, 0xd0,

    /* U+0061 "a" */
    0x00, 0x8d, 0xfd, 0x70, 0x0b, 0xfa, 0x7b, 0xf8,
    0x05, 0x60, 0x00, 0xed, 0x00, 0x02, 0x47, 0xfe,
    0x06, 0xef, 0xfc, 0xef, 0x2f, 0xc2, 0x00, 0xcf,
    0x4f, 0x60, 0x01, 0xff, 0x1f, 0xe7, 0x7d, 0xef,
    0x04, 0xdf, 0xd5, 0xbf,

    /* U+0062 "b" */
    0xde, 0x00, 0x00, 0x00, 0x0d, 0xe0, 0x00, 0x00,
    0x00, 0xde, 0x00, 0x00, 0x00, 0x0d, 0xe3, 0xdf,
    0xd5, 0x00, 0xde, 0xe9, 0x8e, 0xf4, 0x0d, 0xf5,
    0x00, 0x2f, 0xc0, 0xdf, 0x00, 0x00, 0xbf, 0x0d,
    0xd0, 0x00, 0x0a, 0xf1, 0xdf, 0x00, 0x00, 0xbf,
    0x0d, 0xf5, 0x00, 0x2f, 0xc0, 0xde, 0xe9, 0x8e,
    0xf4, 0x0d, 0xd3, 0xdf, 0xd5, 0x00,

    /* U+0063 "c" */
    0x00, 0x4c, 0xfe, 0xa1, 0x00, 0x4f, 0xe8, 0x9f,
    0xd0, 0x0d, 0xf1, 0x00, 0x6d, 0x32, 0xfa, 0x00,
    0x00, 0x00, 0x3f, 0x80, 0x00, 0x00, 0x02, 0xfa,
    0x00, 0x00, 0x00, 0x0d, 0xe1, 0x00, 0x6e, 0x40,
    0x4f, 0xe8, 0x9f, 0xd0, 0x00, 0x4c, 0xfe, 0xa1,
    0x00,

    /* U+0064 "d" */
    0x00, 0x00, 0x00, 0x0f, 0xb0, 0x00, 0x00, 0x00,
    0xfb, 0x00, 0x00, 0x00, 0x0f, 0xb0, 0x06, 0xdf,
    0xc2, 0xfb, 0x06, 0xfe, 0x8a, 0xdf, 0xb0, 0xee,
    0x10, 0x07, 0xfb, 0x2f, 0xa0, 0x00, 0x1f, 0xb3,
    0xf8, 0x00, 0x00, 0xfb, 0x2f, 0xa0, 0x00, 0x1f,
    0xb0, 0xef, 0x10, 0x07, 0xfb, 0x06, 0xfe, 0x8a,
    0xdf, 0xb0, 0x06, 0xdf, 0xc2, 0xfb,

    /* U+0065 "e" */
    0x00, 0x4c, 0xfe, 0x90, 0x00, 0x4f, 0xd7, 0x9f,
    0xc0, 0x0d, 0xd1, 0x00, 0x7f, 0x52, 0xf9, 0x11,
    0x13, 0xf9, 0x3f, 0xff, 0xff, 0xff, 0xa2, 0xfc,
    0x44, 0x44, 0x42, 0x0d, 0xe0, 0x00, 0x26, 0x20,
    0x4f, 0xd8, 0x8e, 0xf2, 0x00, 0x4c, 0xff, 0xb3,
    0x00,

    /* U+0066 "f" */
    0x00, 0x4d, 0xfa, 0x00, 0xff, 0x95, 0x02, 0xf9,
    0x00, 0xdf, 0xff, 0xf7, 0x59, 0xff, 0x63, 0x03,
    0xf8, 0x00, 0x03, 0xf8, 0x00, 0x03, 0xf8, 0x00,
    0x03, 0xf8, 0x00, 0x03, 0xf8, 0x00, 0x03, 0xf8,
    0x00, 0x03, 0xf8, 0x00,

    /* U+0067 "g" */
    0x00, 0x5d, 0xfc, 0x2e, 0xc0, 0x5f, 0xe8, 0xad,
    0xfc, 0x0e, 0xf1, 0x00, 0x7f, 0xc2, 0xfa, 0x00,
    0x01, 0xfc, 0x3f, 0x80, 0x00, 0x0f, 0xc2, 0xfa,
    0x00, 0x00, 0xfc, 0x0e, 0xe1, 0x00, 0x6f, 0xc0,
    0x7f, 0xd8, 0x9d, 0xfc, 0x00, 0x6d, 0xfc, 0x2f,
    0xc0, 0x02, 0x00, 0x01, 0xfa, 0x09, 0xfa, 0x77,
    0xdf, 0x40, 0x07, 0xdf, 0xfb, 0x40,

    /* U+0068 "h" */
    0xdd, 0x00, 0x00, 0x00, 0xdd, 0x00, 0x00, 0x00,
    0xdd, 0x00, 0x00, 0x00, 0xdd, 0x4d, 0xfd, 0x40,
    0xdf, 0xe9, 0xaf, 0xf1, 0xdf, 0x30, 0x08, 0xf5,
    0xde, 0x00, 0x04, 0xf7, 0xde, 0x00, 0x04, 0xf7,
    0xde, 0x00, 0x04, 0xf7, 0xde, 0x00, 0x04, 0xf7,
    0xde, 0x00, 0x04, 0xf7, 0xde, 0x00, 0x04, 0xf7,

    /* U+0069 "i" */
    0x0c, 0xd0, 0x0d, 0xe0, 0x00, 0x00, 0x0d, 0xe0,
    0x0d, 0xe0, 0x0d, 0xe0, 0x0d, 0xe0, 0x0d, 0xe0,
    0x0d, 0xe0, 0x0d, 0xe0, 0x0d, 0xe0, 0x0d, 0xe0,

    /* U+006A "j" */
    0x00, 0xcd, 0x00, 0x0d, 0xe0, 0x00, 0x00, 0x00,
    0x0d, 0xe0, 0x00, 0xde, 0x00, 0x0d, 0xe0, 0x00,
    0xde, 0x00, 0x0d, 0xe0, 0x00, 0xde, 0x00, 0x0d,
    0xe0, 0x00, 0xde, 0x00, 0x0d, 0xe0, 0x00, 0xed,
    0x02, 0xaf, 0xa0, 0x4f, 0xb1, 0x00,

    /* U+006B "k" */
    0xde, 0x00, 0x00, 0x00, 0xde, 0x00, 0x00, 0x00,
    0xde, 0x00, 0x00, 0x00, 0xde, 0x00, 0x1d, 0xe2,
    0xde, 0x00, 0xcf, 0x30, 0xde, 0x0b, 0xf5, 0x00,
    0xde, 0xaf, 0x60, 0x00, 0xdf, 0xff, 0x70, 0x00,
    0xdf, 0x5d, 0xf3, 0x00, 0xde, 0x03, 0xfd, 0x00,
    0xde, 0x00, 0x7f, 0xa0, 0xde, 0x00, 0x0b, 0xf6,

    /* U+006C "l" */
    0xde, 0xde, 0xde, 0xde, 0xde, 0xde, 0xde, 0xde,
    0xde, 0xde, 0xde, 0xde,

    /* U+006D "m" */
    0xdc, 0x4d, 0xfa, 0x06, 0xdf, 0xb1, 0x0d, 0xec,
    0x7a, 0xfa, 0xd7, 0xaf, 0xb0, 0xdf, 0x10, 0x0d,
    0xf2, 0x00, 0xcf, 0x0d, 0xe0, 0x00, 0xbf, 0x00,
    0x0a, 0xf0, 0xde, 0x00, 0x0b, 0xf0, 0x00, 0xaf,
    0x1d, 0xe0, 0x00, 0xbf, 0x00, 0x0a, 0xf1, 0xde,
    0x00, 0x0b, 0xf0, 0x00, 0xaf, 0x1d, 0xe0, 0x00,
    0xbf, 0x00, 0x0a, 0xf1, 0xde, 0x00, 0x0b, 0xf0,
    0x00, 0xaf, 0x10,

    /* U+006E "n" */
    0xdc, 0x3c, 0xfd, 0x40, 0xde, 0xd7, 0x8f, 0xf1,
    0xdf, 0x20, 0x07, 0xf5, 0xde, 0x00, 0x04, 0xf7,
    0xde, 0x00, 0x04, 0xf7, 0xde, 0x00, 0x04, 0xf7,
    0xde, 0x00, 0x04, 0xf7, 0xde, 0x00, 0x04, 0xf7,
    0xde, 0x00, 0x04, 0xf7,

    /* U+006F "o" */
    0x00, 0x4c, 0xfe, 0xa1, 0x00, 0x4f, 0xe8, 0x9f,
    0xe1, 0x0d, 0xf1, 0x00, 0x5f, 0x82, 0xfa, 0x00,
    0x00, 0xfc, 0x3f, 0x80, 0x00, 0x0d, 0xe2, 0xfa,
    0x00, 0x00, 0xfd, 0x0d, 0xe1, 0x00, 0x5f, 0x80,
    0x4f, 0xe8, 0x9f, 0xe1, 0x00, 0x4c, 0xfe, 0xa1,
    0x00,

    /* U+0070 "p" */
    0xdd, 0x3d, 0xfd, 0x50, 0x0d, 0xed, 0x77, 0xdf,
    0x40, 0xdf, 0x40, 0x01, 0xfc, 0x0d, 0xf0, 0x00,
    0x0b, 0xf0, 0xdd, 0x00, 0x00, 0xaf, 0x1d, 0xf0,
    0x00, 0x0b, 0xf0, 0xdf, 0x60, 0x02, 0xfc, 0x0d,
    0xee, 0x98, 0xef, 0x40, 0xde, 0x3d, 0xfd, 0x50,
    0x0d, 0xe0, 0x00, 0x00, 0x00, 0xde, 0x00, 0x00,
    0x00, 0x0d, 0xe0, 0x00, 0x00, 0x00,

    /* U+0071 "q" */
    0x00, 0x6d, 0xfc, 0x2f, 0xb0, 0x6f, 0xe8, 0xad,
    0xfb, 0x0e, 0xe1, 0x00, 0x7f, 0xb2, 0xfa, 0x00,
    0x01, 0xfb, 0x3f, 0x80, 0x00, 0x0f, 0xb2, 0xfa,
    0x00, 0x01, 0xfb, 0x0e, 0xf1, 0x00, 0x7f, 0xb0,
    0x6f, 0xe8, 0xad, 0xfb, 0x00, 0x6d, 0xfc, 0x2f,
    0xb0, 0x00, 0x00, 0x00, 0xfb, 0x00, 0x00, 0x00,
    0x0f, 0xb0, 0x00, 0x00, 0x00, 0xfb,

    /* U+0072 "r" */
    0x00, 0x00, 0x0d, 0xd5, 0xed, 0xde, 0xe9, 0x7d,
    0xf3, 0x00, 0xde, 0x00, 0x0d, 0xe0, 0x00, 0xde,
    0x00, 0x0d, 0xe0, 0x00, 0xde, 0x00, 0x0d, 0xe0,
    0x00,

    /* U+0073 "s" */
    0x00, 0x9e, 0xfd, 0x50, 0x0a, 0xf9, 0x6b, 0xf5,
    0x0f, 0xc0, 0x00, 0x72, 0x0b, 0xf9, 0x40, 0x00,
    0x01, 0xaf, 0xff, 0xa1, 0x00, 0x00, 0x39, 0xfb,
    0x18, 0x60, 0x00, 0xfd, 0x0d, 0xf9, 0x7b, 0xf8,
    0x01, 0x9e, 0xfd, 0x70,

    /* U+0074 "t" */
    0x09, 0xf2, 0x00, 0x09, 0xf2, 0x00, 0xdf, 0xff,
    0xe0, 0x5f, 0xf9, 0x60, 0x09, 0xf2, 0x00, 0x09,
    0xf2, 0x00, 0x09, 0xf2, 0x00, 0x09, 0xf2, 0x00,
    0x08, 0xf2, 0x00, 0x06, 0xfb, 0x70, 0x00, 0x9f,
    0xe0,

    /* U+0075 "u" */
    0xde, 0x00, 0x04, 0xf7, 0xde, 0x00, 0x04, 0xf7,
    0xde, 0x00, 0x04, 0xf7, 0xde, 0x00, 0x04, 0xf7,
    0xde, 0x00, 0x04, 0xf7, 0xde, 0x00, 0x04, 0xf7,
    0xcf, 0x20, 0x0a, 0xf7, 0x6f, 0xe9, 0xbc, 0xf7,
    0x08, 0xef, 0xa3, 0xf7,

    /* U+0076 "v" */
    0x7f, 0x60, 0x00, 0x3f, 0xa1, 0xfb, 0x00, 0x08,
    0xf4, 0x0b, 0xf1, 0x00, 0xde, 0x00, 0x5f, 0x60,
    0x3f, 0x80, 0x00, 0xfb, 0x08, 0xf2, 0x00, 0x0a,
    0xf1, 0xdd, 0x00, 0x00, 0x4f, 0x7f, 0x70, 0x00,
    0x00, 0xef, 0xf1, 0x00, 0x00, 0x08, 0xfb, 0x00,
    0x00,

    /* U+0077 "w" */
    0x6f, 0x60, 0x05, 0xfa, 0x00, 0x2f, 0xa1, 0xfa,
    0x00, 0x9f, 0xe0, 0x06, 0xf6, 0x0d, 0xe0, 0x0d,
    0xcf, 0x20, 0xaf, 0x10, 0x8f, 0x21, 0xf5, 0xf6,
    0x0e, 0xc0, 0x03, 0xf6, 0x5f, 0x0c, 0xa2, 0xf8,
    0x00, 0x0e, 0xa9, 0xc0, 0x8e, 0x6f, 0x30, 0x00,
    0xad, 0xd7, 0x03, 0xfb, 0xe0, 0x00, 0x05, 0xff,
    0x30, 0x0e, 0xfa, 0x00, 0x00, 0x1f, 0xe0, 0x00,
    0xaf, 0x50, 0x00,

    /* U+0078 "x" */
    0x1f, 0xd0, 0x00, 0xde, 0x10, 0x6f, 0x70, 0x7f,
    0x60, 0x00, 0xce, 0x2f, 0xb0, 0x00, 0x02, 0xff,
    0xf2, 0x00, 0x00, 0x0f, 0xfe, 0x00, 0x00, 0x04,
    0xfe, 0xf3, 0x00, 0x00, 0xed, 0x1e, 0xc0, 0x00,
    0x9f, 0x40, 0x6f, 0x70, 0x3f, 0xa0, 0x00, 0xcf,
    0x20,

    /* U+0079 "y" */
    0x7f, 0x60, 0x00, 0x2f, 0xa1, 0xfb, 0x00, 0x08,
    0xf4, 0x0b, 0xf1, 0x00, 0xee, 0x00, 0x4f, 0x70,
    0x3f, 0x70, 0x00, 0xec, 0x09, 0xf1, 0x00, 0x08,
    0xf1, 0xeb, 0x00, 0x00, 0x2f, 0x9f, 0x50, 0x00,
    0x00, 0xcf, 0xe0, 0x00, 0x00, 0x06, 0xf9, 0x00,
    0x00, 0x00, 0x8f, 0x30, 0x00, 0x05, 0x8f, 0xb0,
    0x00, 0x00, 0xcf, 0xa1, 0x00, 0x00,

    /* U+007A "z" */
    0x0e, 0xff, 0xff, 0xfd, 0x07, 0x99, 0x9c, 0xfa,
    0x00, 0x00, 0x1e, 0xd0, 0x00, 0x00, 0xcf, 0x30,
    0x00, 0x08, 0xf7, 0x00, 0x00, 0x4f, 0xb0, 0x00,
    0x01, 0xee, 0x10, 0x00, 0x0c, 0xfc, 0x99, 0x98,
    0x0f, 0xff, 0xff, 0xff,

    /* U+007B "{" */
    0x00, 0x3b, 0xe2, 0x00, 0xdf, 0x80, 0x02, 0xf8,
    0x00, 0x02, 0xf6, 0x00, 0x02, 0xf6, 0x00, 0x05,
    0xf6, 0x00, 0xff, 0xf2, 0x00, 0xff, 0x40, 0x00,
    0x09, 0xf2, 0x00, 0x03, 0xf6, 0x00, 0x02, 0xf6,
    0x00, 0x02, 0xf7, 0x00, 0x00, 0xfc, 0x30, 0x00,
    0x6f, 0xf2, 0x00, 0x01, 0x30,

    /* U+007C "|" */
    0x08, 0x40, 0xf8, 0x0f, 0x80, 0xf8, 0x0f, 0x80,
    0xf8, 0x0f, 0x80, 0xf8, 0x0f, 0x80, 0xf8, 0x0f,
    0x80, 0xf8, 0x0f, 0x80, 0xf8, 0x0f, 0x80, 0xf8,
    0x0f, 0x80, 0xf8, 0x0f, 0x80, 0xf8,

    /* U+007D "}" */
    0x1e, 0xc3, 0x00, 0x07, 0xee, 0x00, 0x00, 0x7f,
    0x20, 0x00, 0x5f, 0x30, 0x00, 0x5f, 0x30, 0x00,
    0x5f, 0x60, 0x00, 0x1f, 0xff, 0x00, 0x04, 0xff,
    0x00, 0x2f, 0x90, 0x00, 0x5f, 0x30, 0x00, 0x5f,
    0x30, 0x00, 0x6f, 0x30, 0x02, 0xcf, 0x10, 0x1f,
    0xf6, 0x00, 0x03, 0x10, 0x00,

    /* U+007E "~" */
    0x1b, 0xfc, 0x40, 0x1b, 0x48, 0xf8, 0xcf, 0xac,
    0xf3, 0x78, 0x00, 0x7e, 0xe7, 0x00,

    /* U+00A0 " " */

    /* U+00A1 "¡" */
    0x7f, 0x59, 0xf7, 0x04, 0x00, 0x10, 0x6f, 0x46,
    0xf4, 0x6f, 0x57, 0xf5, 0x7f, 0x57, 0xf5, 0x7f,
    0x58, 0xf6,

    /* U+00A2 "¢" */
    0x00, 0x00, 0xb3, 0x00, 0x00, 0x00, 0x0c, 0x40,
    0x00, 0x00, 0x7e, 0xff, 0xc3, 0x00, 0x7f, 0xcf,
    0xae, 0xf1, 0x0f, 0xd0, 0xb3, 0x39, 0x23, 0xf9,
    0x0b, 0x30, 0x00, 0x3f, 0x90, 0xb3, 0x00, 0x00,
    0xfd, 0x0b, 0x32, 0x62, 0x09, 0xfa, 0xe7, 0xcf,
    0x20, 0x0a, 0xff, 0xfe, 0x50, 0x00, 0x01, 0xf7,
    0x00, 0x00, 0x00, 0x0b, 0x30, 0x00,

    /* U+00A3 "£" */
    0x00, 0x06, 0xdf, 0xd7, 0x00, 0x00, 0x7f, 0xd9,
    0xcf, 0x80, 0x00, 0xee, 0x00, 0x0c, 0xe0, 0x00,
    0xfa, 0x00, 0x00, 0x00, 0x01, 0xfb, 0x11, 0x10,
    0x00, 0x2f, 0xff, 0xff, 0xf3, 0x00, 0x04, 0xff,
    0x44, 0x40, 0x00, 0x00, 0xfb, 0x00, 0x00, 0x00,
    0x00, 0xec, 0x00, 0x00, 0x00, 0x00, 0xf9, 0x00,
    0x04, 0xa1, 0x2f, 0xf9, 0x99, 0x9d, 0xf0, 0x2f,
    0xff, 0xff, 0xfe, 0x60,

    /* U+00A4 "¤" */
    0x00, 0x00, 0x00, 0x00, 0x01, 0x00, 0xba, 0x6d,
    0xff, 0xb4, 0xd8, 0x05, 0xff, 0xa5, 0x5c, 0xff,
    0x30, 0x3f, 0x60, 0x00, 0x0a, 0xf0, 0x09, 0xd0,
    0x00, 0x00, 0x1f, 0x50, 0xc9, 0x00, 0x00, 0x00,
    0xd8, 0x0c, 0x90, 0x00, 0x00, 0x0d, 0x80, 0x9d,
    0x00, 0x00, 0x02, 0xf5, 0x02, 0xf8, 0x00, 0x00,
    0xcf, 0x00, 0x9f, 0xfb, 0x67, 0xdf, 0xf6, 0x08,
    0x64, 0xcf, 0xea, 0x29, 0x50,

    /* U+00A5 "¥" */
    0x8f, 0x50, 0x00, 0x6f, 0x71, 0xfc, 0x00, 0x0d,
    0xe0, 0x09, 0xf3, 0x04, 0xf8, 0x00, 0x2f, 0xa0,
    0xbf, 0x10, 0x00, 0xaf, 0x3f, 0x90, 0x00, 0x03,
    0xff, 0xf2, 0x00, 0x0f, 0xff, 0xff, 0xfc, 0x00,
    0x23, 0xaf, 0x93, 0x20, 0x0f, 0xff, 0xff, 0xfc,
    0x00, 0x23, 0xaf, 0x83, 0x20, 0x00, 0x07, 0xf5,
    0x00, 0x00, 0x00, 0x7f, 0x50, 0x00,

    /* U+00A6 "¦" */
    0x7f, 0x27, 0xf2, 0x7f, 0x27, 0xf2, 0x7f, 0x22,
    0x60, 0x00, 0x00, 0x00, 0x37, 0x17, 0xf2, 0x7f,
    0x27, 0xf2, 0x7f, 0x27, 0xf2,

    /* U+00A7 "§" */
    0x00, 0x5d, 0xfd, 0x50, 0x00, 0x2f, 0xc7, 0xbf,
    0x30, 0x06, 0xf3, 0x00, 0xb5, 0x00, 0x3f, 0x90,
    0x00, 0x00, 0x00, 0xbf, 0xd4, 0x00, 0x00, 0xac,
    0x5c, 0xfb, 0x10, 0x0f, 0x60, 0x05, 0xec, 0x00,
    0xec, 0x10, 0x05, 0xf2, 0x03, 0xee, 0x60, 0x7e,
    0x00, 0x01, 0x9f, 0xfc, 0x20, 0x00, 0x00, 0x2c,
    0xf3, 0x00, 0x36, 0x00, 0x2f, 0x80, 0x07, 0xf6,
    0x27, 0xf6, 0x00, 0x0b, 0xff, 0xfb, 0x00, 0x00,
    0x03, 0x42, 0x00, 0x00,

    /* U+00A8 "¨" */
    0x00, 0x00, 0x00, 0xae, 0x05, 0xf4, 0x9d, 0x04,
    0xf4,

    /* U+00A9 "©" */
    0x00, 0x04, 0xbe, 0xfd, 0x81, 0x00, 0x00, 0x09,
    0xfe, 0xa9, 0xbf, 0xf4, 0x00, 0x08, 0xf9, 0x00,
    0x10, 0x2d, 0xf2, 0x02, 0xfa, 0x08, 0xff, 0xe4,
    0x1e, 0xb0, 0x7f, 0x27, 0xf9, 0x5b, 0xf2, 0x7f,
    0x1a, 0xe0, 0xd9, 0x00, 0x06, 0x34, 0xf4, 0xae,
    0x0e, 0x80, 0x00, 0x41, 0x4f, 0x47, 0xf2, 0x9f,
    0x62, 0x9f, 0x27, 0xf1, 0x2f, 0xa0, 0xbf, 0xff,
    0x61, 0xeb, 0x00, 0x8f, 0x90, 0x24, 0x12, 0xdf,
    0x30, 0x00, 0x9f, 0xea, 0x9b, 0xff, 0x40, 0x00,
    0x00, 0x4b, 0xef, 0xd8, 0x10, 0x00,

    /* U+00AA "ª" */
    0x04, 0xcf, 0xd6, 0x01, 0xe9, 0x37, 0xf3, 0x00,
    0x02, 0x6f, 0x60, 0x9f, 0xfc, 0xf6, 0x6f, 0x40,
    0x2f, 0x66, 0xf5, 0x3a, 0xf6, 0x09, 0xee, 0x6f,
    0x60,

    /* U+00AB "«" */
    0x00, 0x08, 0xf6, 0x3f, 0xb0, 0x00, 0x5f, 0x91,
    0xed, 0x00, 0x03, 0xfb, 0x0d, 0xe2, 0x00, 0x1e,
    0xe1, 0xaf, 0x40, 0x00, 0x0a, 0xf5, 0x4f, 0xa0,
    0x00, 0x00, 0xcf, 0x37, 0xf7, 0x00, 0x00, 0x1d,
    0xe1, 0xaf, 0x40, 0x00, 0x02, 0x84, 0x07, 0x70,

    /* U+00AC "¬" */
    0x02, 0x22, 0x22, 0x20, 0x4f, 0xff, 0xff, 0xf7,
    0x15, 0x55, 0x56, 0xf7, 0x00, 0x00, 0x01, 0xf7,
    0x00, 0x00, 0x00, 0x52,

    /* U+00AE "®" */
    0x00, 0x18, 0xdf, 0xc6, 0x00, 0x01, 0xdb, 0x43,
    0x6e, 0xa0, 0x0b, 0xa4, 0xdc, 0x91, 0xe5, 0x1f,
    0x14, 0xb0, 0xf1, 0x7b, 0x3e, 0x04, 0xff, 0xd0,
    0x4d, 0x1f, 0x14, 0xb2, 0xe0, 0x6c, 0x0c, 0x82,
    0x40, 0x62, 0xd6, 0x03, 0xf8, 0x10, 0x3c, 0xc0,
    0x00, 0x3c, 0xff, 0xf9, 0x00, 0x00, 0x00, 0x12,
    0x00, 0x00,

    /* U+00AF "¯" */
    0x00, 0x00, 0x07, 0xff, 0xfe, 0x13, 0x33, 0x30,

    /* U+00B0 "°" */
    0x00, 0x00, 0x00, 0x00, 0x1c, 0xfe, 0x40, 0x0b,
    0xd5, 0xaf, 0x10, 0xf5, 0x00, 0xf4, 0x0d, 0xb2,
    0x7f, 0x20, 0x2e, 0xff, 0x60, 0x00, 0x03, 0x10,
    0x00,

    /* U+00B1 "±" */
    0x00, 0x06, 0xf2, 0x00, 0x00, 0x00, 0x6f, 0x20,
    0x00, 0x7f, 0xff, 0xff, 0xff, 0x23, 0x88, 0xff,
    0xa8, 0x81, 0x00, 0x06, 0xf2, 0x00, 0x00, 0x00,
    0x6f, 0x10, 0x00, 0x00, 0x00, 0x00, 0x00, 0x07,
    0xff, 0xff, 0xff, 0xf2, 0x38, 0x88, 0x88, 0x88,
    0x10,

    /* U+00B2 "²" */
    0x05, 0xdf, 0xd6, 0x00, 0xe8, 0x39, 0xf1, 0x00,
    0x00, 0xad, 0x00, 0x02, 0xcc, 0x20, 0x07, 0xfa,
    0x33, 0x11, 0xff, 0xff, 0xf5,

    /* U+00B3 "³" */
    0x05, 0xcf, 0xe9, 0x00, 0x86, 0x39, 0xf2, 0x00,
    0x2f, 0xf8, 0x00, 0x00, 0x05, 0xf6, 0x1f, 0xa4,
    0x8f, 0x60, 0x4c, 0xfd, 0x80,

    /* U+00B4 "´" */
    0x04, 0x50, 0x0f, 0x90, 0x7e, 0x00,

    /* U+00B5 "µ" */
    0xde, 0x00, 0x03, 0xf7, 0x0d, 0xe0, 0x00, 0x3f,
    0x70, 0xde, 0x00, 0x03, 0xf7, 0x0d, 0xe0, 0x00,
    0x3f, 0x70, 0xde, 0x00, 0x03, 0xf7, 0x0d, 0xf0,
    0x00, 0x4f, 0x70, 0xdf, 0x10, 0x0a, 0xf7, 0x0d,
    0xfd, 0x78, 0xef, 0xc3, 0xde, 0x6e, 0xd3, 0x7e,
    0x8d, 0xe0, 0x00, 0x00, 0x00, 0xde, 0x00, 0x00,
    0x00, 0x0d, 0xe0, 0x00, 0x00, 0x00,

    /* U+00B6 "¶" */
    0x00, 0x6d, 0xff, 0xff, 0x90, 0x8f, 0xff, 0xac,
    0xf7, 0x0f, 0xff, 0xf5, 0x4f, 0x52, 0xff, 0xff,
    0x54, 0xf5, 0x2f, 0xff, 0xf5, 0x4f, 0x50, 0xdf,
    0xff, 0x54, 0xf5, 0x03, 0xef, 0xf5, 0x4f, 0x50,
    0x01, 0x68, 0x24, 0xf5, 0x00, 0x00, 0x00, 0x4f,
    0x50, 0x00, 0x00, 0x04, 0xf5, 0x00, 0x00, 0x00,
    0x4f, 0x50, 0x00, 0x00, 0x04, 0xf5,

    /* U+00B7 "·" */
    0x04, 0x09, 0xf7, 0x6f, 0x40,

    /* U+00B8 "¸" */
    0x19, 0x00, 0x3e, 0x90, 0x01, 0xf3, 0x8e, 0xb0,

    /* U+00B9 "¹" */
    0x07, 0xff, 0x13, 0xc9, 0xf1, 0x00, 0x6f, 0x10,
    0x06, 0xf1, 0x00, 0x6f, 0x10, 0x06, 0xf1,

    /* U+00BA "º" */
    0x02, 0xbf, 0xe9, 0x00, 0x0d, 0xd4, 0x6f, 0xa0,
    0x4f, 0x40, 0x08, 0xf0, 0x6f, 0x20, 0x06, 0xf2,
    0x4f, 0x40, 0x08, 0xf0, 0x0d, 0xd4, 0x5f, 0xa0,
    0x02, 0xbf, 0xe9, 0x00,

    /* U+00BB "»" */
    0x1e, 0xd1, 0xaf, 0x40, 0x00, 0x3f, 0xb0, 0xcf,
    0x20, 0x00, 0x5f, 0x91, 0xed, 0x10, 0x00, 0x9f,
    0x63, 0xfb, 0x00, 0x1d, 0xe1, 0x9f, 0x50, 0x0b,
    0xf3, 0x6f, 0x80, 0x09, 0xf5, 0x3f, 0xb0, 0x01,
    0x86, 0x06, 0x80, 0x00,

    /* U+00BC "¼" */
    0x03, 0x84, 0x00, 0x00, 0x05, 0x60, 0x04, 0xee,
    0x80, 0x00, 0x02, 0xf4, 0x00, 0x21, 0xd8, 0x00,
    0x00, 0xc9, 0x00, 0x00, 0x0d, 0x80, 0x00, 0x8d,
    0x00, 0x00, 0x00, 0xd8, 0x00, 0x3f, 0x30, 0x00,
    0x00, 0x0d, 0x80, 0x0d, 0x80, 0x2f, 0x60, 0x00,
    0xd8, 0x09, 0xd0, 0x0a, 0xfa, 0x00, 0x00, 0x04,
    0xf2, 0x02, 0xfb, 0xa0, 0x00, 0x01, 0xe7, 0x00,
    0xb8, 0x9a, 0x00, 0x00, 0xac, 0x00, 0x4f, 0x19,
    0xa0, 0x00, 0x5f, 0x20, 0x08, 0xff, 0xff, 0x70,
    0x1e, 0x60, 0x00, 0x12, 0x2c, 0xd1, 0x00, 0x20,
    0x00, 0x00, 0x00, 0x11, 0x00,

    /* U+00BD "½" */
    0x01, 0x42, 0x00, 0x00, 0x02, 0x40, 0x00, 0x2e,
    0xf8, 0x00, 0x00, 0x1e, 0x60, 0x00, 0x55, 0xd8,
    0x00, 0x00, 0xbb, 0x00, 0x00, 0x00, 0xd8, 0x00,
    0x06, 0xe1, 0x00, 0x00, 0x00, 0xd8, 0x00, 0x2f,
    0x50, 0x00, 0x00, 0x00, 0xd8, 0x00, 0xca, 0x00,
    0x00, 0x00, 0x00, 0xd8, 0x07, 0xe0, 0x0a, 0xfe,
    0x50, 0x00, 0x21, 0x3f, 0x30, 0x4c, 0x4a, 0xe0,
    0x00, 0x00, 0xd8, 0x00, 0x00, 0x0a, 0xa0, 0x00,
    0x09, 0xd0, 0x00, 0x00, 0x8d, 0x10, 0x00, 0x4f,
    0x20, 0x00, 0x09, 0xe1, 0x00, 0x01, 0xe7, 0x00,
    0x00, 0x5f, 0xff, 0xf0, 0x01, 0x20, 0x00, 0x00,
    0x13, 0x33, 0x30,

    /* U+00BE "¾" */
    0x05, 0xde, 0x70, 0x00, 0x00, 0x8d, 0x00, 0x0c,
    0x76, 0xf2, 0x00, 0x03, 0xf3, 0x00, 0x00, 0x03,
    0xf3, 0x00, 0x0d, 0x90, 0x00, 0x00, 0x9f, 0xa0,
    0x00, 0x8d, 0x00, 0x00, 0x00, 0x13, 0xf7, 0x03,
    0xf4, 0x00, 0x00, 0x1e, 0xbb, 0xf5, 0x0c, 0x90,
    0x0c, 0xa0, 0x02, 0x78, 0x40, 0x7e, 0x00, 0x6f,
    0xf0, 0x00, 0x00, 0x02, 0xf4, 0x00, 0xea, 0xe0,
    0x00, 0x00, 0x0c, 0x90, 0x07, 0xc5, 0xe0, 0x00,
    0x00, 0x7e, 0x00, 0x1e, 0x45, 0xe0, 0x00, 0x02,
    0xf4, 0x00, 0x4f, 0xff, 0xfb, 0x00, 0x0c, 0x90,
    0x00, 0x02, 0x28, 0xf1, 0x00, 0x02, 0x00, 0x00,
    0x00, 0x00, 0x20,

    /* U+00BF "¿" */
    0x00, 0x04, 0xf7, 0x00, 0x00, 0x07, 0xfa, 0x00,
    0x00, 0x00, 0x40, 0x00, 0x00, 0x00, 0x42, 0x00,
    0x00, 0x04, 0xf6, 0x00, 0x00, 0x1c, 0xf2, 0x00,
    0x02, 0xef, 0x70, 0x00, 0x0d, 0xf4, 0x00, 0x00,
    0x2f, 0x90, 0x00, 0x22, 0x2f, 0xb0, 0x02, 0xfb,
    0x0c, 0xfb, 0x8e, 0xf4, 0x01, 0x9e, 0xfc, 0x50,

    /* U+00C0 "À" */
    0x00, 0x02, 0x62, 0x00, 0x00, 0x00, 0x00, 0x0e,
    0xa0, 0x00, 0x00, 0x00, 0x00, 0x4f, 0x20, 0x00,
    0x00, 0x00, 0x00, 0x00, 0x00, 0x00, 0x00, 0x00,
    0xaf, 0xe0, 0x00, 0x00, 0x00, 0x0f, 0xff, 0x40,
    0x00, 0x00, 0x05, 0xf6, 0xf9, 0x00, 0x00, 0x00,
    0xaf, 0x1c, 0xe0, 0x00, 0x00, 0x0f, 0xc0, 0x8f,
    0x50, 0x00, 0x05, 0xf7, 0x03, 0xfa, 0x00, 0x00,
    0xbf, 0x20, 0x0d, 0xf0, 0x00, 0x1f, 0xf8, 0x88,
    0xff, 0x50, 0x06, 0xff, 0xff, 0xff, 0xfb, 0x00,
    0xbf, 0x20, 0x00, 0x0d, 0xf1, 0x1f, 0xd0, 0x00,
    0x00, 0x7f, 0x66, 0xf7, 0x00, 0x00, 0x02, 0xfc,

    /* U+00C1 "Á" */
    0x00, 0x00, 0x00, 0x54, 0x00, 0x00, 0x00, 0x00,
    0x5f, 0x40, 0x00, 0x00, 0x00, 0x0c, 0x90, 0x00,
    0x00, 0x00, 0x00, 0x00, 0x00, 0x00, 0x00, 0x00,
    0xaf, 0xe0, 0x00, 0x00, 0x00, 0x0f, 0xff, 0x40,
    0x00, 0x00, 0x05, 0xf6, 0xf9, 0x00, 0x00, 0x00,
    0xaf, 0x1c, 0xe0, 0x00, 0x00, 0x0f, 0xc0, 0x8f,
    0x50, 0x00, 0x05, 0xf7, 0x03, 0xfa, 0x00, 0x00,
    0xbf, 0x20, 0x0d, 0xf0, 0x00, 0x1f, 0xf8, 0x88,
    0xff, 0x50, 0x06, 0xff, 0xff, 0xff, 0xfb, 0x00,
    0xbf, 0x20, 0x00, 0x0d, 0xf1, 0x1f, 0xd0, 0x00,
    0x00, 0x7f, 0x66, 0xf7, 0x00, 0x00, 0x02, 0xfc,

    /* U+00C2 "Â" */
    0x00, 0x00, 0x28, 0x40, 0x00, 0x00, 0x00, 0x0d,
    0xcf, 0x30, 0x00, 0x00, 0x0b, 0xd0, 0x9e, 0x10,
    0x00, 0x00, 0x00, 0x00, 0x00, 0x00, 0x00, 0x00,
    0xaf, 0xe0, 0x00, 0x00, 0x00, 0x0f, 0xff, 0x40,
    0x00, 0x00, 0x05, 0xf6, 0xf9, 0x00, 0x00, 0x00,
    0xaf, 0x1c, 0xe0, 0x00, 0x00, 0x0f, 0xc0, 0x8f,
    0x50, 0x00, 0x05, 0xf7, 0x03, 0xfa, 0x00, 0x00,
    0xbf, 0x20, 0x0d, 0xf0, 0x00, 0x1f, 0xf8, 0x88,
    0xff, 0x50, 0x06, 0xff, 0xff, 0xff, 0xfb, 0x00,
    0xbf, 0x20, 0x00, 0x0d, 0xf1, 0x1f, 0xd0, 0x00,
    0x00, 0x7f, 0x66, 0xf7, 0x00, 0x00, 0x02, 0xfc,

    /* U+00C3 "Ã" */
    0x00, 0x03, 0xe9, 0x1f, 0x00, 0x00, 0x00, 0xa8,
    0x9f, 0xa0, 0x00, 0x00, 0x01, 0x00, 0x10, 0x00,
    0x00, 0x00, 0x0a, 0xfe, 0x00, 0x00, 0x00, 0x00,
    0xff, 0xf4, 0x00, 0x00, 0x00, 0x5f, 0x6f, 0x90,
    0x00, 0x00, 0x0a, 0xf1, 0xce, 0x00, 0x00, 0x00,
    0xfc, 0x08, 0xf5, 0x00, 0x00, 0x5f, 0x70, 0x3f,
    0xa0, 0x00, 0x0b, 0xf2, 0x00, 0xdf, 0x00, 0x01,
    0xff, 0x88, 0x8f, 0xf5, 0x00, 0x6f, 0xff, 0xff,
    0xff, 0xb0, 0x0b, 0xf2, 0x00, 0x00, 0xdf, 0x11,
    0xfd, 0x00, 0x00, 0x07, 0xf6, 0x6f, 0x70, 0x00,
    0x00, 0x2f, 0xc0,

    /* U+00C4 "Ä" */
    0x00, 0x00, 0x00, 0x00, 0x00, 0x00, 0x00, 0xcc,
    0x07, 0xf2, 0x00, 0x00, 0x0c, 0xc0, 0x7e, 0x20,
    0x00, 0x00, 0x00, 0x00, 0x00, 0x00, 0x00, 0x00,
    0xaf, 0xe0, 0x00, 0x00, 0x00, 0x0f, 0xff, 0x40,
    0x00, 0x00, 0x05, 0xf6, 0xf9, 0x00, 0x00, 0x00,
    0xaf, 0x1c, 0xe0, 0x00, 0x00, 0x0f, 0xc0, 0x8f,
    0x50, 0x00, 0x05, 0xf7, 0x03, 0xfa, 0x00, 0x00,
    0xbf, 0x20, 0x0d, 0xf0, 0x00, 0x1f, 0xf8, 0x88,
    0xff, 0x50, 0x06, 0xff, 0xff, 0xff, 0xfb, 0x00,
    0xbf, 0x20, 0x00, 0x0d, 0xf1, 0x1f, 0xd0, 0x00,
    0x00, 0x7f, 0x66, 0xf7, 0x00, 0x00, 0x02, 0xfc,

    /* U+00C5 "Å" */
    0x00, 0x00, 0x7d, 0xb1, 0x00, 0x00, 0x00, 0x4e,
    0x2a, 0xa0, 0x00, 0x00, 0x05, 0xd0, 0x8a, 0x00,
    0x00, 0x00, 0x09, 0xec, 0x10, 0x00, 0x00, 0x00,
    0xaf, 0xe0, 0x00, 0x00, 0x00, 0x0f, 0xff, 0x40,
    0x00, 0x00, 0x05, 0xf6, 0xf9, 0x00, 0x00, 0x00,
    0xaf, 0x1c, 0xe0, 0x00, 0x00, 0x0f, 0xc0, 0x8f,
    0x50, 0x00, 0x05, 0xf7, 0x03, 0xfa, 0x00, 0x00,
    0xbf, 0x20, 0x0d, 0xf0, 0x00, 0x1f, 0xf8, 0x88,
    0xff, 0x50, 0x06, 0xff, 0xff, 0xff, 0xfb, 0x00,
    0xbf, 0x20, 0x00, 0x0d, 0xf1, 0x1f, 0xd0, 0x00,
    0x00, 0x7f, 0x66, 0xf7, 0x00, 0x00, 0x02, 0xfc,

    /* U+00C6 "Æ" */
    0x00, 0x00, 0x06, 0xff, 0xff, 0xff, 0xff, 0xf0,
    0x00, 0x00, 0x0d, 0xe6, 0xfc, 0x99, 0x99, 0x90,
    0x00, 0x00, 0x5f, 0x83, 0xf7, 0x00, 0x00, 0x00,
    0x00, 0x00, 0xcf, 0x13, 0xf7, 0x00, 0x00, 0x00,
    0x00, 0x03, 0xfa, 0x03, 0xf7, 0x00, 0x00, 0x00,
    0x00, 0x0a, 0xf3, 0x03, 0xfc, 0x88, 0x88, 0x50,
    0x00, 0x2f, 0xc0, 0x03, 0xff, 0xff, 0xff, 0xa0,
    0x00, 0x9f, 0x71, 0x15, 0xf7, 0x00, 0x00, 0x00,
    0x01, 0xff, 0xff, 0xff, 0xf7, 0x00, 0x00, 0x00,
    0x07, 0xfb, 0x44, 0x48, 0xf7, 0x00, 0x00, 0x00,
    0x0e, 0xf1, 0x00, 0x03, 0xfc, 0x99, 0x99, 0x90,
    0x5f, 0x90, 0x00, 0x03, 0xff, 0xff, 0xff, 0xf1,

    /* U+00C7 "Ç" */
    0x00, 0x04, 0xbe, 0xfd, 0x60, 0x00, 0x07, 0xff,
    0xbb, 0xef, 0xa0, 0x03, 0xfd, 0x20, 0x00, 0xaf,
    0x70, 0xaf, 0x30, 0x00, 0x01, 0xec, 0x0f, 0xd0,
    0x00, 0x00, 0x00, 0x01, 0xfb, 0x00, 0x00, 0x00,
    0x00, 0x1f, 0xb0, 0x00, 0x00, 0x00, 0x00, 0xfd,
    0x00, 0x00, 0x00, 0x00, 0x0a, 0xf3, 0x00, 0x00,
    0x1e, 0xc0, 0x3f, 0xd2, 0x00, 0x0a, 0xf6, 0x00,
    0x7f, 0xfb, 0xbe, 0xfa, 0x00, 0x00, 0x4b, 0xff,
    0xd6, 0x00, 0x00, 0x00, 0x06, 0xb3, 0x00, 0x00,
    0x00, 0x00, 0x16, 0xf0, 0x00, 0x00, 0x00, 0x0b,
    0xea, 0x00, 0x00,

    /* U+00C8 "È" */
    0x00, 0x53, 0x00, 0x00, 0x00, 0xae, 0x00, 0x00,
    0x00, 0x1e, 0x70, 0x00, 0x00, 0x00, 0x00, 0x00,
    0xbf, 0xff, 0xff, 0xfa, 0xbf, 0x99, 0x99, 0x95,
    0xbf, 0x10, 0x00, 0x00, 0xbf, 0x10, 0x00, 0x00,
    0xbf, 0x10, 0x00, 0x00, 0xbf, 0x99, 0x99, 0x91,
    0xbf, 0xff, 0xff, 0xf3, 0xbf, 0x10, 0x00, 0x00,
    0xbf, 0x10, 0x00, 0x00, 0xbf, 0x10, 0x00, 0x00,
    0xbf, 0x99, 0x99, 0x96, 0xbf, 0xff, 0xff, 0xfa,

    /* U+00C9 "É" */
    0x00, 0x00, 0x45, 0x00, 0x00, 0x01, 0xf9, 0x00,
    0x00, 0x07, 0xe0, 0x00, 0x00, 0x00, 0x00, 0x00,
    0xbf, 0xff, 0xff, 0xfa, 0xbf, 0x99, 0x99, 0x95,
    0xbf, 0x10, 0x00, 0x00, 0xbf, 0x10, 0x00, 0x00,
    0xbf, 0x10, 0x00, 0x00, 0xbf, 0x99, 0x99, 0x91,
    0xbf, 0xff, 0xff, 0xf3, 0xbf, 0x10, 0x00, 0x00,
    0xbf, 0x10, 0x00, 0x00, 0xbf, 0x10, 0x00, 0x00,
    0xbf, 0x99, 0x99, 0x96, 0xbf, 0xff, 0xff, 0xfa,

    /* U+00CA "Ê" */
    0x00, 0x07, 0x70, 0x00, 0x00, 0x9e, 0xe8, 0x00,
    0x06, 0xf3, 0x4f, 0x50, 0x00, 0x00, 0x00, 0x00,
    0xbf, 0xff, 0xff, 0xfa, 0xbf, 0x99, 0x99, 0x95,
    0xbf, 0x10, 0x00, 0x00, 0xbf, 0x10, 0x00, 0x00,
    0xbf, 0x10, 0x00, 0x00, 0xbf, 0x99, 0x99, 0x91,
    0xbf, 0xff, 0xff, 0xf3, 0xbf, 0x10, 0x00, 0x00,
    0xbf, 0x10, 0x00, 0x00, 0xbf, 0x10, 0x00, 0x00,
    0xbf, 0x99, 0x99, 0x96, 0xbf, 0xff, 0xff, 0xfa,

    /* U+00CB "Ë" */
    0x00, 0x00, 0x00, 0x00, 0x07, 0xf2, 0x2f, 0x70,
    0x07, 0xe2, 0x2e, 0x70, 0x00, 0x00, 0x00, 0x00,
    0xbf, 0xff, 0xff, 0xfa, 0xbf, 0x99, 0x99, 0x95,
    0xbf, 0x10, 0x00, 0x00, 0xbf, 0x10, 0x00, 0x00,
    0xbf, 0x10, 0x00, 0x00, 0xbf, 0x99, 0x99, 0x91,
    0xbf, 0xff, 0xff, 0xf3, 0xbf, 0x10, 0x00, 0x00,
    0xbf, 0x10, 0x00, 0x00, 0xbf, 0x10, 0x00, 0x00,
    0xbf, 0x99, 0x99, 0x96, 0xbf, 0xff, 0xff, 0xfa,

    /* U+00CC "Ì" */
    0x55, 0x00, 0x6f, 0x20, 0x0c, 0xa0, 0x00, 0x00,
    0x0b, 0xf1, 0x0b, 0xf1, 0x0b, 0xf1, 0x0b, 0xf1,
    0x0b, 0xf1, 0x0b, 0xf1, 0x0b, 0xf1, 0x0b, 0xf1,
    0x0b, 0xf1, 0x0b, 0xf1, 0x0b, 0xf1, 0x0b, 0xf1,

    /* U+00CD "Í" */
    0x03, 0x61, 0x0d, 0xc0, 0x4f, 0x20, 0x00, 0x00,
    0xbf, 0x10, 0xbf, 0x10, 0xbf, 0x10, 0xbf, 0x10,
    0xbf, 0x10, 0xbf, 0x10, 0xbf, 0x10, 0xbf, 0x10,
    0xbf, 0x10, 0xbf, 0x10, 0xbf, 0x10, 0xbf, 0x10,

    /* U+00CE "Î" */
    0x00, 0x67, 0x10, 0x06, 0xfd, 0xb0, 0x3f, 0x62,
    0xf8, 0x00, 0x00, 0x00, 0x00, 0xbf, 0x10, 0x00,
    0xbf, 0x10, 0x00, 0xbf, 0x10, 0x00, 0xbf, 0x10,
    0x00, 0xbf, 0x10, 0x00, 0xbf, 0x10, 0x00, 0xbf,
    0x10, 0x00, 0xbf, 0x10, 0x00, 0xbf, 0x10, 0x00,
    0xbf, 0x10, 0x00, 0xbf, 0x10, 0x00, 0xbf, 0x10,

    /* U+00CF "Ï" */
    0x00, 0x00, 0x00, 0x4f, 0x50, 0xea, 0x4f, 0x40,
    0xda, 0x00, 0x00, 0x00, 0x00, 0xbf, 0x10, 0x00,
    0xbf, 0x10, 0x00, 0xbf, 0x10, 0x00, 0xbf, 0x10,
    0x00, 0xbf, 0x10, 0x00, 0xbf, 0x10, 0x00, 0xbf,
    0x10, 0x00, 0xbf, 0x10, 0x00, 0xbf, 0x10, 0x00,
    0xbf, 0x10, 0x00, 0xbf, 0x10, 0x00, 0xbf, 0x10,

    /* U+00D0 "Ð" */
    0x05, 0xff, 0xff, 0xea, 0x30, 0x00, 0x05, 0xff,
    0x99, 0xbf, 0xf6, 0x00, 0x05, 0xf6, 0x00, 0x02,
    0xdf, 0x30, 0x05, 0xf6, 0x00, 0x00, 0x4f, 0x90,
    0x17, 0xf8, 0x11, 0x00, 0x0e, 0xd0, 0xdf, 0xff,
    0xff, 0x40, 0x0c, 0xf0, 0x3a, 0xfb, 0x44, 0x10,
    0x0c, 0xf0, 0x05, 0xf6, 0x00, 0x00, 0x0e, 0xd0,
    0x05, 0xf6, 0x00, 0x00, 0x4f, 0x90, 0x05, 0xf6,
    0x00, 0x02, 0xdf, 0x20, 0x05, 0xff, 0x99, 0xbf,
    0xf6, 0x00, 0x05, 0xff, 0xff, 0xea, 0x30, 0x00,

    /* U+00D1 "Ñ" */
    0x00, 0x0c, 0xd3, 0xa6, 0x00, 0x00, 0x4d, 0x5e,
    0xf1, 0x00, 0x00, 0x01, 0x00, 0x10, 0x00, 0xbf,
    0xa0, 0x00, 0x00, 0xfd, 0xbf, 0xf4, 0x00, 0x00,
    0xfd, 0xbf, 0xed, 0x00, 0x00, 0xfd, 0xbf, 0x7f,
    0x80, 0x00, 0xfd, 0xbf, 0x1d, 0xf2, 0x00, 0xfd,
    0xbf, 0x14, 0xfc, 0x00, 0xfd, 0xbf, 0x10, 0xaf,
    0x60, 0xfd, 0xbf, 0x10, 0x1f, 0xe1, 0xfd, 0xbf,
    0x10, 0x06, 0xf8, 0xfd, 0xbf, 0x10, 0x00, 0xcf,
    0xfd, 0xbf, 0x10, 0x00, 0x3f, 0xfd, 0xbf, 0x10,
    0x00, 0x09, 0xfd,

    /* U+00D2 "Ò" */
    0x00, 0x00, 0x54, 0x00, 0x00, 0x00, 0x00, 0x00,
    0x7f, 0x20, 0x00, 0x00, 0x00, 0x00, 0x0c, 0x90,
    0x00, 0x00, 0x00, 0x00, 0x00, 0x00, 0x00, 0x00,
    0x00, 0x04, 0xbe, 0xfc, 0x60, 0x00, 0x00, 0x7f,
    0xfb, 0xbe, 0xfb, 0x00, 0x03, 0xfd, 0x20, 0x00,
    0xaf, 0x70, 0x0a, 0xf3, 0x00, 0x00, 0x0e, 0xe0,
    0x0f, 0xd0, 0x00, 0x00, 0x09, 0xf3, 0x1f, 0xb0,
    0x00, 0x00, 0x06, 0xf5, 0x1f, 0xb0, 0x00, 0x00,
    0x06, 0xf5, 0x0f, 0xd0, 0x00, 0x00, 0x09, 0xf3,
    0x0a, 0xf3, 0x00, 0x00, 0x0e, 0xe0, 0x03, 0xfd,
    0x20, 0x00, 0xaf, 0x80, 0x00, 0x7f, 0xfb, 0xbe,
    0xfb, 0x00, 0x00, 0x04, 0xbe, 0xfc, 0x60, 0x00,

    /* U+00D3 "Ó" */
    0x00, 0x00, 0x00, 0x36, 0x10, 0x00, 0x00, 0x00,
    0x00, 0xdb, 0x00, 0x00, 0x00, 0x00, 0x05, 0xf2,
    0x00, 0x00, 0x00, 0x00, 0x00, 0x00, 0x00, 0x00,
    0x00, 0x04, 0xbe, 0xfc, 0x60, 0x00, 0x00, 0x7f,
    0xfb, 0xbe, 0xfb, 0x00, 0x03, 0xfd, 0x20, 0x00,
    0xaf, 0x70, 0x0a, 0xf3, 0x00, 0x00, 0x0e, 0xe0,
    0x0f, 0xd0, 0x00, 0x00, 0x09, 0xf3, 0x1f, 0xb0,
    0x00, 0x00, 0x06, 0xf5, 0x1f, 0xb0, 0x00, 0x00,
    0x06, 0xf5, 0x0f, 0xd0, 0x00, 0x00, 0x09, 0xf3,
    0x0a, 0xf3, 0x00, 0x00, 0x0e, 0xe0, 0x03, 0xfd,
    0x20, 0x00, 0xaf, 0x80, 0x00, 0x7f, 0xfb, 0xbe,
    0xfb, 0x00, 0x00, 0x04, 0xbe, 0xfc, 0x60, 0x00,

    /* U+00D4 "Ô" */
    0x00, 0x00, 0x06, 0x71, 0x00, 0x00, 0x00, 0x00,
    0x9d, 0xac, 0x10, 0x00, 0x00, 0x03, 0x81, 0x07,
    0x50, 0x00, 0x00, 0x00, 0x00, 0x00, 0x00, 0x00,
    0x00, 0x04, 0xbe, 0xfc, 0x60, 0x00, 0x00, 0x7f,
    0xfb, 0xbe, 0xfb, 0x00, 0x03, 0xfd, 0x20, 0x00,
    0xaf, 0x70, 0x0a, 0xf3, 0x00, 0x00, 0x0e, 0xe0,
    0x0f, 0xd0, 0x00, 0x00, 0x09, 0xf3, 0x1f, 0xb0,
    0x00, 0x00, 0x06, 0xf5, 0x1f, 0xb0, 0x00, 0x00,
    0x06, 0xf5, 0x0f, 0xd0, 0x00, 0x00, 0x09, 0xf3,
    0x0a, 0xf3, 0x00, 0x00, 0x0e, 0xe0, 0x03, 0xfd,
    0x20, 0x00, 0xaf, 0x80, 0x00, 0x7f, 0xfb, 0xbe,
    0xfb, 0x00, 0x00, 0x04, 0xbe, 0xfc, 0x60, 0x00,

    /* U+00D5 "Õ" */
    0x00, 0x01, 0xdf, 0xff, 0x50, 0x00, 0x00, 0x00,
    0x22, 0x21, 0x00, 0x00, 0x00, 0x00, 0x00, 0x00,
    0x00, 0x00, 0x00, 0x04, 0xbe, 0xfc, 0x60, 0x00,
    0x00, 0x7f, 0xfb, 0xbe, 0xfb, 0x00, 0x03, 0xfd,
    0x20, 0x00, 0xaf, 0x70, 0x0a, 0xf3, 0x00, 0x00,
    0x0e, 0xe0, 0x0f, 0xd0, 0x00, 0x00, 0x09, 0xf3,
    0x1f, 0xb0, 0x00, 0x00, 0x06, 0xf5, 0x1f, 0xb0,
    0x00, 0x00, 0x06, 0xf5, 0x0f, 0xd0, 0x00, 0x00,
    0x09, 0xf3, 0x0a, 0xf3, 0x00, 0x00, 0x0e, 0xe0,
    0x03, 0xfd, 0x20, 0x00, 0xaf, 0x80, 0x00, 0x7f,
    0xfb, 0xbe, 0xfb, 0x00, 0x00, 0x04, 0xbe, 0xfc,
    0x60, 0x00,

    /* U+00D6 "Ö" */
    0x00, 0x00, 0x00, 0x00, 0x00, 0x00, 0x00, 0x05,
    0xf4, 0x1e, 0x90, 0x00, 0x00, 0x05, 0xf4, 0x1e,
    0x90, 0x00, 0x00, 0x00, 0x00, 0x00, 0x00, 0x00,
    0x00, 0x04, 0xbe, 0xfc, 0x60, 0x00, 0x00, 0x7f,
    0xfb, 0xbe, 0xfb, 0x00, 0x03, 0xfd, 0x20, 0x00,
    0xaf, 0x70, 0x0a, 0xf3, 0x00, 0x00, 0x0e, 0xe0,
    0x0f, 0xd0, 0x00, 0x00, 0x09, 0xf3, 0x1f, 0xb0,
    0x00, 0x00, 0x06, 0xf5, 0x1f, 0xb0, 0x00, 0x00,
    0x06, 0xf5, 0x0f, 0xd0, 0x00, 0x00, 0x09, 0xf3,
    0x0a, 0xf3, 0x00, 0x00, 0x0e, 0xe0, 0x03, 0xfd,
    0x20, 0x00, 0xaf, 0x80, 0x00, 0x7f, 0xfb, 0xbe,
    0xfb, 0x00, 0x00, 0x04, 0xbe, 0xfc, 0x60, 0x00,

    /* U+00D7 "×" */
    0x04, 0x00, 0x00, 0x13, 0x03, 0xfa, 0x00, 0x1d,
    0xe0, 0x08, 0xfa, 0x1d, 0xf4, 0x00, 0x08, 0xff,
    0xf4, 0x00, 0x00, 0x1f, 0xfe, 0x00, 0x00, 0x1c,
    0xfe, 0xf9, 0x00, 0x0c, 0xf5, 0x09, 0xf9, 0x02,
    0xe5, 0x00, 0x09, 0xc0, 0x00, 0x00, 0x00, 0x00,
    0x00,

    /* U+00D8 "Ø" */
    0x00, 0x00, 0x00, 0x00, 0x01, 0x00, 0x00, 0x04,
    0xbe, 0xfc, 0x6c, 0x80, 0x00, 0x7f, 0xfb, 0xbe,
    0xff, 0x20, 0x03, 0xfd, 0x20, 0x04, 0xff, 0x70,
    0x0a, 0xf3, 0x00, 0x0d, 0xbe, 0xe0, 0x0f, 0xd0,
    0x00, 0x9e, 0x19, 0xf3, 0x1f, 0xb0, 0x04, 0xf4,
    0x06, 0xf5, 0x1f, 0xb0, 0x1e, 0x90, 0x06, 0xf5,
    0x0f, 0xd0, 0xbd, 0x00, 0x09, 0xf3, 0x0a, 0xf9,
    0xf3, 0x00, 0x0e, 0xe0, 0x03, 0xff, 0x90, 0x00,
    0xaf, 0x80, 0x00, 0xff, 0xfb, 0xbe, 0xfb, 0x00,
    0x03, 0xe6, 0xbe, 0xfc, 0x60, 0x00, 0x00, 0x00,
    0x00, 0x00, 0x00, 0x00,

    /* U+00D9 "Ù" */
    0x00, 0x06, 0x30, 0x00, 0x00, 0x00, 0x0a, 0xe0,
    0x00, 0x00, 0x00, 0x01, 0xe6, 0x00, 0x00, 0x00,
    0x00, 0x00, 0x00, 0x00, 0xbf, 0x10, 0x00, 0x03,
    0xf9, 0xbf, 0x10, 0x00, 0x03, 0xf9, 0xbf, 0x10,
    0x00, 0x03, 0xf9, 0xbf, 0x10, 0x00, 0x03, 0xf9,
    0xbf, 0x10, 0x00, 0x03, 0xf9, 0xbf, 0x10, 0x00,
    0x03, 0xf9, 0xbf, 0x10, 0x00, 0x03, 0xf9, 0xbf,
    0x10, 0x00, 0x03, 0xf8, 0x9f, 0x30, 0x00, 0x06,
    0xf7, 0x5f, 0xc0, 0x00, 0x1d, 0xf2, 0x0a, 0xfe,
    0xbb, 0xff, 0x80, 0x00, 0x6c, 0xff, 0xc5, 0x00,

    /* U+00DA "Ú" */
    0x00, 0x00, 0x04, 0x50, 0x00, 0x00, 0x00, 0x1f,
    0x80, 0x00, 0x00, 0x00, 0x8d, 0x00, 0x00, 0x00,
    0x00, 0x00, 0x00, 0x00, 0xbf, 0x10, 0x00, 0x03,
    0xf9, 0xbf, 0x10, 0x00, 0x03, 0xf9, 0xbf, 0x10,
    0x00, 0x03, 0xf9, 0xbf, 0x10, 0x00, 0x03, 0xf9,
    0xbf, 0x10, 0x00, 0x03, 0xf9, 0xbf, 0x10, 0x00,
    0x03, 0xf9, 0xbf, 0x10, 0x00, 0x03, 0xf9, 0xbf,
    0x10, 0x00, 0x03, 0xf8, 0x9f, 0x30, 0x00, 0x06,
    0xf7, 0x5f, 0xc0, 0x00, 0x1d, 0xf2, 0x0a, 0xfe,
    0xbb, 0xff, 0x80, 0x00, 0x6c, 0xff, 0xc5, 0x00,

    /* U+00DB "Û" */
    0x00, 0x00, 0x77, 0x00, 0x00, 0x00, 0x0c, 0xbd,
    0xa0, 0x00, 0x00, 0x47, 0x01, 0x73, 0x00, 0x00,
    0x00, 0x00, 0x00, 0x00, 0xbf, 0x10, 0x00, 0x03,
    0xf9, 0xbf, 0x10, 0x00, 0x03, 0xf9, 0xbf, 0x10,
    0x00, 0x03, 0xf9, 0xbf, 0x10, 0x00, 0x03, 0xf9,
    0xbf, 0x10, 0x00, 0x03, 0xf9, 0xbf, 0x10, 0x00,
    0x03, 0xf9, 0xbf, 0x10, 0x00, 0x03, 0xf9, 0xbf,
    0x10, 0x00, 0x03, 0xf8, 0x9f, 0x30, 0x00, 0x06,
    0xf7, 0x5f, 0xc0, 0x00, 0x1d, 0xf2, 0x0a, 0xfe,
    0xbb, 0xff, 0x80, 0x00, 0x6c, 0xff, 0xc5, 0x00,

    /* U+00DC "Ü" */
    0x00, 0x00, 0x00, 0x00, 0x00, 0x00, 0x8e, 0x13,
    0xf6, 0x00, 0x00, 0x8e, 0x13, 0xf6, 0x00, 0x00,
    0x00, 0x00, 0x00, 0x00, 0xbf, 0x10, 0x00, 0x03,
    0xf9, 0xbf, 0x10, 0x00, 0x03, 0xf9, 0xbf, 0x10,
    0x00, 0x03, 0xf9, 0xbf, 0x10, 0x00, 0x03, 0xf9,
    0xbf, 0x10, 0x00, 0x03, 0xf9, 0xbf, 0x10, 0x00,
    0x03, 0xf9, 0xbf, 0x10, 0x00, 0x03, 0xf9, 0xbf,
    0x10, 0x00, 0x03, 0xf8, 0x9f, 0x30, 0x00, 0x06,
    0xf7, 0x5f, 0xc0, 0x00, 0x1d, 0xf2, 0x0a, 0xfe,
    0xbb, 0xff, 0x80, 0x00, 0x6c, 0xff, 0xc5, 0x00,

    /* U+00DD "Ý" */
    0x00, 0x00, 0x00, 0x63, 0x00, 0x00, 0x00, 0x00,
    0x7f, 0x30, 0x00, 0x00, 0x00, 0x0e, 0x80, 0x00,
    0x00, 0x00, 0x00, 0x00, 0x00, 0x00, 0x4f, 0xc0,
    0x00, 0x00, 0x9f, 0x70, 0xbf, 0x50, 0x00, 0x2f,
    0xd0, 0x02, 0xfe, 0x00, 0x0b, 0xf4, 0x00, 0x08,
    0xf7, 0x04, 0xfa, 0x00, 0x00, 0x0e, 0xf1, 0xdf,
    0x10, 0x00, 0x00, 0x5f, 0xdf, 0x70, 0x00, 0x00,
    0x00, 0xbf, 0xd0, 0x00, 0x00, 0x00, 0x05, 0xf7,
    0x00, 0x00, 0x00, 0x00, 0x5f, 0x70, 0x00, 0x00,
    0x00, 0x05, 0xf7, 0x00, 0x00, 0x00, 0x00, 0x5f,
    0x70, 0x00, 0x00, 0x00, 0x05, 0xf7, 0x00, 0x00,

    /* U+00DE "Þ" */
    0xcf, 0x00, 0x00, 0x00, 0x0c, 0xf0, 0x00, 0x00,
    0x00, 0xcf, 0x88, 0x74, 0x00, 0x0c, 0xff, 0xff,
    0xfd, 0x10, 0xcf, 0x00, 0x06, 0xfb, 0x0c, 0xf0,
    0x00, 0x0b, 0xf0, 0xcf, 0x00, 0x00, 0xbf, 0x0c,
    0xf0, 0x01, 0x5f, 0xb0, 0xcf, 0xff, 0xff, 0xd1,
    0x0c, 0xf8, 0x87, 0x40, 0x00, 0xcf, 0x00, 0x00,
    0x00, 0x0c, 0xf0, 0x00, 0x00, 0x00,

    /* U+00DF "ß" */
    0x04, 0xcf, 0xfb, 0x30, 0x03, 0xff, 0x9a, 0xff,
    0x20, 0x9f, 0x40, 0x06, 0xf7, 0x0b, 0xf0, 0x00,
    0x4f, 0x70, 0xbf, 0x00, 0x1b, 0xe1, 0x0b, 0xf0,
    0x9f, 0xf4, 0x00, 0xbf, 0x04, 0x8d, 0xf7, 0x0b,
    0xf0, 0x00, 0x0c, 0xf1, 0xbf, 0x00, 0x00, 0x8f,
    0x3b, 0xf0, 0x00, 0x0b, 0xf2, 0xbf, 0x05, 0x8c,
    0xfb, 0x0b, 0xf0, 0x9f, 0xe9, 0x00,

    /* U+00E0 "à" */
    0x00, 0x36, 0x00, 0x00, 0x00, 0x2f, 0x60, 0x00,
    0x00, 0x08, 0xe0, 0x00, 0x00, 0x00, 0x00, 0x00,
    0x00, 0x8d, 0xfd, 0x70, 0x0b, 0xfa, 0x7b, 0xf8,
    0x05, 0x60, 0x00, 0xed, 0x00, 0x02, 0x47, 0xfe,
    0x06, 0xef, 0xfc, 0xef, 0x2f, 0xc2, 0x00, 0xcf,
    0x4f, 0x60, 0x01, 0xff, 0x1f, 0xe7, 0x7d, 0xef,
    0x04, 0xdf, 0xd5, 0xbf,

    /* U+00E1 "á" */
    0x00, 0x00, 0x16, 0x20, 0x00, 0x00, 0x9e, 0x10,
    0x00, 0x01, 0xf6, 0x00, 0x00, 0x00, 0x00, 0x00,
    0x00, 0x8d, 0xfd, 0x70, 0x0b, 0xfa, 0x7b, 0xf8,
    0x05, 0x60, 0x00, 0xed, 0x00, 0x02, 0x47, 0xfe,
    0x06, 0xef, 0xfc, 0xef, 0x2f, 0xc2, 0x00, 0xcf,
    0x4f, 0x60, 0x01, 0xff, 0x1f, 0xe7, 0x7d, 0xef,
    0x04, 0xdf, 0xd5, 0xbf,

    /* U+00E2 "â" */
    0x00, 0x04, 0x83, 0x00, 0x00, 0x5f, 0x8f, 0x30,
    0x00, 0x74, 0x05, 0x70, 0x00, 0x00, 0x00, 0x00,
    0x00, 0x8d, 0xfd, 0x70, 0x0b, 0xfa, 0x7b, 0xf8,
    0x05, 0x60, 0x00, 0xed, 0x00, 0x02, 0x47, 0xfe,
    0x06, 0xef, 0xfc, 0xef, 0x2f, 0xc2, 0x00, 0xcf,
    0x4f, 0x60, 0x01, 0xff, 0x1f, 0xe7, 0x7d, 0xef,
    0x04, 0xdf, 0xd5, 0xbf,

    /* U+00E3 "ã" */
    0x00, 0xaf, 0xff, 0xa0, 0x00, 0x12, 0x21, 0x00,
    0x00, 0x00, 0x00, 0x00, 0x00, 0x8d, 0xfd, 0x70,
    0x0b, 0xfa, 0x7b, 0xf8, 0x05, 0x60, 0x00, 0xed,
    0x00, 0x02, 0x47, 0xfe, 0x06, 0xef, 0xfc, 0xef,
    0x2f, 0xc2, 0x00, 0xcf, 0x4f, 0x60, 0x01, 0xff,
    0x1f, 0xe7, 0x7d, 0xef, 0x04, 0xdf, 0xd5, 0xbf,

    /* U+00E4 "ä" */
    0x01, 0xe8, 0x0a, 0xd0, 0x01, 0xe9, 0x0a, 0xe0,
    0x00, 0x00, 0x00, 0x00, 0x00, 0x8d, 0xfd, 0x70,
    0x0b, 0xfa, 0x7b, 0xf8, 0x05, 0x60, 0x00, 0xed,
    0x00, 0x02, 0x47, 0xfe, 0x06, 0xef, 0xfc, 0xef,
    0x2f, 0xc2, 0x00, 0xcf, 0x4f, 0x60, 0x01, 0xff,
    0x1f, 0xe7, 0x7d, 0xef, 0x04, 0xdf, 0xd5, 0xbf,

    /* U+00E5 "å" */
    0x00, 0x0a, 0xe9, 0x00, 0x00, 0x8b, 0x2c, 0x60,
    0x00, 0x9a, 0x0b, 0x70, 0x00, 0x1d, 0xfc, 0x00,
    0x00, 0x00, 0x10, 0x00, 0x00, 0x8d, 0xfd, 0x70,
    0x0b, 0xfa, 0x7b, 0xf8, 0x05, 0x60, 0x00, 0xed,
    0x00, 0x02, 0x47, 0xfe, 0x06, 0xef, 0xfc, 0xef,
    0x2f, 0xc2, 0x00, 0xcf, 0x4f, 0x60, 0x01, 0xff,
    0x1f, 0xe7, 0x7d, 0xef, 0x04, 0xdf, 0xd5, 0xbf,

    /* U+00E6 "æ" */
    0x00, 0x8d, 0xfd, 0x61, 0x9f, 0xfb, 0x20, 0x0a,
    0xfb, 0x8b, 0xff, 0xe8, 0x8e, 0xe1, 0x06, 0x80,
    0x00, 0xff, 0x30, 0x03, 0xf9, 0x00, 0x00, 0x01,
    0xff, 0x11, 0x11, 0xed, 0x03, 0xbf, 0xff, 0xff,
    0xff, 0xff, 0xfe, 0x2f, 0xd6, 0x44, 0xff, 0x44,
    0x44, 0x43, 0x5f, 0x60, 0x02, 0xff, 0x30, 0x00,
    0x84, 0x1f, 0xe8, 0x8e, 0xef, 0xf9, 0x8d, 0xf6,
    0x04, 0xdf, 0xe9, 0x11, 0xaf, 0xfd, 0x50,

    /* U+00E7 "ç" */
    0x00, 0x4c, 0xfe, 0xa1, 0x00, 0x4f, 0xe8, 0x9f,
    0xd0, 0x0d, 0xf1, 0x00, 0x6d, 0x32, 0xfa, 0x00,
    0x00, 0x00, 0x3f, 0x80, 0x00, 0x00, 0x02, 0xfa,
    0x00, 0x00, 0x00, 0x0d, 0xe1, 0x00, 0x6e, 0x40,
    0x4f, 0xe8, 0x9f, 0xd0, 0x00, 0x4c, 0xff, 0xa1,
    0x00, 0x00, 0x0b, 0x92, 0x00, 0x00, 0x00, 0x29,
    0xa0, 0x00, 0x00, 0x1e, 0xe6, 0x00,

    /* U+00E8 "è" */
    0x00, 0x16, 0x20, 0x00, 0x00, 0x00, 0xdb, 0x00,
    0x00, 0x00, 0x03, 0xf3, 0x00, 0x00, 0x00, 0x00,
    0x00, 0x00, 0x00, 0x4c, 0xfe, 0x90, 0x00, 0x4f,
    0xd7, 0x9f, 0xc0, 0x0d, 0xd1, 0x00, 0x7f, 0x52,
    0xf9, 0x11, 0x13, 0xf9, 0x3f, 0xff, 0xff, 0xff,
    0xa2, 0xfc, 0x44, 0x44, 0x42, 0x0d, 0xe0, 0x00,
    0x26, 0x20, 0x4f, 0xd8, 0x8e, 0xf2, 0x00, 0x4c,
    0xff, 0xb3, 0x00,

    /* U+00E9 "é" */
    0x00, 0x00, 0x05, 0x40, 0x00, 0x00, 0x04, 0xf5,
    0x00, 0x00, 0x00, 0xba, 0x00, 0x00, 0x00, 0x00,
    0x00, 0x00, 0x00, 0x4c, 0xfe, 0x90, 0x00, 0x4f,
    0xd7, 0x9f, 0xc0, 0x0d, 0xd1, 0x00, 0x7f, 0x52,
    0xf9, 0x11, 0x13, 0xf9, 0x3f, 0xff, 0xff, 0xff,
    0xa2, 0xfc, 0x44, 0x44, 0x42, 0x0d, 0xe0, 0x00,
    0x26, 0x20, 0x4f, 0xd8, 0x8e, 0xf2, 0x00, 0x4c,
    0xff, 0xb3, 0x00,

    /* U+00EA "ê" */
    0x00, 0x02, 0x85, 0x00, 0x00, 0x02, 0xe9, 0xe7,
    0x00, 0x00, 0x66, 0x03, 0x71, 0x00, 0x00, 0x00,
    0x00, 0x00, 0x00, 0x4c, 0xfe, 0x90, 0x00, 0x4f,
    0xd7, 0x9f, 0xc0, 0x0d, 0xd1, 0x00, 0x7f, 0x52,
    0xf9, 0x11, 0x13, 0xf9, 0x3f, 0xff, 0xff, 0xff,
    0xa2, 0xfc, 0x44, 0x44, 0x42, 0x0d, 0xe0, 0x00,
    0x26, 0x20, 0x4f, 0xd8, 0x8e, 0xf2, 0x00, 0x4c,
    0xff, 0xb3, 0x00,

    /* U+00EB "ë" */
    0x00, 0xbd, 0x05, 0xf3, 0x00, 0x0b, 0xd0, 0x6f,
    0x30, 0x00, 0x00, 0x00, 0x00, 0x00, 0x04, 0xcf,
    0xe9, 0x00, 0x04, 0xfd, 0x79, 0xfc, 0x00, 0xdd,
    0x10, 0x07, 0xf5, 0x2f, 0x91, 0x11, 0x3f, 0x93,
    0xff, 0xff, 0xff, 0xfa, 0x2f, 0xc4, 0x44, 0x44,
    0x20, 0xde, 0x00, 0x02, 0x62, 0x04, 0xfd, 0x88,
    0xef, 0x20, 0x04, 0xcf, 0xfb, 0x30,

    /* U+00EC "ì" */
    0x05, 0x40, 0x09, 0xf1, 0x00, 0xe7, 0x00, 0x00,
    0x00, 0xde, 0x00, 0xde, 0x00, 0xde, 0x00, 0xde,
    0x00, 0xde, 0x00, 0xde, 0x00, 0xde, 0x00, 0xde,
    0x00, 0xde,

    /* U+00ED "í" */
    0x03, 0x50, 0x0e, 0x90, 0x7e, 0x10, 0x00, 0x00,
    0xde, 0x00, 0xde, 0x00, 0xde, 0x00, 0xde, 0x00,
    0xde, 0x00, 0xde, 0x00, 0xde, 0x00, 0xde, 0x00,
    0xde, 0x00,

    /* U+00EE "î" */
    0x00, 0x77, 0x00, 0x08, 0xee, 0x80, 0x5f, 0x43,
    0xf5, 0x00, 0x00, 0x00, 0x00, 0xde, 0x00, 0x00,
    0xde, 0x00, 0x00, 0xde, 0x00, 0x00, 0xde, 0x00,
    0x00, 0xde, 0x00, 0x00, 0xde, 0x00, 0x00, 0xde,
    0x00, 0x00, 0xde, 0x00, 0x00, 0xde, 0x00,

    /* U+00EF "ï" */
    0x6e, 0x22, 0xe7, 0x7f, 0x32, 0xf7, 0x00, 0x00,
    0x00, 0x00, 0xde, 0x00, 0x00, 0xde, 0x00, 0x00,
    0xde, 0x00, 0x00, 0xde, 0x00, 0x00, 0xde, 0x00,
    0x00, 0xde, 0x00, 0x00, 0xde, 0x00, 0x00, 0xde,
    0x00, 0x00, 0xde, 0x00,

    /* U+00F0 "ð" */
    0x00, 0x00, 0x00, 0x00, 0x00, 0x06, 0xf7, 0x18,
    0x50, 0x00, 0x08, 0xff, 0x91, 0x00, 0x06, 0xec,
    0xfb, 0x00, 0x00, 0x21, 0x04, 0xf7, 0x00, 0x08,
    0xef, 0xbb, 0xf0, 0x08, 0xfa, 0x46, 0xdf, 0x50,
    0xfc, 0x00, 0x05, 0xf8, 0x3f, 0x80, 0x00, 0x1f,
    0xa3, 0xf8, 0x00, 0x00, 0xf8, 0x0f, 0xd0, 0x00,
    0x7f, 0x40, 0x7f, 0xc7, 0x9f, 0xc0, 0x00, 0x6d,
    0xfe, 0x90, 0x00,

    /* U+00F1 "ñ" */
    0x05, 0xff, 0xfe, 0x10, 0x01, 0x12, 0x10, 0x00,
    0x00, 0x00, 0x00, 0x00, 0xdc, 0x3c, 0xfd, 0x40,
    0xde, 0xd7, 0x8f, 0xf1, 0xdf, 0x20, 0x07, 0xf5,
    0xde, 0x00, 0x04, 0xf7, 0xde, 0x00, 0x04, 0xf7,
    0xde, 0x00, 0x04, 0xf7, 0xde, 0x00, 0x04, 0xf7,
    0xde, 0x00, 0x04, 0xf7, 0xde, 0x00, 0x04, 0xf7,

    /* U+00F2 "ò" */
    0x00, 0x16, 0x30, 0x00, 0x00, 0x00, 0xcd, 0x00,
    0x00, 0x00, 0x02, 0xf4, 0x00, 0x00, 0x00, 0x00,
    0x00, 0x00, 0x00, 0x4c, 0xfe, 0xa1, 0x00, 0x4f,
    0xe8, 0x9f, 0xe1, 0x0d, 0xf1, 0x00, 0x5f, 0x82,
    0xfa, 0x00, 0x00, 0xfc, 0x3f, 0x80, 0x00, 0x0d,
    0xe2, 0xfa, 0x00, 0x00, 0xfd, 0x0d, 0xe1, 0x00,
    0x5f, 0x80, 0x4f, 0xe8, 0x9f, 0xe1, 0x00, 0x4c,
    0xfe, 0xa1, 0x00,

    /* U+00F3 "ó" */
    0x00, 0x00, 0x05, 0x50, 0x00, 0x00, 0x02, 0xf6,
    0x00, 0x00, 0x00, 0xac, 0x00, 0x00, 0x00, 0x00,
    0x00, 0x00, 0x00, 0x4c, 0xfe, 0xa1, 0x00, 0x4f,
    0xe8, 0x9f, 0xe1, 0x0d, 0xf1, 0x00, 0x5f, 0x82,
    0xfa, 0x00, 0x00, 0xfc, 0x3f, 0x80, 0x00, 0x0d,
    0xe2, 0xfa, 0x00, 0x00, 0xfd, 0x0d, 0xe1, 0x00,
    0x5f, 0x80, 0x4f, 0xe8, 0x9f, 0xe1, 0x00, 0x4c,
    0xfe, 0xa1, 0x00,

    /* U+00F4 "ô" */
    0x00, 0x01, 0x76, 0x00, 0x00, 0x01, 0xda, 0xd9,
    0x00, 0x00, 0x57, 0x02, 0x82, 0x00, 0x00, 0x00,
    0x00, 0x00, 0x00, 0x4c, 0xfe, 0xa1, 0x00, 0x4f,
    0xe8, 0x9f, 0xe1, 0x0d, 0xf1, 0x00, 0x5f, 0x82,
    0xfa, 0x00, 0x00, 0xfc, 0x3f, 0x80, 0x00, 0x0d,
    0xe2, 0xfa, 0x00, 0x00, 0xfd, 0x0d, 0xe1, 0x00,
    0x5f, 0x80, 0x4f, 0xe8, 0x9f, 0xe1, 0x00, 0x4c,
    0xfe, 0xa1, 0x00,

    /* U+00F5 "õ" */
    0x00, 0x5f, 0xff, 0xe1, 0x00, 0x01, 0x12, 0x10,
    0x00, 0x00, 0x00, 0x00, 0x00, 0x00, 0x04, 0xcf,
    0xea, 0x10, 0x04, 0xfe, 0x89, 0xfe, 0x10, 0xdf,
    0x10, 0x05, 0xf8, 0x2f, 0xa0, 0x00, 0x0f, 0xc3,
    0xf8, 0x00, 0x00, 0xde, 0x2f, 0xa0, 0x00, 0x0f,
    0xd0, 0xde, 0x10, 0x05, 0xf8, 0x04, 0xfe, 0x89,
    0xfe, 0x10, 0x04, 0xcf, 0xea, 0x10,

    /* U+00F6 "ö" */
    0x00, 0x9d, 0x04, 0xf4, 0x00, 0x0a, 0xe0, 0x4f,
    0x50, 0x00, 0x00, 0x00, 0x00, 0x00, 0x04, 0xcf,
    0xea, 0x10, 0x04, 0xfe, 0x89, 0xfe, 0x10, 0xdf,
    0x10, 0x05, 0xf8, 0x2f, 0xa0, 0x00, 0x0f, 0xc3,
    0xf8, 0x00, 0x00, 0xde, 0x2f, 0xa0, 0x00, 0x0f,
    0xd0, 0xde, 0x10, 0x05, 0xf8, 0x04, 0xfe, 0x89,
    0xfe, 0x10, 0x04, 0xcf, 0xea, 0x10,

    /* U+00F7 "÷" */
    0x00, 0x08, 0xe3, 0x00, 0x00, 0x00, 0xbf, 0x50,
    0x00, 0x00, 0x01, 0x30, 0x00, 0x03, 0x88, 0x88,
    0x88, 0x80, 0x6f, 0xff, 0xff, 0xff, 0x10, 0x00,
    0x00, 0x00, 0x00, 0x00, 0x08, 0xe3, 0x00, 0x00,
    0x00, 0xbf, 0x50, 0x00, 0x00, 0x01, 0x30, 0x00,
    0x00,

    /* U+00F8 "ø" */
    0x00, 0x00, 0x00, 0x00, 0x00, 0x00, 0x4c, 0xfe,
    0xa8, 0xc0, 0x04, 0xfe, 0x89, 0xff, 0x40, 0x0d,
    0xf1, 0x03, 0xff, 0x80, 0x2f, 0xa0, 0x1e, 0x7f,
    0xc0, 0x3f, 0x80, 0xc9, 0x0d, 0xe0, 0x2f, 0xaa,
    0xb0, 0x0f, 0xd0, 0x0d, 0xff, 0x10, 0x5f, 0x80,
    0x0b, 0xff, 0x89, 0xfe, 0x10, 0x1f, 0x8c, 0xfe,
    0xa1, 0x00, 0x02, 0x00, 0x00, 0x00, 0x00,

    /* U+00F9 "ù" */
    0x01, 0x62, 0x00, 0x00, 0x00, 0xcc, 0x00, 0x00,
    0x00, 0x2f, 0x40, 0x00, 0x00, 0x00, 0x00, 0x00,
    0xde, 0x00, 0x04, 0xf7, 0xde, 0x00, 0x04, 0xf7,
    0xde, 0x00, 0x04, 0xf7, 0xde, 0x00, 0x04, 0xf7,
    0xde, 0x00, 0x04, 0xf7, 0xde, 0x00, 0x04, 0xf7,
    0xcf, 0x20, 0x0a, 0xf7, 0x6f, 0xe9, 0xbc, 0xf7,
    0x08, 0xef, 0xa3, 0xf7,

    /* U+00FA "ú" */
    0x00, 0x00, 0x55, 0x00, 0x00, 0x03, 0xf6, 0x00,
    0x00, 0x0a, 0xc0, 0x00, 0x00, 0x00, 0x00, 0x00,
    0xde, 0x00, 0x04, 0xf7, 0xde, 0x00, 0x04, 0xf7,
    0xde, 0x00, 0x04, 0xf7, 0xde, 0x00, 0x04, 0xf7,
    0xde, 0x00, 0x04, 0xf7, 0xde, 0x00, 0x04, 0xf7,
    0xcf, 0x20, 0x0a, 0xf7, 0x6f, 0xe9, 0xbc, 0xf7,
    0x08, 0xef, 0xa3, 0xf7,

    /* U+00FB "û" */
    0x00, 0x17, 0x60, 0x00, 0x01, 0xda, 0xe8, 0x00,
    0x05, 0x70, 0x28, 0x20, 0x00, 0x00, 0x00, 0x00,
    0xde, 0x00, 0x04, 0xf7, 0xde, 0x00, 0x04, 0xf7,
    0xde, 0x00, 0x04, 0xf7, 0xde, 0x00, 0x04, 0xf7,
    0xde, 0x00, 0x04, 0xf7, 0xde, 0x00, 0x04, 0xf7,
    0xcf, 0x20, 0x0a, 0xf7, 0x6f, 0xe9, 0xbc, 0xf7,
    0x08, 0xef, 0xa3, 0xf7,

    /* U+00FC "ü" */
    0x09, 0xd0, 0x4f, 0x40, 0x0a, 0xe0, 0x5f, 0x40,
    0x00, 0x00, 0x00, 0x00, 0xde, 0x00, 0x04, 0xf7,
    0xde, 0x00, 0x04, 0xf7, 0xde, 0x00, 0x04, 0xf7,
    0xde, 0x00, 0x04, 0xf7, 0xde, 0x00, 0x04, 0xf7,
    0xde, 0x00, 0x04, 0xf7, 0xcf, 0x20, 0x0a, 0xf7,
    0x6f, 0xe9, 0xbc, 0xf7, 0x08, 0xef, 0xa3, 0xf7,

    /* U+00FD "ý" */
    0x00, 0x00, 0x3f, 0x70, 0x00, 0x00, 0x0a, 0xc0,
    0x00, 0x00, 0x00, 0x52, 0x00, 0x00, 0x00, 0x00,
    0x00, 0x00, 0x7f, 0x60, 0x00, 0x2f, 0xa1, 0xfb,
    0x00, 0x08, 0xf4, 0x0b, 0xf1, 0x00, 0xee, 0x00,
    0x4f, 0x70, 0x3f, 0x70, 0x00, 0xec, 0x09, 0xf1,
    0x00, 0x08, 0xf1, 0xeb, 0x00, 0x00, 0x2f, 0x9f,
    0x50, 0x00, 0x00, 0xcf, 0xe0, 0x00, 0x00, 0x06,
    0xf9, 0x00, 0x00, 0x00, 0x8f, 0x30, 0x00, 0x05,
    0x8f, 0xb0, 0x00, 0x00, 0xcf, 0xa1, 0x00, 0x00,

    /* U+00FE "þ" */
    0xde, 0x00, 0x00, 0x00, 0x0d, 0xe0, 0x00, 0x00,
    0x00, 0xde, 0x00, 0x00, 0x00, 0x0d, 0xe3, 0xdf,
    0xd5, 0x00, 0xde, 0xe9, 0x8e, 0xf4, 0x0d, 0xf5,
    0x00, 0x2f, 0xc0, 0xdf, 0x00, 0x00, 0xbf, 0x0d,
    0xd0, 0x00, 0x0a, 0xf1, 0xdf, 0x00, 0x00, 0xbf,
    0x0d, 0xf5, 0x00, 0x2f, 0xc0, 0xde, 0xe9, 0x8e,
    0xf4, 0x0d, 0xe3, 0xdf, 0xd5, 0x00, 0xde, 0x00,
    0x00, 0x00, 0x0d, 0xe0, 0x00, 0x00, 0x00, 0xde,
    0x00, 0x00, 0x00, 0x00,

    /* U+00FF "ÿ" */
    0x00, 0xdb, 0x07, 0xe2, 0x00, 0x0d, 0xb0, 0x8f,
    0x20, 0x00, 0x00, 0x00, 0x00, 0x07, 0xf6, 0x00,
    0x02, 0xfa, 0x1f, 0xb0, 0x00, 0x8f, 0x40, 0xbf,
    0x10, 0x0e, 0xe0, 0x04, 0xf7, 0x03, 0xf7, 0x00,
    0x0e, 0xc0, 0x9f, 0x10, 0x00, 0x8f, 0x1e, 0xb0,
    0x00, 0x02, 0xf9, 0xf5, 0x00, 0x00, 0x0c, 0xfe,
    0x00, 0x00, 0x00, 0x6f, 0x90, 0x00, 0x00, 0x08,
    0xf3, 0x00, 0x00, 0x58, 0xfb, 0x00, 0x00, 0x0c,
    0xfa, 0x10, 0x00, 0x00,

    /* U+0100 "Ā" */
    0x00, 0x00, 0x00, 0x00, 0x00, 0x00, 0x00, 0x8f,
    0xff, 0xd0, 0x00, 0x00, 0x01, 0x33, 0x33, 0x00,
    0x00, 0x00, 0x00, 0x00, 0x00, 0x00, 0x00, 0x00,
    0xaf, 0xe0, 0x00, 0x00, 0x00, 0x0f, 0xff, 0x40,
    0x00, 0x00, 0x05, 0xf6, 0xf9, 0x00, 0x00, 0x00,
    0xaf, 0x1c, 0xe0, 0x00, 0x00, 0x0f, 0xc0, 0x8f,
    0x50, 0x00, 0x05, 0xf7, 0x03, 0xfa, 0x00, 0x00,
    0xbf, 0x20, 0x0d, 0xf0, 0x00, 0x1f, 0xf8, 0x88,
    0xff, 0x50, 0x06, 0xff, 0xff, 0xff, 0xfb, 0x00,
    0xbf, 0x20, 0x00, 0x0d, 0xf1, 0x1f, 0xd0, 0x00,
    0x00, 0x7f, 0x66, 0xf7, 0x00, 0x00, 0x02, 0xfc,

    /* U+0101 "ā" */
    0x00, 0xcf, 0xff, 0xa0, 0x00, 0x34, 0x44, 0x20,
    0x00, 0x00, 0x00, 0x00, 0x00, 0x8d, 0xfd, 0x70,
    0x0b, 0xfa, 0x7b, 0xf8, 0x05, 0x60, 0x00, 0xed,
    0x00, 0x02, 0x47, 0xfe, 0x06, 0xef, 0xfc, 0xef,
    0x2f, 0xc2, 0x00, 0xcf, 0x4f, 0x60, 0x01, 0xff,
    0x1f, 0xe7, 0x7d, 0xef, 0x04, 0xdf, 0xd5, 0xbf,

    /* U+0102 "Ă" */
    0x00, 0x05, 0x30, 0x08, 0x00, 0x00, 0x00, 0x8b,
    0x07, 0xd0, 0x00, 0x00, 0x00, 0xcf, 0xe3, 0x00,
    0x00, 0x00, 0x00, 0x10, 0x00, 0x00, 0x00, 0x00,
    0xaf, 0xe0, 0x00, 0x00, 0x00, 0x0f, 0xff, 0x40,
    0x00, 0x00, 0x05, 0xf6, 0xf9, 0x00, 0x00, 0x00,
    0xaf, 0x1c, 0xe0, 0x00, 0x00, 0x0f, 0xc0, 0x8f,
    0x50, 0x00, 0x05, 0xf7, 0x03, 0xfa, 0x00, 0x00,
    0xbf, 0x20, 0x0d, 0xf0, 0x00, 0x1f, 0xf8, 0x88,
    0xff, 0x50, 0x06, 0xff, 0xff, 0xff, 0xfb, 0x00,
    0xbf, 0x20, 0x00, 0x0d, 0xf1, 0x1f, 0xd0, 0x00,
    0x00, 0x7f, 0x66, 0xf7, 0x00, 0x00, 0x02, 0xfc,

    /* U+0103 "ă" */
    0x00, 0x92, 0x03, 0x80, 0x00, 0xb8, 0x0a, 0xa0,
    0x00, 0x2e, 0xfd, 0x10, 0x00, 0x00, 0x10, 0x00,
    0x00, 0x8d, 0xfd, 0x70, 0x0b, 0xfa, 0x7b, 0xf8,
    0x05, 0x60, 0x00, 0xed, 0x00, 0x02, 0x47, 0xfe,
    0x06, 0xef, 0xfc, 0xef, 0x2f, 0xc2, 0x00, 0xcf,
    0x4f, 0x60, 0x01, 0xff, 0x1f, 0xe7, 0x7d, 0xef,
    0x04, 0xdf, 0xd5, 0xbf,

    /* U+0104 "Ą" */
    0x00, 0x00, 0xaf, 0xe0, 0x00, 0x00, 0x00, 0x00,
    0xff, 0xf4, 0x00, 0x00, 0x00, 0x05, 0xf6, 0xf9,
    0x00, 0x00, 0x00, 0x0a, 0xf1, 0xce, 0x00, 0x00,
    0x00, 0x0f, 0xc0, 0x8f, 0x50, 0x00, 0x00, 0x5f,
    0x70, 0x2f, 0xa0, 0x00, 0x00, 0xbf, 0x20, 0x0d,
    0xf0, 0x00, 0x01, 0xff, 0xff, 0xff, 0xf5, 0x00,
    0x06, 0xff, 0x88, 0x8a, 0xfb, 0x00, 0x0b, 0xf2,
    0x00, 0x00, 0xdf, 0x10, 0x1f, 0xd0, 0x00, 0x00,
    0x7f, 0x60, 0x6f, 0x70, 0x00, 0x00, 0x2f, 0xc0,
    0x00, 0x00, 0x00, 0x00, 0x7e, 0x40, 0x00, 0x00,
    0x00, 0x00, 0xfd, 0x50, 0x00, 0x00, 0x00, 0x00,
    0x8f, 0xe3,

    /* U+0105 "ą" */
    0x00, 0x8d, 0xfd, 0x70, 0x00, 0xbf, 0xa7, 0xbf,
    0x80, 0x05, 0x60, 0x00, 0xed, 0x00, 0x00, 0x24,
    0x7f, 0xe0, 0x06, 0xef, 0xfc, 0xef, 0x02, 0xfc,
    0x20, 0x0c, 0xf0, 0x4f, 0x60, 0x01, 0xff, 0x01,
    0xfe, 0x77, 0xde, 0xf0, 0x04, 0xdf, 0xd5, 0xff,
    0x00, 0x00, 0x00, 0x9e, 0x20, 0x00, 0x00, 0x0f,
    0xd5, 0x00, 0x00, 0x00, 0x7f, 0xe3,

    /* U+0106 "Ć" */
    0x00, 0x00, 0x00, 0x36, 0x10, 0x00, 0x00, 0x00,
    0x0d, 0xb0, 0x00, 0x00, 0x00, 0x05, 0xf1, 0x00,
    0x00, 0x00, 0x00, 0x00, 0x00, 0x00, 0x00, 0x04,
    0xbe, 0xfd, 0x60, 0x00, 0x07, 0xff, 0xbb, 0xef,
    0xa0, 0x03, 0xfd, 0x20, 0x00, 0xaf, 0x70, 0xaf,
    0x30, 0x00, 0x01, 0xec, 0x0f, 0xd0, 0x00, 0x00,
    0x00, 0x01, 0xfb, 0x00, 0x00, 0x00, 0x00, 0x1f,
    0xb0, 0x00, 0x00, 0x00, 0x00, 0xfd, 0x00, 0x00,
    0x00, 0x00, 0x0a, 0xf3, 0x00, 0x00, 0x1e, 0xc0,
    0x3f, 0xd2, 0x00, 0x0a, 0xf6, 0x00, 0x7f, 0xfb,
    0xbe, 0xfa, 0x00, 0x00, 0x4b, 0xef, 0xd6, 0x00,

    /* U+0107 "ć" */
    0x00, 0x00, 0x05, 0x50, 0x00, 0x00, 0x02, 0xf6,
    0x00, 0x00, 0x00, 0xac, 0x00, 0x00, 0x00, 0x00,
    0x00, 0x00, 0x00, 0x4c, 0xfe, 0xa1, 0x00, 0x4f,
    0xe8, 0x9f, 0xd0, 0x0d, 0xf1, 0x00, 0x6d, 0x32,
    0xfa, 0x00, 0x00, 0x00, 0x3f, 0x80, 0x00, 0x00,
    0x02, 0xfa, 0x00, 0x00, 0x00, 0x0d, 0xe1, 0x00,
    0x6e, 0x40, 0x4f, 0xe8, 0x9f, 0xd0, 0x00, 0x4c,
    0xfe, 0xa1, 0x00,

    /* U+0108 "Ĉ" */
    0x00, 0x00, 0x06, 0x71, 0x00, 0x00, 0x00, 0x0a,
    0xda, 0xc1, 0x00, 0x00, 0x03, 0x81, 0x07, 0x40,
    0x00, 0x00, 0x00, 0x00, 0x00, 0x00, 0x00, 0x04,
    0xbe, 0xfd, 0x60, 0x00, 0x07, 0xff, 0xbb, 0xef,
    0xa0, 0x03, 0xfd, 0x20, 0x00, 0xaf, 0x70, 0xaf,
    0x30, 0x00, 0x01, 0xec, 0x0f, 0xd0, 0x00, 0x00,
    0x00, 0x01, 0xfb, 0x00, 0x00, 0x00, 0x00, 0x1f,
    0xb0, 0x00, 0x00, 0x00, 0x00, 0xfd, 0x00, 0x00,
    0x00, 0x00, 0x0a, 0xf3, 0x00, 0x00, 0x1e, 0xc0,
    0x3f, 0xd2, 0x00, 0x0a, 0xf6, 0x00, 0x7f, 0xfb,
    0xbe, 0xfa, 0x00, 0x00, 0x4b, 0xef, 0xd6, 0x00,

    /* U+0109 "ĉ" */
    0x00, 0x01, 0x76, 0x00, 0x00, 0x01, 0xda, 0xd9,
    0x00, 0x00, 0x57, 0x02, 0x82, 0x00, 0x00, 0x00,
    0x00, 0x00, 0x00, 0x4c, 0xfe, 0xa1, 0x00, 0x4f,
    0xe8, 0x9f, 0xd0, 0x0d, 0xf1, 0x00, 0x6d, 0x32,
    0xfa, 0x00, 0x00, 0x00, 0x3f, 0x80, 0x00, 0x00,
    0x02, 0xfa, 0x00, 0x00, 0x00, 0x0d, 0xe1, 0x00,
    0x6e, 0x40, 0x4f, 0xe8, 0x9f, 0xd0, 0x00, 0x4c,
    0xfe, 0xa1, 0x00,

    /* U+010A "Ċ" */
    0x00, 0x00, 0x00, 0x00, 0x00, 0x00, 0x00, 0x00,
    0xce, 0x10, 0x00, 0x00, 0x00, 0x0b, 0xe1, 0x00,
    0x00, 0x00, 0x00, 0x00, 0x00, 0x00, 0x00, 0x04,
    0xbe, 0xfd, 0x60, 0x00, 0x07, 0xff, 0xbb, 0xef,
    0xa0, 0x03, 0xfd, 0x20, 0x00, 0xaf, 0x70, 0xaf,
    0x30, 0x00, 0x01, 0xec, 0x0f, 0xd0, 0x00, 0x00,
    0x00, 0x01, 0xfb, 0x00, 0x00, 0x00, 0x00, 0x1f,
    0xb0, 0x00, 0x00, 0x00, 0x00, 0xfd, 0x00, 0x00,
    0x00, 0x00, 0x0a, 0xf3, 0x00, 0x00, 0x1e, 0xc0,
    0x3f, 0xd2, 0x00, 0x0a, 0xf6, 0x00, 0x7f, 0xfb,
    0xbe, 0xfa, 0x00, 0x00, 0x4b, 0xef, 0xd6, 0x00,

    /* U+010B "ċ" */
    0x00, 0x01, 0xea, 0x00, 0x00, 0x00, 0x1f, 0xb0,
    0x00, 0x00, 0x00, 0x00, 0x00, 0x00, 0x04, 0xcf,
    0xea, 0x10, 0x04, 0xfe, 0x89, 0xfd, 0x00, 0xdf,
    0x10, 0x06, 0xd3, 0x2f, 0xa0, 0x00, 0x00, 0x03,
    0xf8, 0x00, 0x00, 0x00, 0x2f, 0xa0, 0x00, 0x00,
    0x00, 0xde, 0x10, 0x06, 0xe4, 0x04, 0xfe, 0x89,
    0xfd, 0x00, 0x04, 0xcf, 0xea, 0x10,

    /* U+010C "Č" */
    0x00, 0x02, 0x81, 0x07, 0x50, 0x00, 0x00, 0x09,
    0xda, 0xd1, 0x00, 0x00, 0x00, 0x06, 0x71, 0x00,
    0x00, 0x00, 0x00, 0x00, 0x00, 0x00, 0x00, 0x04,
    0xbe, 0xfd, 0x60, 0x00, 0x07, 0xff, 0xbb, 0xef,
    0xa0, 0x03, 0xfd, 0x20, 0x00, 0xaf, 0x70, 0xaf,
    0x30, 0x00, 0x01, 0xec, 0x0f, 0xd0, 0x00, 0x00,
    0x00, 0x01, 0xfb, 0x00, 0x00, 0x00, 0x00, 0x1f,
    0xb0, 0x00, 0x00, 0x00, 0x00, 0xfd, 0x00, 0x00,
    0x00, 0x00, 0x0a, 0xf3, 0x00, 0x00, 0x1e, 0xc0,
    0x3f, 0xd2, 0x00, 0x0a, 0xf6, 0x00, 0x7f, 0xfb,
    0xbe, 0xfa, 0x00, 0x00, 0x4b, 0xef, 0xd6, 0x00,

    /* U+010D "č" */
    0x00, 0x57, 0x02, 0x82, 0x00, 0x01, 0xda, 0xd9,
    0x00, 0x00, 0x01, 0x76, 0x00, 0x00, 0x00, 0x00,
    0x00, 0x00, 0x00, 0x4c, 0xfe, 0xa1, 0x00, 0x4f,
    0xe8, 0x9f, 0xd0, 0x0d, 0xf1, 0x00, 0x6d, 0x32,
    0xfa, 0x00, 0x00, 0x00, 0x3f, 0x80, 0x00, 0x00,
    0x02, 0xfa, 0x00, 0x00, 0x00, 0x0d, 0xe1, 0x00,
    0x6e, 0x40, 0x4f, 0xe8, 0x9f, 0xd0, 0x00, 0x4c,
    0xfe, 0xa1, 0x00,

    /* U+010E "Ď" */
    0x05, 0x60, 0x28, 0x20, 0x00, 0x02, 0xf7, 0xcb,
    0x00, 0x00, 0x00, 0x5f, 0xd1, 0x00, 0x00, 0x00,
    0x00, 0x00, 0x00, 0x00, 0xbf, 0xff, 0xfd, 0x81,
    0x00, 0xbf, 0xa9, 0xad, 0xfe, 0x20, 0xbf, 0x10,
    0x00, 0x5f, 0xc0, 0xbf, 0x10, 0x00, 0x09, 0xf4,
    0xbf, 0x10, 0x00, 0x04, 0xf8, 0xbf, 0x10, 0x00,
    0x01, 0xfa, 0xbf, 0x10, 0x00, 0x01, 0xf9, 0xbf,
    0x10, 0x00, 0x04, 0xf8, 0xbf, 0x10, 0x00, 0x09,
    0xf3, 0xbf, 0x10, 0x00, 0x5f, 0xc0, 0xbf, 0xa9,
    0xad, 0xfe, 0x20, 0xbf, 0xff, 0xfd, 0x81, 0x00,

    /* U+010F "ď" */
    0x00, 0x00, 0x00, 0x00, 0x03, 0xf3, 0x00, 0x00,
    0x00, 0x0f, 0xb3, 0xf1, 0x00, 0x00, 0x00, 0x0f,
    0xb3, 0xf0, 0x00, 0x00, 0x00, 0x0f, 0xb0, 0x00,
    0x00, 0x6d, 0xfc, 0x2f, 0xb0, 0x00, 0x06, 0xfe,
    0x8a, 0xdf, 0xb0, 0x00, 0x0e, 0xe1, 0x00, 0x7f,
    0xb0, 0x00, 0x2f, 0xa0, 0x00, 0x1f, 0xb0, 0x00,
    0x3f, 0x80, 0x00, 0x0f, 0xb0, 0x00, 0x2f, 0xa0,
    0x00, 0x1f, 0xb0, 0x00, 0x0e, 0xf1, 0x00, 0x7f,
    0xb0, 0x00, 0x06, 0xfe, 0x8a, 0xdf, 0xb0, 0x00,
    0x00, 0x6d, 0xfc, 0x2f, 0xb0, 0x00,

    /* U+0110 "Đ" */
    0x05, 0xff, 0xff, 0xea, 0x30, 0x00, 0x05, 0xff,
    0x99, 0xbf, 0xf6, 0x00, 0x05, 0xf6, 0x00, 0x02,
    0xdf, 0x30, 0x05, 0xf6, 0x00, 0x00, 0x4f, 0x90,
    0x17, 0xf8, 0x11, 0x00, 0x0e, 0xd0, 0xdf, 0xff,
    0xff, 0x40, 0x0c, 0xf0, 0x3a, 0xfb, 0x44, 0x10,
    0x0c, 0xf0, 0x05, 0xf6, 0x00, 0x00, 0x0e, 0xd0,
    0x05, 0xf6, 0x00, 0x00, 0x4f, 0x90, 0x05, 0xf6,
    0x00, 0x02, 0xdf, 0x20, 0x05, 0xff, 0x99, 0xbf,
    0xf6, 0x00, 0x05, 0xff, 0xff, 0xea, 0x30, 0x00,

    /* U+0111 "đ" */
    0x00, 0x00, 0x00, 0x0f, 0xb0, 0x00, 0x00, 0x6f,
    0xff, 0xfd, 0x00, 0x00, 0x13, 0x3f, 0xe2, 0x00,
    0x6d, 0xfc, 0x2f, 0xb0, 0x06, 0xfe, 0x8a, 0xdf,
    0xb0, 0x0e, 0xe1, 0x00, 0x7f, 0xb0, 0x2f, 0xa0,
    0x00, 0x1f, 0xb0, 0x3f, 0x80, 0x00, 0x0f, 0xb0,
    0x2f, 0xa0, 0x00, 0x1f, 0xb0, 0x0e, 0xf1, 0x00,
    0x7f, 0xb0, 0x06, 0xfe, 0x8a, 0xdf, 0xb0, 0x00,
    0x6d, 0xfc, 0x2f, 0xb0,

    /* U+0112 "Ē" */
    0x00, 0x00, 0x00, 0x00, 0x03, 0xff, 0xff, 0x30,
    0x00, 0x33, 0x33, 0x00, 0x00, 0x00, 0x00, 0x00,
    0xbf, 0xff, 0xff, 0xfa, 0xbf, 0x99, 0x99, 0x95,
    0xbf, 0x10, 0x00, 0x00, 0xbf, 0x10, 0x00, 0x00,
    0xbf, 0x10, 0x00, 0x00, 0xbf, 0x99, 0x99, 0x91,
    0xbf, 0xff, 0xff, 0xf3, 0xbf, 0x10, 0x00, 0x00,
    0xbf, 0x10, 0x00, 0x00, 0xbf, 0x10, 0x00, 0x00,
    0xbf, 0x99, 0x99, 0x96, 0xbf, 0xff, 0xff, 0xfa,

    /* U+0113 "ē" */
    0x00, 0x7f, 0xff, 0xf0, 0x00, 0x01, 0x44, 0x43,
    0x00, 0x00, 0x00, 0x00, 0x00, 0x00, 0x04, 0xcf,
    0xe9, 0x00, 0x04, 0xfd, 0x79, 0xfc, 0x00, 0xdd,
    0x10, 0x07, 0xf5, 0x2f, 0x91, 0x11, 0x3f, 0x93,
    0xff, 0xff, 0xff, 0xfa, 0x2f, 0xc4, 0x44, 0x44,
    0x20, 0xde, 0x00, 0x02, 0x62, 0x04, 0xfd, 0x88,
    0xef, 0x20, 0x04, 0xcf, 0xfb, 0x30,

    /* U+0114 "Ĕ" */
    0x03, 0x60, 0x06, 0x30, 0x03, 0xf2, 0x2f, 0x30,
    0x00, 0x7f, 0xf7, 0x00, 0x00, 0x01, 0x10, 0x00,
    0xbf, 0xff, 0xff, 0xfa, 0xbf, 0x99, 0x99, 0x95,
    0xbf, 0x10, 0x00, 0x00, 0xbf, 0x10, 0x00, 0x00,
    0xbf, 0x10, 0x00, 0x00, 0xbf, 0x99, 0x99, 0x91,
    0xbf, 0xff, 0xff, 0xf3, 0xbf, 0x10, 0x00, 0x00,
    0xbf, 0x10, 0x00, 0x00, 0xbf, 0x10, 0x00, 0x00,
    0xbf, 0x99, 0x99, 0x96, 0xbf, 0xff, 0xff, 0xfa,

    /* U+0115 "ĕ" */
    0x00, 0x54, 0x00, 0x81, 0x00, 0x07, 0xc0, 0x5e,
    0x00, 0x00, 0x0b, 0xff, 0x40, 0x00, 0x00, 0x01,
    0x00, 0x00, 0x00, 0x4c, 0xfe, 0x90, 0x00, 0x4f,
    0xd7, 0x9f, 0xc0, 0x0d, 0xd1, 0x00, 0x7f, 0x52,
    0xf9, 0x11, 0x13, 0xf9, 0x3f, 0xff, 0xff, 0xff,
    0xa2, 0xfc, 0x44, 0x44, 0x42, 0x0d, 0xe0, 0x00,
    0x26, 0x20, 0x4f, 0xd8, 0x8e, 0xf2, 0x00, 0x4c,
    0xff, 0xb3, 0x00,

    /* U+0116 "Ė" */
    0x00, 0x00, 0x00, 0x00, 0x00, 0x0d, 0xd0, 0x00,
    0x00, 0x0d, 0xc0, 0x00, 0x00, 0x00, 0x00, 0x00,
    0xbf, 0xff, 0xff, 0xfa, 0xbf, 0x99, 0x99, 0x95,
    0xbf, 0x10, 0x00, 0x00, 0xbf, 0x10, 0x00, 0x00,
    0xbf, 0x10, 0x00, 0x00, 0xbf, 0x99, 0x99, 0x91,
    0xbf, 0xff, 0xff, 0xf3, 0xbf, 0x10, 0x00, 0x00,
    0xbf, 0x10, 0x00, 0x00, 0xbf, 0x10, 0x00, 0x00,
    0xbf, 0x99, 0x99, 0x96, 0xbf, 0xff, 0xff, 0xfa,

    /* U+0117 "ė" */
    0x00, 0x02, 0xe9, 0x00, 0x00, 0x00, 0x2f, 0xa0,
    0x00, 0x00, 0x00, 0x00, 0x00, 0x00, 0x04, 0xcf,
    0xe9, 0x00, 0x04, 0xfd, 0x79, 0xfc, 0x00, 0xdd,
    0x10, 0x07, 0xf5, 0x2f, 0x91, 0x11, 0x3f, 0x93,
    0xff, 0xff, 0xff, 0xfa, 0x2f, 0xc4, 0x44, 0x44,
    0x20, 0xde, 0x00, 0x02, 0x62, 0x04, 0xfd, 0x88,
    0xef, 0x20, 0x04, 0xcf, 0xfb, 0x30,

    /* U+0118 "Ę" */
    0xbf, 0xff, 0xff, 0xfa, 0x0b, 0xf9, 0x99, 0x99,
    0x50, 0xbf, 0x10, 0x00, 0x00, 0x0b, 0xf1, 0x00,
    0x00, 0x00, 0xbf, 0x10, 0x00, 0x00, 0x0b, 0xff,
    0xff, 0xff, 0x30, 0xbf, 0x99, 0x99, 0x91, 0x0b,
    0xf1, 0x00, 0x00, 0x00, 0xbf, 0x10, 0x00, 0x00,
    0x0b, 0xf1, 0x00, 0x00, 0x00, 0xbf, 0x99, 0x99,
    0x96, 0x0b, 0xff, 0xff, 0xff, 0xb0, 0x00, 0x00,
    0x0b, 0xc2, 0x00, 0x00, 0x03, 0xfa, 0x40, 0x00,
    0x00, 0x0b, 0xfd, 0x00,

    /* U+0119 "ę" */
    0x00, 0x4c, 0xfe, 0xa2, 0x00, 0x4f, 0xd7, 0x9f,
    0xe1, 0x0d, 0xe2, 0x11, 0x5f, 0x72, 0xff, 0xff,
    0xff, 0xfa, 0x3f, 0xb4, 0x44, 0x44, 0x22, 0xf8,
    0x00, 0x00, 0x00, 0x0d, 0xe0, 0x00, 0x5d, 0x60,
    0x4f, 0xd8, 0x9f, 0xf3, 0x00, 0x4c, 0xff, 0xfa,
    0x00, 0x00, 0x00, 0xae, 0x00, 0x00, 0x00, 0x0e,
    0xd5, 0x00, 0x00, 0x00, 0x6e, 0xe4,

    /* U+011A "Ě" */
    0x04, 0x70, 0x07, 0x40, 0x01, 0xd9, 0xae, 0x10,
    0x00, 0x3f, 0xf2, 0x00, 0x00, 0x00, 0x00, 0x00,
    0xbf, 0xff, 0xff, 0xfa, 0xbf, 0x99, 0x99, 0x95,
    0xbf, 0x10, 0x00, 0x00, 0xbf, 0x10, 0x00, 0x00,
    0xbf, 0x10, 0x00, 0x00, 0xbf, 0x99, 0x99, 0x91,
    0xbf, 0xff, 0xff, 0xf3, 0xbf, 0x10, 0x00, 0x00,
    0xbf, 0x10, 0x00, 0x00, 0xbf, 0x10, 0x00, 0x00,
    0xbf, 0x99, 0x99, 0x96, 0xbf, 0xff, 0xff, 0xfa,

    /* U+011B "ě" */
    0x00, 0x56, 0x03, 0x82, 0x00, 0x01, 0xe9, 0xe8,
    0x00, 0x00, 0x02, 0x85, 0x00, 0x00, 0x00, 0x00,
    0x00, 0x00, 0x00, 0x4c, 0xfe, 0x90, 0x00, 0x4f,
    0xd7, 0x9f, 0xc0, 0x0d, 0xd1, 0x00, 0x7f, 0x52,
    0xf9, 0x11, 0x13, 0xf9, 0x3f, 0xff, 0xff, 0xff,
    0xa2, 0xfc, 0x44, 0x44, 0x42, 0x0d, 0xe0, 0x00,
    0x26, 0x20, 0x4f, 0xd8, 0x8e, 0xf2, 0x00, 0x4c,
    0xff, 0xb3, 0x00,

    /* U+011C "Ĝ" */
    0x00, 0x00, 0x07, 0x70, 0x00, 0x00, 0x00, 0x00,
    0xad, 0xbc, 0x00, 0x00, 0x00, 0x03, 0x71, 0x07,
    0x40, 0x00, 0x00, 0x00, 0x00, 0x00, 0x00, 0x00,
    0x00, 0x04, 0xbe, 0xfc, 0x50, 0x00, 0x00, 0x7f,
    0xfb, 0xbe, 0xfa, 0x00, 0x03, 0xfd, 0x20, 0x00,
    0xbf, 0x60, 0x0a, 0xf3, 0x00, 0x00, 0x1e, 0xc0,
    0x0f, 0xd0, 0x00, 0x00, 0x00, 0x00, 0x1f, 0xb0,
    0x00, 0x00, 0x00, 0x00, 0x1f, 0xb0, 0x00, 0x8f,
    0xff, 0xf0, 0x0f, 0xd0, 0x00, 0x48, 0x8e, 0xf0,
    0x0b, 0xf3, 0x00, 0x00, 0x0e, 0xe0, 0x04, 0xfd,
    0x20, 0x00, 0x8f, 0x80, 0x00, 0x7f, 0xfc, 0xbe,
    0xfc, 0x00, 0x00, 0x04, 0xbe, 0xfd, 0x70, 0x00,

    /* U+011D "ĝ" */
    0x00, 0x05, 0xfd, 0x10, 0x00, 0x03, 0xf6, 0xcb,
    0x00, 0x00, 0x66, 0x02, 0x82, 0x00, 0x00, 0x00,
    0x00, 0x00, 0x00, 0x5d, 0xfc, 0x2e, 0xc0, 0x5f,
    0xe8, 0xad, 0xfc, 0x0e, 0xf1, 0x00, 0x7f, 0xc2,
    0xfa, 0x00, 0x01, 0xfc, 0x3f, 0x80, 0x00, 0x0f,
    0xc2, 0xfa, 0x00, 0x00, 0xfc, 0x0e, 0xe1, 0x00,
    0x6f, 0xc0, 0x7f, 0xd8, 0x9d, 0xfc, 0x00, 0x6d,
    0xfc, 0x2f, 0xc0, 0x02, 0x00, 0x01, 0xfa, 0x09,
    0xfa, 0x77, 0xdf, 0x40, 0x07, 0xdf, 0xfb, 0x40,

    /* U+011E "Ğ" */
    0x00, 0x02, 0x60, 0x05, 0x30, 0x00, 0x00, 0x02,
    0xf3, 0x1e, 0x40, 0x00, 0x00, 0x00, 0x6f, 0xf8,
    0x00, 0x00, 0x00, 0x00, 0x00, 0x10, 0x00, 0x00,
    0x00, 0x04, 0xbe, 0xfc, 0x50, 0x00, 0x00, 0x7f,
    0xfb, 0xbe, 0xfa, 0x00, 0x03, 0xfd, 0x20, 0x00,
    0xbf, 0x60, 0x0a, 0xf3, 0x00, 0x00, 0x1e, 0xc0,
    0x0f, 0xd0, 0x00, 0x00, 0x00, 0x00, 0x1f, 0xb0,
    0x00, 0x00, 0x00, 0x00, 0x1f, 0xb0, 0x00, 0x8f,
    0xff, 0xf0, 0x0f, 0xd0, 0x00, 0x48, 0x8e, 0xf0,
    0x0b, 0xf3, 0x00, 0x00, 0x0e, 0xe0, 0x04, 0xfd,
    0x20, 0x00, 0x8f, 0x80, 0x00, 0x7f, 0xfc, 0xbe,
    0xfc, 0x00, 0x00, 0x04, 0xbe, 0xfd, 0x70, 0x00,

    /* U+011F "ğ" */
    0x00, 0x8b, 0x03, 0xf1, 0x00, 0x01, 0xbf, 0xf6,
    0x00, 0x00, 0x00, 0x10, 0x00, 0x00, 0x00, 0x00,
    0x00, 0x00, 0x00, 0x5d, 0xfc, 0x2e, 0xc0, 0x5f,
    0xe8, 0xad, 0xfc, 0x0e, 0xf1, 0x00, 0x7f, 0xc2,
    0xfa, 0x00, 0x01, 0xfc, 0x3f, 0x80, 0x00, 0x0f,
    0xc2, 0xfa, 0x00, 0x00, 0xfc, 0x0e, 0xe1, 0x00,
    0x6f, 0xc0, 0x7f, 0xd8, 0x9d, 0xfc, 0x00, 0x6d,
    0xfc, 0x2f, 0xc0, 0x02, 0x00, 0x01, 0xfa, 0x09,
    0xfa, 0x77, 0xdf, 0x40, 0x07, 0xdf, 0xfb, 0x40,

    /* U+0120 "Ġ" */
    0x00, 0x00, 0x00, 0x00, 0x00, 0x00, 0x00, 0x00,
    0x0c, 0xe1, 0x00, 0x00, 0x00, 0x00, 0x0b, 0xd0,
    0x00, 0x00, 0x00, 0x00, 0x00, 0x00, 0x00, 0x00,
    0x00, 0x04, 0xbe, 0xfc, 0x50, 0x00, 0x00, 0x7f,
    0xfb, 0xbe, 0xfa, 0x00, 0x03, 0xfd, 0x20, 0x00,
    0xbf, 0x60, 0x0a, 0xf3, 0x00, 0x00, 0x1e, 0xc0,
    0x0f, 0xd0, 0x00, 0x00, 0x00, 0x00, 0x1f, 0xb0,
    0x00, 0x00, 0x00, 0x00, 0x1f, 0xb0, 0x00, 0x8f,
    0xff, 0xf0, 0x0f, 0xd0, 0x00, 0x48, 0x8e, 0xf0,
    0x0b, 0xf3, 0x00, 0x00, 0x0e, 0xe0, 0x04, 0xfd,
    0x20, 0x00, 0x8f, 0x80, 0x00, 0x7f, 0xfc, 0xbe,
    0xfc, 0x00, 0x00, 0x04, 0xbe, 0xfd, 0x70, 0x00,

    /* U+0121 "ġ" */
    0x00, 0x01, 0xe9, 0x00, 0x00, 0x00, 0x2f, 0xb0,
    0x00, 0x00, 0x00, 0x00, 0x00, 0x00, 0x05, 0xdf,
    0xc2, 0xec, 0x05, 0xfe, 0x8a, 0xdf, 0xc0, 0xef,
    0x10, 0x07, 0xfc, 0x2f, 0xa0, 0x00, 0x1f, 0xc3,
    0xf8, 0x00, 0x00, 0xfc, 0x2f, 0xa0, 0x00, 0x0f,
    0xc0, 0xee, 0x10, 0x06, 0xfc, 0x07, 0xfd, 0x89,
    0xdf, 0xc0, 0x06, 0xdf, 0xc2, 0xfc, 0x00, 0x20,
    0x00, 0x1f, 0xa0, 0x9f, 0xa7, 0x7d, 0xf4, 0x00,
    0x7d, 0xff, 0xb4, 0x00,

    /* U+0122 "Ģ" */
    0x00, 0x04, 0xbe, 0xfc, 0x50, 0x00, 0x00, 0x7f,
    0xfb, 0xbe, 0xfa, 0x00, 0x03, 0xfd, 0x20, 0x00,
    0xbf, 0x60, 0x0a, 0xf3, 0x00, 0x00, 0x1e, 0xc0,
    0x0f, 0xd0, 0x00, 0x00, 0x00, 0x00, 0x1f, 0xb0,
    0x00, 0x00, 0x00, 0x00, 0x1f, 0xb0, 0x00, 0x8f,
    0xff, 0xf0, 0x0f, 0xd0, 0x00, 0x48, 0x8e, 0xf0,
    0x0b, 0xf3, 0x00, 0x00, 0x0e, 0xe0, 0x04, 0xfd,
    0x20, 0x00, 0x8f, 0x80, 0x00, 0x7f, 0xfc, 0xbe,
    0xfc, 0x00, 0x00, 0x04, 0xbe, 0xfd, 0x70, 0x00,
    0x00, 0x00, 0x00, 0x00, 0x00, 0x00, 0x00, 0x00,
    0x0e, 0xb0, 0x00, 0x00, 0x00, 0x00, 0x2f, 0x50,
    0x00, 0x00, 0x00, 0x00, 0x5e, 0x00, 0x00, 0x00,

    /* U+0123 "ģ" */
    0x00, 0x00, 0x3b, 0x00, 0x00, 0x00, 0x0b, 0xb0,
    0x00, 0x00, 0x00, 0xd7, 0x00, 0x00, 0x00, 0x07,
    0x30, 0x00, 0x00, 0x00, 0x00, 0x00, 0x00, 0x05,
    0xdf, 0xc2, 0xec, 0x05, 0xfe, 0x8a, 0xdf, 0xc0,
    0xef, 0x10, 0x07, 0xfc, 0x2f, 0xa0, 0x00, 0x1f,
    0xc3, 0xf8, 0x00, 0x00, 0xfc, 0x2f, 0xa0, 0x00,
    0x0f, 0xc0, 0xee, 0x10, 0x06, 0xfc, 0x07, 0xfd,
    0x89, 0xdf, 0xc0, 0x06, 0xdf, 0xc2, 0xfc, 0x00,
    0x20, 0x00, 0x1f, 0xa0, 0x9f, 0xa7, 0x7d, 0xf4,
    0x00, 0x7d, 0xff, 0xb4, 0x00,

    /* U+0124 "Ĥ" */
    0x00, 0x00, 0x77, 0x00, 0x00, 0x00, 0x09, 0xde,
    0x70, 0x00, 0x00, 0x7f, 0x34, 0xf4, 0x00, 0x00,
    0x00, 0x00, 0x00, 0x00, 0xbf, 0x10, 0x00, 0x02,
    0xfa, 0xbf, 0x10, 0x00, 0x02, 0xfa, 0xbf, 0x10,
    0x00, 0x02, 0xfa, 0xbf, 0x10, 0x00, 0x02, 0xfa,
    0xbf, 0x10, 0x00, 0x02, 0xfa, 0xbf, 0xff, 0xff,
    0xff, 0xfa, 0xbf, 0x99, 0x99, 0x9a, 0xfa, 0xbf,
    0x10, 0x00, 0x02, 0xfa, 0xbf, 0x10, 0x00, 0x02,
    0xfa, 0xbf, 0x10, 0x00, 0x02, 0xfa, 0xbf, 0x10,
    0x00, 0x02, 0xfa, 0xbf, 0x10, 0x00, 0x02, 0xfa,

    /* U+0125 "ĥ" */
    0x00, 0x77, 0x00, 0x00, 0x00, 0x09, 0xee, 0x80,
    0x00, 0x00, 0x6f, 0x44, 0xf5, 0x00, 0x00, 0x00,
    0x00, 0x00, 0x00, 0x00, 0x00, 0xdd, 0x00, 0x00,
    0x00, 0x00, 0xdd, 0x00, 0x00, 0x00, 0x00, 0xdd,
    0x00, 0x00, 0x00, 0x00, 0xdd, 0x4d, 0xfd, 0x40,
    0x00, 0xdf, 0xe9, 0xaf, 0xf1, 0x00, 0xdf, 0x30,
    0x08, 0xf5, 0x00, 0xde, 0x00, 0x04, 0xf7, 0x00,
    0xde, 0x00, 0x04, 0xf7, 0x00, 0xde, 0x00, 0x04,
    0xf7, 0x00, 0xde, 0x00, 0x04, 0xf7, 0x00, 0xde,
    0x00, 0x04, 0xf7, 0x00, 0xde, 0x00, 0x04, 0xf7,

    /* U+0126 "Ħ" */
    0x05, 0xf7, 0x00, 0x00, 0x0c, 0xf0, 0x05, 0xf7,
    0x00, 0x00, 0x0c, 0xf0, 0x06, 0xf7, 0x00, 0x00,
    0x0d, 0xf0, 0x4f, 0xff, 0xff, 0xff, 0xff, 0xfe,
    0x19, 0xfa, 0x33, 0x33, 0x3f, 0xf3, 0x05, 0xff,
    0xff, 0xff, 0xff, 0xf0, 0x05, 0xfc, 0x99, 0x99,
    0x9e, 0xf0, 0x05, 0xf7, 0x00, 0x00, 0x0c, 0xf0,
    0x05, 0xf7, 0x00, 0x00, 0x0c, 0xf0, 0x05, 0xf7,
    0x00, 0x00, 0x0c, 0xf0, 0x05, 0xf7, 0x00, 0x00,
    0x0c, 0xf0, 0x05, 0xf7, 0x00, 0x00, 0x0c, 0xf0,

    /* U+0127 "ħ" */
    0x0d, 0xd0, 0x00, 0x00, 0x0f, 0xff, 0xff, 0x40,
    0x00, 0x2f, 0xf3, 0x30, 0x00, 0x00, 0xdd, 0x3c,
    0xfd, 0x40, 0x0d, 0xee, 0x9a, 0xff, 0x10, 0xdf,
    0x30, 0x08, 0xf5, 0x0d, 0xe0, 0x00, 0x4f, 0x70,
    0xde, 0x00, 0x04, 0xf7, 0x0d, 0xe0, 0x00, 0x4f,
    0x70, 0xde, 0x00, 0x04, 0xf7, 0x0d, 0xe0, 0x00,
    0x4f, 0x70, 0xde, 0x00, 0x04, 0xf7,

    /* U+0128 "Ĩ" */
    0x0a, 0xd4, 0x88, 0x2f, 0x4e, 0xf3, 0x02, 0x00,
    0x10, 0x00, 0xbf, 0x10, 0x00, 0xbf, 0x10, 0x00,
    0xbf, 0x10, 0x00, 0xbf, 0x10, 0x00, 0xbf, 0x10,
    0x00, 0xbf, 0x10, 0x00, 0xbf, 0x10, 0x00, 0xbf,
    0x10, 0x00, 0xbf, 0x10, 0x00, 0xbf, 0x10, 0x00,
    0xbf, 0x10, 0x00, 0xbf, 0x10,

    /* U+0129 "ĩ" */
    0x2e, 0xff, 0xf3, 0x01, 0x21, 0x00, 0x00, 0x00,
    0x00, 0x00, 0xde, 0x00, 0x00, 0xde, 0x00, 0x00,
    0xde, 0x00, 0x00, 0xde, 0x00, 0x00, 0xde, 0x00,
    0x00, 0xde, 0x00, 0x00, 0xde, 0x00, 0x00, 0xde,
    0x00, 0x00, 0xde, 0x00,

    /* U+012A "Ī" */
    0x00, 0x00, 0x00, 0x0f, 0xff, 0xf6, 0x03, 0x33,
    0x31, 0x00, 0x00, 0x00, 0x00, 0xbf, 0x10, 0x00,
    0xbf, 0x10, 0x00, 0xbf, 0x10, 0x00, 0xbf, 0x10,
    0x00, 0xbf, 0x10, 0x00, 0xbf, 0x10, 0x00, 0xbf,
    0x10, 0x00, 0xbf, 0x10, 0x00, 0xbf, 0x10, 0x00,
    0xbf, 0x10, 0x00, 0xbf, 0x10, 0x00, 0xbf, 0x10,

    /* U+012B "ī" */
    0x2f, 0xff, 0xf3, 0x04, 0x44, 0x40, 0x00, 0x00,
    0x00, 0x00, 0xde, 0x00, 0x00, 0xde, 0x00, 0x00,
    0xde, 0x00, 0x00, 0xde, 0x00, 0x00, 0xde, 0x00,
    0x00, 0xde, 0x00, 0x00, 0xde, 0x00, 0x00, 0xde,
    0x00, 0x00, 0xde, 0x00,

    /* U+012C "Ĭ" */
    0x17, 0x00, 0x44, 0x1f, 0x41, 0xd6, 0x05, 0xff,
    0xa0, 0x00, 0x01, 0x00, 0x00, 0xbf, 0x10, 0x00,
    0xbf, 0x10, 0x00, 0xbf, 0x10, 0x00, 0xbf, 0x10,
    0x00, 0xbf, 0x10, 0x00, 0xbf, 0x10, 0x00, 0xbf,
    0x10, 0x00, 0xbf, 0x10, 0x00, 0xbf, 0x10, 0x00,
    0xbf, 0x10, 0x00, 0xbf, 0x10, 0x00, 0xbf, 0x10,

    /* U+012D "ĭ" */
    0x26, 0x00, 0x63, 0x2f, 0x22, 0xf3, 0x07, 0xff,
    0x70, 0x00, 0x11, 0x00, 0x00, 0xde, 0x00, 0x00,
    0xde, 0x00, 0x00, 0xde, 0x00, 0x00, 0xde, 0x00,
    0x00, 0xde, 0x00, 0x00, 0xde, 0x00, 0x00, 0xde,
    0x00, 0x00, 0xde, 0x00, 0x00, 0xde, 0x00,

    /* U+012E "Į" */
    0x0b, 0xf1, 0x0b, 0xf1, 0x0b, 0xf1, 0x0b, 0xf1,
    0x0b, 0xf1, 0x0b, 0xf1, 0x0b, 0xf1, 0x0b, 0xf1,
    0x0b, 0xf1, 0x0b, 0xf1, 0x0b, 0xf1, 0x0c, 0xf1,
    0x5f, 0x50, 0xce, 0x51, 0x6e, 0xe5,

    /* U+012F "į" */
    0x00, 0xcd, 0x00, 0x0d, 0xe0, 0x00, 0x00, 0x00,
    0x0d, 0xe0, 0x00, 0xde, 0x00, 0x0d, 0xe0, 0x00,
    0xde, 0x00, 0x0d, 0xe0, 0x00, 0xde, 0x00, 0x0d,
    0xe0, 0x00, 0xde, 0x00, 0x0f, 0xe0, 0x07, 0xe3,
    0x00, 0xfc, 0x50, 0x08, 0xfe, 0x20,

    /* U+0130 "İ" */
    0x00, 0x0b, 0xf2, 0xae, 0x10, 0x00, 0xbf, 0x1b,
    0xf1, 0xbf, 0x1b, 0xf1, 0xbf, 0x1b, 0xf1, 0xbf,
    0x1b, 0xf1, 0xbf, 0x1b, 0xf1, 0xbf, 0x1b, 0xf1,

    /* U+0131 "ı" */
    0xde, 0xde, 0xde, 0xde, 0xde, 0xde, 0xde, 0xde,
    0xde,

    /* U+0132 "Ĳ" */
    0xbf, 0x10, 0x00, 0x00, 0x08, 0xf4, 0xbf, 0x10,
    0x00, 0x00, 0x08, 0xf4, 0xbf, 0x10, 0x00, 0x00,
    0x08, 0xf4, 0xbf, 0x10, 0x00, 0x00, 0x08, 0xf4,
    0xbf, 0x10, 0x00, 0x00, 0x08, 0xf4, 0xbf, 0x10,
    0x00, 0x00, 0x08, 0xf4, 0xbf, 0x10, 0x00, 0x00,
    0x08, 0xf4, 0xbf, 0x10, 0x22, 0x00, 0x08, 0xf4,
    0xbf, 0x10, 0xed, 0x00, 0x08, 0xf4, 0xbf, 0x10,
    0xcf, 0x10, 0x0b, 0xf1, 0xbf, 0x10, 0x5f, 0xc6,
    0x9f, 0xa0, 0xbf, 0x10, 0x05, 0xcf, 0xd8, 0x00,

    /* U+0133 "ĳ" */
    0x0c, 0xd0, 0x0c, 0xd0, 0x0d, 0xe0, 0x0d, 0xe0,
    0x00, 0x00, 0x00, 0x00, 0x0d, 0xe0, 0x0d, 0xe0,
    0x0d, 0xe0, 0x0d, 0xe0, 0x0d, 0xe0, 0x0d, 0xe0,
    0x0d, 0xe0, 0x0d, 0xe0, 0x0d, 0xe0, 0x0d, 0xe0,
    0x0d, 0xe0, 0x0d, 0xe0, 0x0d, 0xe0, 0x0d, 0xe0,
    0x0d, 0xe0, 0x0d, 0xe0, 0x0d, 0xe0, 0x0d, 0xe0,
    0x00, 0x00, 0x0d, 0xe0, 0x00, 0x01, 0x9f, 0xb0,
    0x00, 0x03, 0xfb, 0x10,

    /* U+0134 "Ĵ" */
    0x00, 0x00, 0x00, 0x77, 0x00, 0x00, 0x00, 0x0b,
    0xcb, 0xb0, 0x00, 0x00, 0x47, 0x10, 0x74, 0x00,
    0x00, 0x00, 0x00, 0x00, 0x00, 0x00, 0x00, 0xde,
    0x00, 0x00, 0x00, 0x00, 0xde, 0x00, 0x00, 0x00,
    0x00, 0xde, 0x00, 0x00, 0x00, 0x00, 0xde, 0x00,
    0x00, 0x00, 0x00, 0xde, 0x00, 0x00, 0x00, 0x00,
    0xde, 0x00, 0x00, 0x00, 0x00, 0xde, 0x00, 0x14,
    0x20, 0x00, 0xde, 0x00, 0x4f, 0x80, 0x00, 0xee,
    0x00, 0x1f, 0xb0, 0x02, 0xfb, 0x00, 0x0a, 0xfb,
    0x9e, 0xf4, 0x00, 0x00, 0x8d, 0xfc, 0x50, 0x00,

    /* U+0135 "ĵ" */
    0x02, 0xff, 0x30, 0x1e, 0xa9, 0xe1, 0x47, 0x00,
    0x74, 0x00, 0x00, 0x00, 0x00, 0xde, 0x00, 0x00,
    0xde, 0x00, 0x00, 0xde, 0x00, 0x00, 0xde, 0x00,
    0x00, 0xde, 0x00, 0x00, 0xde, 0x00, 0x00, 0xde,
    0x00, 0x00, 0xde, 0x00, 0x00, 0xde, 0x00, 0x00,
    0xed, 0x00, 0x2a, 0xfa, 0x00, 0x4f, 0xb1, 0x00,

    /* U+0136 "Ķ" */
    0xbf, 0x10, 0x00, 0x3f, 0xe2, 0xbf, 0x10, 0x02,
    0xef, 0x30, 0xbf, 0x10, 0x1d, 0xf5, 0x00, 0xbf,
    0x10, 0xcf, 0x60, 0x00, 0xbf, 0x1a, 0xf8, 0x00,
    0x00, 0xbf, 0x7f, 0xf2, 0x00, 0x00, 0xbf, 0xfe,
    0xfd, 0x00, 0x00, 0xbf, 0xc0, 0x9f, 0x80, 0x00,
    0xbf, 0x20, 0x0d, 0xf3, 0x00, 0xbf, 0x10, 0x03,
    0xfd, 0x00, 0xbf, 0x10, 0x00, 0x8f, 0x80, 0xbf,
    0x10, 0x00, 0x0d, 0xf3, 0x00, 0x00, 0x00, 0x00,
    0x00, 0x00, 0x06, 0xf3, 0x00, 0x00, 0x00, 0x09,
    0xd0, 0x00, 0x00, 0x00, 0x0c, 0x70, 0x00, 0x00,

    /* U+0137 "ķ" */
    0xde, 0x00, 0x00, 0x00, 0xde, 0x00, 0x00, 0x00,
    0xde, 0x00, 0x00, 0x00, 0xde, 0x00, 0x1d, 0xe2,
    0xde, 0x00, 0xcf, 0x30, 0xde, 0x0b, 0xf5, 0x00,
    0xde, 0xaf, 0x60, 0x00, 0xdf, 0xff, 0x70, 0x00,
    0xdf, 0x5d, 0xf3, 0x00, 0xde, 0x03, 0xfd, 0x00,
    0xde, 0x00, 0x7f, 0xa0, 0xde, 0x00, 0x0b, 0xf6,
    0x00, 0x00, 0x00, 0x00, 0x00, 0x5f, 0x40, 0x00,
    0x00, 0x9e, 0x00, 0x00, 0x00, 0xb8, 0x00, 0x00,

    /* U+0138 "ĸ" */
    0xde, 0x00, 0x0d, 0xf3, 0xde, 0x00, 0x9f, 0x60,
    0xde, 0x05, 0xf9, 0x00, 0xde, 0x2f, 0xc0, 0x00,
    0xdf, 0xff, 0x20, 0x00, 0xdf, 0x7f, 0xa0, 0x00,
    0xde, 0x08, 0xf7, 0x00, 0xde, 0x00, 0xbf, 0x40,
    0xde, 0x00, 0x1e, 0xf2,

    /* U+0139 "Ĺ" */
    0x03, 0x61, 0x00, 0x00, 0x0d, 0xc0, 0x00, 0x00,
    0x4f, 0x20, 0x00, 0x00, 0x00, 0x00, 0x00, 0x00,
    0xbf, 0x10, 0x00, 0x00, 0xbf, 0x10, 0x00, 0x00,
    0xbf, 0x10, 0x00, 0x00, 0xbf, 0x10, 0x00, 0x00,
    0xbf, 0x10, 0x00, 0x00, 0xbf, 0x10, 0x00, 0x00,
    0xbf, 0x10, 0x00, 0x00, 0xbf, 0x10, 0x00, 0x00,
    0xbf, 0x10, 0x00, 0x00, 0xbf, 0x10, 0x00, 0x00,
    0xbf, 0x99, 0x99, 0x93, 0xbf, 0xff, 0xff, 0xf5,

    /* U+013A "ĺ" */
    0x03, 0x50, 0x0e, 0x90, 0x7e, 0x10, 0x00, 0x00,
    0xde, 0x00, 0xde, 0x00, 0xde, 0x00, 0xde, 0x00,
    0xde, 0x00, 0xde, 0x00, 0xde, 0x00, 0xde, 0x00,
    0xde, 0x00, 0xde, 0x00, 0xde, 0x00, 0xde, 0x00,

    /* U+013B "Ļ" */
    0xbf, 0x10, 0x00, 0x00, 0xbf, 0x10, 0x00, 0x00,
    0xbf, 0x10, 0x00, 0x00, 0xbf, 0x10, 0x00, 0x00,
    0xbf, 0x10, 0x00, 0x00, 0xbf, 0x10, 0x00, 0x00,
    0xbf, 0x10, 0x00, 0x00, 0xbf, 0x10, 0x00, 0x00,
    0xbf, 0x10, 0x00, 0x00, 0xbf, 0x10, 0x00, 0x00,
    0xbf, 0x99, 0x99, 0x93, 0xbf, 0xff, 0xff, 0xf5,
    0x00, 0x00, 0x00, 0x00, 0x00, 0x2f, 0x70, 0x00,
    0x00, 0x6f, 0x10, 0x00, 0x00, 0x8b, 0x00, 0x00,

    /* U+013C "ļ" */
    0x0d, 0xe0, 0xde, 0x0d, 0xe0, 0xde, 0x0d, 0xe0,
    0xde, 0x0d, 0xe0, 0xde, 0x0d, 0xe0, 0xde, 0x0d,
    0xe0, 0xde, 0x00, 0x00, 0xfa, 0x2f, 0x45, 0xd0,

    /* U+013D "Ľ" */
    0x00, 0x00, 0x00, 0x00, 0xbf, 0x10, 0xf7, 0x00,
    0xbf, 0x10, 0xf4, 0x00, 0xbf, 0x10, 0xf2, 0x00,
    0xbf, 0x10, 0x00, 0x00, 0xbf, 0x10, 0x00, 0x00,
    0xbf, 0x10, 0x00, 0x00, 0xbf, 0x10, 0x00, 0x00,
    0xbf, 0x10, 0x00, 0x00, 0xbf, 0x10, 0x00, 0x00,
    0xbf, 0x10, 0x00, 0x00, 0xbf, 0x99, 0x99, 0x93,
    0xbf, 0xff, 0xff, 0xf5,

    /* U+013E "ľ" */
    0x00, 0x00, 0x0d, 0xe0, 0xf6, 0xde, 0x0f, 0x4d,
    0xe0, 0xf2, 0xde, 0x00, 0x0d, 0xe0, 0x00, 0xde,
    0x00, 0x0d, 0xe0, 0x00, 0xde, 0x00, 0x0d, 0xe0,
    0x00, 0xde, 0x00, 0x0d, 0xe0, 0x00, 0xde, 0x00,
    0x00,

    /* U+013F "Ŀ" */
    0xbf, 0x10, 0x00, 0x00, 0xbf, 0x10, 0x00, 0x00,
    0xbf, 0x10, 0x00, 0x00, 0xbf, 0x10, 0x00, 0x00,
    0xbf, 0x13, 0xe7, 0x00, 0xbf, 0x14, 0xf8, 0x00,
    0xbf, 0x10, 0x00, 0x00, 0xbf, 0x10, 0x00, 0x00,
    0xbf, 0x10, 0x00, 0x00, 0xbf, 0x10, 0x00, 0x00,
    0xbf, 0x99, 0x99, 0x93, 0xbf, 0xff, 0xff, 0xf5,

    /* U+0140 "ŀ" */
    0xde, 0x00, 0x00, 0xde, 0x00, 0x00, 0xde, 0x00,
    0x00, 0xde, 0x00, 0x00, 0xde, 0x00, 0x00, 0xde,
    0x0c, 0xd0, 0xde, 0x0f, 0xf1, 0xde, 0x02, 0x30,
    0xde, 0x00, 0x00, 0xde, 0x00, 0x00, 0xde, 0x00,
    0x00, 0xde, 0x00, 0x00,

    /* U+0141 "Ł" */
    0x03, 0xf9, 0x00, 0x00, 0x00, 0x3f, 0x90, 0x00,
    0x00, 0x03, 0xf9, 0x00, 0x00, 0x00, 0x3f, 0x91,
    0xa6, 0x00, 0x03, 0xff, 0xff, 0x40, 0x00, 0x7f,
    0xfa, 0x10, 0x00, 0x8f, 0xfd, 0x00, 0x00, 0x09,
    0xaf, 0x90, 0x00, 0x00, 0x03, 0xf9, 0x00, 0x00,
    0x00, 0x3f, 0x90, 0x00, 0x00, 0x03, 0xfd, 0x99,
    0x99, 0x70, 0x3f, 0xff, 0xff, 0xfe,

    /* U+0142 "ł" */
    0x00, 0xde, 0x00, 0x00, 0xde, 0x00, 0x00, 0xde,
    0x00, 0x00, 0xdf, 0xb2, 0x00, 0xff, 0xc0, 0x1d,
    0xff, 0x00, 0x19, 0xee, 0x00, 0x00, 0xde, 0x00,
    0x00, 0xde, 0x00, 0x00, 0xde, 0x00, 0x00, 0xde,
    0x00, 0x00, 0xde, 0x00,

    /* U+0143 "Ń" */
    0x00, 0x00, 0x03, 0x50, 0x00, 0x00, 0x00, 0x0e,
    0xa0, 0x00, 0x00, 0x00, 0x6e, 0x10, 0x00, 0x00,
    0x00, 0x00, 0x00, 0x00, 0xbf, 0xa0, 0x00, 0x00,
    0xfd, 0xbf, 0xf4, 0x00, 0x00, 0xfd, 0xbf, 0xed,
    0x00, 0x00, 0xfd, 0xbf, 0x7f, 0x80, 0x00, 0xfd,
    0xbf, 0x1d, 0xf2, 0x00, 0xfd, 0xbf, 0x14, 0xfc,
    0x00, 0xfd, 0xbf, 0x10, 0xaf, 0x60, 0xfd, 0xbf,
    0x10, 0x1f, 0xe1, 0xfd, 0xbf, 0x10, 0x06, 0xf8,
    0xfd, 0xbf, 0x10, 0x00, 0xcf, 0xfd, 0xbf, 0x10,
    0x00, 0x3f, 0xfd, 0xbf, 0x10, 0x00, 0x09, 0xfd,

    /* U+0144 "ń" */
    0x00, 0x00, 0x55, 0x00, 0x00, 0x03, 0xf6, 0x00,
    0x00, 0x0a, 0xb0, 0x00, 0x00, 0x00, 0x00, 0x00,
    0xdc, 0x3c, 0xfd, 0x40, 0xde, 0xd7, 0x8f, 0xf1,
    0xdf, 0x20, 0x07, 0xf5, 0xde, 0x00, 0x04, 0xf7,
    0xde, 0x00, 0x04, 0xf7, 0xde, 0x00, 0x04, 0xf7,
    0xde, 0x00, 0x04, 0xf7, 0xde, 0x00, 0x04, 0xf7,
    0xde, 0x00, 0x04, 0xf7,

    /* U+0145 "Ņ" */
    0xbf, 0xa0, 0x00, 0x00, 0xfd, 0xbf, 0xf4, 0x00,
    0x00, 0xfd, 0xbf, 0xed, 0x00, 0x00, 0xfd, 0xbf,
    0x7f, 0x80, 0x00, 0xfd, 0xbf, 0x1d, 0xf2, 0x00,
    0xfd, 0xbf, 0x14, 0xfc, 0x00, 0xfd, 0xbf, 0x10,
    0xaf, 0x60, 0xfd, 0xbf, 0x10, 0x1f, 0xe1, 0xfd,
    0xbf, 0x10, 0x06, 0xf8, 0xfd, 0xbf, 0x10, 0x00,
    0xcf, 0xfd, 0xbf, 0x10, 0x00, 0x3f, 0xfd, 0xbf,
    0x10, 0x00, 0x09, 0xfd, 0x00, 0x00, 0x00, 0x00,
    0x00, 0x00, 0x00, 0xeb, 0x00, 0x00, 0x00, 0x02,
    0xf5, 0x00, 0x00, 0x00, 0x05, 0xe0, 0x00, 0x00,

    /* U+0146 "ņ" */
    0xdc, 0x3c, 0xfd, 0x40, 0xde, 0xd7, 0x8f, 0xf1,
    0xdf, 0x20, 0x07, 0xf5, 0xde, 0x00, 0x04, 0xf7,
    0xde, 0x00, 0x04, 0xf7, 0xde, 0x00, 0x04, 0xf7,
    0xde, 0x00, 0x04, 0xf7, 0xde, 0x00, 0x04, 0xf7,
    0xde, 0x00, 0x04, 0xf7, 0x00, 0x00, 0x00, 0x00,
    0x00, 0x2f, 0x70, 0x00, 0x00, 0x5f, 0x10, 0x00,
    0x00, 0x8b, 0x00, 0x00,

    /* U+0147 "Ň" */
    0x00, 0x37, 0x10, 0x74, 0x00, 0x00, 0x0d, 0xa9,
    0xe1, 0x00, 0x00, 0x02, 0xff, 0x30, 0x00, 0x00,
    0x00, 0x00, 0x00, 0x00, 0xbf, 0xa0, 0x00, 0x00,
    0xfd, 0xbf, 0xf4, 0x00, 0x00, 0xfd, 0xbf, 0xed,
    0x00, 0x00, 0xfd, 0xbf, 0x7f, 0x80, 0x00, 0xfd,
    0xbf, 0x1d, 0xf2, 0x00, 0xfd, 0xbf, 0x14, 0xfc,
    0x00, 0xfd, 0xbf, 0x10, 0xaf, 0x60, 0xfd, 0xbf,
    0x10, 0x1f, 0xe1, 0xfd, 0xbf, 0x10, 0x06, 0xf8,
    0xfd, 0xbf, 0x10, 0x00, 0xcf, 0xfd, 0xbf, 0x10,
    0x00, 0x3f, 0xfd, 0xbf, 0x10, 0x00, 0x09, 0xfd,

    /* U+0148 "ň" */
    0x04, 0x50, 0x16, 0x20, 0x02, 0xe7, 0xcb, 0x00,
    0x00, 0x3c, 0xa0, 0x00, 0x00, 0x00, 0x00, 0x00,
    0xdc, 0x3c, 0xfd, 0x40, 0xde, 0xd7, 0x8f, 0xf1,
    0xdf, 0x20, 0x07, 0xf5, 0xde, 0x00, 0x04, 0xf7,
    0xde, 0x00, 0x04, 0xf7, 0xde, 0x00, 0x04, 0xf7,
    0xde, 0x00, 0x04, 0xf7, 0xde, 0x00, 0x04, 0xf7,
    0xde, 0x00, 0x04, 0xf7,

    /* U+014A "Ŋ" */
    0xbf, 0xa0, 0x00, 0x00, 0xfd, 0xbf, 0xf4, 0x00,
    0x00, 0xfd, 0xbf, 0xed, 0x00, 0x00, 0xfd, 0xbf,
    0x7f, 0x80, 0x00, 0xfd, 0xbf, 0x1d, 0xf2, 0x00,
    0xfd, 0xbf, 0x14, 0xfc, 0x00, 0xfd, 0xbf, 0x10,
    0xaf, 0x60, 0xfd, 0xbf, 0x10, 0x1f, 0xe1, 0xfd,
    0xbf, 0x10, 0x06, 0xf8, 0xfd, 0xbf, 0x10, 0x00,
    0xcf, 0xfd, 0xbf, 0x10, 0x00, 0x3f, 0xfd, 0xbf,
    0x10, 0x00, 0x09, 0xff, 0x00, 0x00, 0x00, 0x00,
    0xee, 0x00, 0x00, 0x00, 0x49, 0xfc, 0x00, 0x00,
    0x00, 0x7f, 0xd3,

    /* U+014B "ŋ" */
    0xdc, 0x3c, 0xfd, 0x40, 0xde, 0xd7, 0x8f, 0xf1,
    0xdf, 0x20, 0x07, 0xf5, 0xde, 0x00, 0x04, 0xf7,
    0xde, 0x00, 0x04, 0xf7, 0xde, 0x00, 0x04, 0xf7,
    0xde, 0x00, 0x04, 0xf7, 0xde, 0x00, 0x04, 0xf7,
    0xde, 0x00, 0x04, 0xf7, 0x00, 0x00, 0x04, 0xf7,
    0x00, 0x00, 0x7c, 0xf6, 0x00, 0x00, 0xef, 0xa0,

    /* U+014C "Ō" */
    0x00, 0x00, 0x00, 0x00, 0x00, 0x00, 0x00, 0x00,
    0xff, 0xff, 0x50, 0x00, 0x00, 0x00, 0x33, 0x33,
    0x10, 0x00, 0x00, 0x00, 0x00, 0x00, 0x00, 0x00,
    0x00, 0x04, 0xbe, 0xfc, 0x60, 0x00, 0x00, 0x7f,
    0xfb, 0xbe, 0xfb, 0x00, 0x03, 0xfd, 0x20, 0x00,
    0xaf, 0x70, 0x0a, 0xf3, 0x00, 0x00, 0x0e, 0xe0,
    0x0f, 0xd0, 0x00, 0x00, 0x09, 0xf3, 0x1f, 0xb0,
    0x00, 0x00, 0x06, 0xf5, 0x1f, 0xb0, 0x00, 0x00,
    0x06, 0xf5, 0x0f, 0xd0, 0x00, 0x00, 0x09, 0xf3,
    0x0a, 0xf3, 0x00, 0x00, 0x0e, 0xe0, 0x03, 0xfd,
    0x20, 0x00, 0xaf, 0x80, 0x00, 0x7f, 0xfb, 0xbe,
    0xfb, 0x00, 0x00, 0x04, 0xbe, 0xfc, 0x60, 0x00,

    /* U+014D "ō" */
    0x00, 0x5f, 0xff, 0xf0, 0x00, 0x01, 0x44, 0x44,
    0x00, 0x00, 0x00, 0x00, 0x00, 0x00, 0x04, 0xcf,
    0xea, 0x10, 0x04, 0xfe, 0x89, 0xfe, 0x10, 0xdf,
    0x10, 0x05, 0xf8, 0x2f, 0xa0, 0x00, 0x0f, 0xc3,
    0xf8, 0x00, 0x00, 0xde, 0x2f, 0xa0, 0x00, 0x0f,
    0xd0, 0xde, 0x10, 0x05, 0xf8, 0x04, 0xfe, 0x89,
    0xfe, 0x10, 0x04, 0xcf, 0xea, 0x10,

    /* U+014E "Ŏ" */
    0x00, 0x01, 0x70, 0x05, 0x40, 0x00, 0x00, 0x01,
    0xf3, 0x1d, 0x50, 0x00, 0x00, 0x00, 0x5f, 0xf9,
    0x00, 0x00, 0x00, 0x00, 0x00, 0x10, 0x00, 0x00,
    0x00, 0x04, 0xbe, 0xfc, 0x60, 0x00, 0x00, 0x7f,
    0xfb, 0xbe, 0xfb, 0x00, 0x03, 0xfd, 0x20, 0x00,
    0xaf, 0x70, 0x0a, 0xf3, 0x00, 0x00, 0x0e, 0xe0,
    0x0f, 0xd0, 0x00, 0x00, 0x09, 0xf3, 0x1f, 0xb0,
    0x00, 0x00, 0x06, 0xf5, 0x1f, 0xb0, 0x00, 0x00,
    0x06, 0xf5, 0x0f, 0xd0, 0x00, 0x00, 0x09, 0xf3,
    0x0a, 0xf3, 0x00, 0x00, 0x0e, 0xe0, 0x03, 0xfd,
    0x20, 0x00, 0xaf, 0x80, 0x00, 0x7f, 0xfb, 0xbe,
    0xfb, 0x00, 0x00, 0x04, 0xbe, 0xfc, 0x60, 0x00,

    /* U+014F "ŏ" */
    0x00, 0x44, 0x00, 0x71, 0x00, 0x06, 0xd1, 0x4f,
    0x10, 0x00, 0x0a, 0xff, 0x50, 0x00, 0x00, 0x01,
    0x00, 0x00, 0x00, 0x4c, 0xfe, 0xa1, 0x00, 0x4f,
    0xe8, 0x9f, 0xe1, 0x0d, 0xf1, 0x00, 0x5f, 0x82,
    0xfa, 0x00, 0x00, 0xfc, 0x3f, 0x80, 0x00, 0x0d,
    0xe2, 0xfa, 0x00, 0x00, 0xfd, 0x0d, 0xe1, 0x00,
    0x5f, 0x80, 0x4f, 0xe8, 0x9f, 0xe1, 0x00, 0x4c,
    0xfe, 0xa1, 0x00,

    /* U+0150 "Ő" */
    0x00, 0x00, 0x35, 0x03, 0x50, 0x00, 0x00, 0x00,
    0xdb, 0x1e, 0x90, 0x00, 0x00, 0x04, 0xf2, 0x9d,
    0x00, 0x00, 0x00, 0x00, 0x00, 0x00, 0x00, 0x00,
    0x00, 0x04, 0xbe, 0xfc, 0x60, 0x00, 0x00, 0x7f,
    0xfb, 0xbe, 0xfb, 0x00, 0x03, 0xfd, 0x20, 0x00,
    0xaf, 0x70, 0x0a, 0xf3, 0x00, 0x00, 0x0e, 0xe0,
    0x0f, 0xd0, 0x00, 0x00, 0x09, 0xf3, 0x1f, 0xb0,
    0x00, 0x00, 0x06, 0xf5, 0x1f, 0xb0, 0x00, 0x00,
    0x06, 0xf5, 0x0f, 0xd0, 0x00, 0x00, 0x09, 0xf3,
    0x0a, 0xf3, 0x00, 0x00, 0x0e, 0xe0, 0x03, 0xfd,
    0x20, 0x00, 0xaf, 0x80, 0x00, 0x7f, 0xfb, 0xbe,
    0xfb, 0x00, 0x00, 0x04, 0xbe, 0xfc, 0x60, 0x00,

    /* U+0151 "ő" */
    0x00, 0x05, 0x40, 0x54, 0x00, 0x03, 0xf6, 0x5f,
    0x40, 0x00, 0x9d, 0x0d, 0x80, 0x00, 0x00, 0x00,
    0x00, 0x00, 0x00, 0x4c, 0xfe, 0xa1, 0x00, 0x4f,
    0xe8, 0x9f, 0xe1, 0x0d, 0xf1, 0x00, 0x5f, 0x82,
    0xfa, 0x00, 0x00, 0xfc, 0x3f, 0x80, 0x00, 0x0d,
    0xe2, 0xfa, 0x00, 0x00, 0xfd, 0x0d, 0xe1, 0x00,
    0x5f, 0x80, 0x4f, 0xe8, 0x9f, 0xe1, 0x00, 0x4c,
    0xfe, 0xa1, 0x00,

    /* U+0152 "Œ" */
    0x00, 0x03, 0xbe, 0xff, 0xff, 0xff, 0xff, 0xf1,
    0x00, 0x7f, 0xfb, 0x9d, 0xfd, 0x99, 0x99, 0x91,
    0x03, 0xfd, 0x10, 0x03, 0xf9, 0x00, 0x00, 0x00,
    0x0a, 0xf2, 0x00, 0x03, 0xf9, 0x00, 0x00, 0x00,
    0x0f, 0xd0, 0x00, 0x03, 0xf9, 0x00, 0x00, 0x00,
    0x0f, 0xa0, 0x00, 0x03, 0xfd, 0x99, 0x99, 0x60,
    0x1f, 0xa0, 0x00, 0x03, 0xff, 0xff, 0xff, 0xb0,
    0x0f, 0xd0, 0x00, 0x03, 0xf9, 0x00, 0x00, 0x00,
    0x0a, 0xf2, 0x00, 0x03, 0xf9, 0x00, 0x00, 0x00,
    0x03, 0xfd, 0x10, 0x03, 0xf9, 0x00, 0x00, 0x00,
    0x00, 0x7f, 0xfb, 0x9d, 0xfd, 0x99, 0x99, 0x91,
    0x00, 0x04, 0xbe, 0xff, 0xff, 0xff, 0xff, 0xf2,

    /* U+0153 "œ" */
    0x00, 0x4c, 0xfe, 0xa1, 0x08, 0xef, 0xc5, 0x00,
    0x04, 0xfe, 0x89, 0xfe, 0xdf, 0xa8, 0xdf, 0x50,
    0x0d, 0xf1, 0x00, 0x5f, 0xf7, 0x00, 0x0e, 0xd0,
    0x2f, 0xa0, 0x00, 0x0f, 0xf2, 0x11, 0x1b, 0xf1,
    0x3f, 0x80, 0x00, 0x0f, 0xff, 0xff, 0xff, 0xf3,
    0x2f, 0xa0, 0x00, 0x0f, 0xf5, 0x44, 0x44, 0x40,
    0x0d, 0xe1, 0x00, 0x5f, 0xf7, 0x00, 0x06, 0x50,
    0x04, 0xfe, 0x89, 0xfe, 0xdf, 0xa8, 0xbf, 0xb0,
    0x00, 0x4c, 0xfe, 0xa1, 0x08, 0xef, 0xe8, 0x00,

    /* U+0154 "Ŕ" */
    0x00, 0x00, 0x36, 0x10, 0x00, 0x00, 0x0d, 0xb0,
    0x00, 0x00, 0x05, 0xf1, 0x00, 0x00, 0x00, 0x00,
    0x00, 0x00, 0xbf, 0xff, 0xfe, 0x90, 0x0b, 0xf9,
    0x89, 0xcf, 0xc0, 0xbf, 0x10, 0x00, 0xaf, 0x4b,
    0xf1, 0x00, 0x06, 0xf7, 0xbf, 0x10, 0x00, 0x7f,
    0x6b, 0xf1, 0x00, 0x3e, 0xf2, 0xbf, 0xff, 0xff,
    0xf7, 0x0b, 0xfa, 0x9f, 0xfa, 0x00, 0xbf, 0x10,
    0x0e, 0xf1, 0x0b, 0xf1, 0x00, 0x6f, 0x90, 0xbf,
    0x10, 0x00, 0xdf, 0x2b, 0xf1, 0x00, 0x05, 0xfa,

    /* U+0155 "ŕ" */
    0x00, 0x16, 0x20, 0x09, 0xe1, 0x01, 0xf5, 0x00,
    0x00, 0x00, 0xdd, 0x5e, 0xdd, 0xee, 0x97, 0xdf,
    0x30, 0x0d, 0xe0, 0x00, 0xde, 0x00, 0x0d, 0xe0,
    0x00, 0xde, 0x00, 0x0d, 0xe0, 0x00, 0xde, 0x00,
    0x00,

    /* U+0156 "Ŗ" */
    0xbf, 0xff, 0xfe, 0x90, 0x0b, 0xf9, 0x89, 0xcf,
    0xc0, 0xbf, 0x10, 0x00, 0xaf, 0x4b, 0xf1, 0x00,
    0x06, 0xf7, 0xbf, 0x10, 0x00, 0x7f, 0x6b, 0xf1,
    0x00, 0x3e, 0xf2, 0xbf, 0xff, 0xff, 0xf7, 0x0b,
    0xfa, 0x9f, 0xfa, 0x00, 0xbf, 0x10, 0x0e, 0xf1,
    0x0b, 0xf1, 0x00, 0x6f, 0x90, 0xbf, 0x10, 0x00,
    0xdf, 0x2b, 0xf1, 0x00, 0x05, 0xfa, 0x00, 0x00,
    0x00, 0x00, 0x00, 0x00, 0xaf, 0x00, 0x00, 0x00,
    0x0d, 0x90, 0x00, 0x00, 0x01, 0xe3, 0x00, 0x00,

    /* U+0157 "ŗ" */
    0x00, 0x00, 0x00, 0x0d, 0xd5, 0xed, 0x0d, 0xee,
    0x97, 0x0d, 0xf3, 0x00, 0x0d, 0xe0, 0x00, 0x0d,
    0xe0, 0x00, 0x0d, 0xe0, 0x00, 0x0d, 0xe0, 0x00,
    0x0d, 0xe0, 0x00, 0x0d, 0xe0, 0x00, 0x00, 0x00,
    0x00, 0x0e, 0xa0, 0x00, 0x2f, 0x40, 0x00, 0x5d,
    0x00, 0x00,

    /* U+0158 "Ř" */
    0x03, 0x81, 0x07, 0x50, 0x00, 0x0c, 0xb8, 0xe2,
    0x00, 0x00, 0x1e, 0xf4, 0x00, 0x00, 0x00, 0x00,
    0x00, 0x00, 0xbf, 0xff, 0xfe, 0x90, 0x0b, 0xf9,
    0x89, 0xcf, 0xc0, 0xbf, 0x10, 0x00, 0xaf, 0x4b,
    0xf1, 0x00, 0x06, 0xf7, 0xbf, 0x10, 0x00, 0x7f,
    0x6b, 0xf1, 0x00, 0x3e, 0xf2, 0xbf, 0xff, 0xff,
    0xf7, 0x0b, 0xfa, 0x9f, 0xfa, 0x00, 0xbf, 0x10,
    0x0e, 0xf1, 0x0b, 0xf1, 0x00, 0x6f, 0x90, 0xbf,
    0x10, 0x00, 0xdf, 0x2b, 0xf1, 0x00, 0x05, 0xfa,

    /* U+0159 "ř" */
    0x07, 0x30, 0x57, 0x00, 0x8e, 0x5f, 0x60, 0x00,
    0xbf, 0x90, 0x00, 0x00, 0x00, 0x00, 0x0d, 0xd5,
    0xed, 0x00, 0xde, 0xe9, 0x70, 0x0d, 0xf3, 0x00,
    0x00, 0xde, 0x00, 0x00, 0x0d, 0xe0, 0x00, 0x00,
    0xde, 0x00, 0x00, 0x0d, 0xe0, 0x00, 0x00, 0xde,
    0x00, 0x00, 0x0d, 0xe0, 0x00, 0x00,

    /* U+015A "Ś" */
    0x00, 0x00, 0x03, 0x61, 0x00, 0x00, 0x00, 0x0d,
    0xc0, 0x00, 0x00, 0x00, 0x4f, 0x20, 0x00, 0x00,
    0x00, 0x00, 0x00, 0x00, 0x00, 0x3a, 0xef, 0xd7,
    0x00, 0x03, 0xff, 0xb9, 0xdf, 0xb0, 0x0b, 0xf3,
    0x00, 0x0b, 0xf3, 0x0c, 0xf0, 0x00, 0x01, 0x31,
    0x08, 0xfb, 0x20, 0x00, 0x00, 0x00, 0xaf, 0xfd,
    0x92, 0x00, 0x00, 0x02, 0x7c, 0xff, 0x80, 0x00,
    0x00, 0x00, 0x2c, 0xf4, 0x07, 0x40, 0x00, 0x04,
    0xf7, 0x0f, 0xe2, 0x00, 0x0a, 0xf5, 0x07, 0xff,
    0xba, 0xdf, 0xc0, 0x00, 0x5c, 0xff, 0xd8, 0x00,

    /* U+015B "ś" */
    0x00, 0x00, 0x16, 0x20, 0x00, 0x00, 0xae, 0x10,
    0x00, 0x01, 0xf5, 0x00, 0x00, 0x00, 0x00, 0x00,
    0x00, 0x9e, 0xfd, 0x50, 0x0a, 0xf9, 0x6b, 0xf5,
    0x0f, 0xc0, 0x00, 0x72, 0x0b, 0xf9, 0x40, 0x00,
    0x01, 0xaf, 0xff, 0xa1, 0x00, 0x00, 0x39, 0xfb,
    0x18, 0x60, 0x00, 0xfd, 0x0d, 0xf9, 0x7b, 0xf8,
    0x01, 0x9e, 0xfd, 0x70,

    /* U+015C "Ŝ" */
    0x00, 0x00, 0x67, 0x10, 0x00, 0x00, 0x09, 0xda,
    0xd1, 0x00, 0x00, 0x28, 0x20, 0x75, 0x00, 0x00,
    0x00, 0x00, 0x00, 0x00, 0x00, 0x3a, 0xef, 0xd7,
    0x00, 0x03, 0xff, 0xb9, 0xdf, 0xb0, 0x0b, 0xf3,
    0x00, 0x0b, 0xf3, 0x0c, 0xf0, 0x00, 0x01, 0x31,
    0x08, 0xfb, 0x20, 0x00, 0x00, 0x00, 0xaf, 0xfd,
    0x92, 0x00, 0x00, 0x02, 0x7c, 0xff, 0x80, 0x00,
    0x00, 0x00, 0x2c, 0xf4, 0x07, 0x40, 0x00, 0x04,
    0xf7, 0x0f, 0xe2, 0x00, 0x0a, 0xf5, 0x07, 0xff,
    0xba, 0xdf, 0xc0, 0x00, 0x5c, 0xff, 0xd8, 0x00,

    /* U+015D "ŝ" */
    0x00, 0x04, 0x82, 0x00, 0x00, 0x6f, 0x9e, 0x30,
    0x01, 0x73, 0x05, 0x60, 0x00, 0x00, 0x00, 0x00,
    0x00, 0x9e, 0xfd, 0x50, 0x0a, 0xf9, 0x6b, 0xf5,
    0x0f, 0xc0, 0x00, 0x72, 0x0b, 0xf9, 0x40, 0x00,
    0x01, 0xaf, 0xff, 0xa1, 0x00, 0x00, 0x39, 0xfb,
    0x18, 0x60, 0x00, 0xfd, 0x0d, 0xf9, 0x7b, 0xf8,
    0x01, 0x9e, 0xfd, 0x70,

    /* U+015E "Ş" */
    0x00, 0x3a, 0xef, 0xd7, 0x00, 0x03, 0xff, 0xb9,
    0xdf, 0xb0, 0x0b, 0xf3, 0x00, 0x0b, 0xf3, 0x0c,
    0xf0, 0x00, 0x01, 0x31, 0x08, 0xfb, 0x20, 0x00,
    0x00, 0x00, 0xaf, 0xfd, 0x92, 0x00, 0x00, 0x02,
    0x7c, 0xff, 0x80, 0x00, 0x00, 0x00, 0x2c, 0xf4,
    0x07, 0x40, 0x00, 0x04, 0xf7, 0x0f, 0xe2, 0x00,
    0x0a, 0xf5, 0x07, 0xff, 0xba, 0xdf, 0xc0, 0x00,
    0x5c, 0xff, 0xd8, 0x00, 0x00, 0x00, 0x5c, 0x40,
    0x00, 0x00, 0x00, 0x15, 0xf0, 0x00, 0x00, 0x00,
    0xae, 0xb0, 0x00,

    /* U+015F "ş" */
    0x00, 0x9e, 0xfd, 0x50, 0x0a, 0xf9, 0x6b, 0xf5,
    0x0f, 0xc0, 0x00, 0x72, 0x0b, 0xf9, 0x40, 0x00,
    0x01, 0xaf, 0xff, 0xa1, 0x00, 0x00, 0x39, 0xfb,
    0x18, 0x60, 0x00, 0xfd, 0x0d, 0xf9, 0x7b, 0xf8,
    0x01, 0x9f, 0xfd, 0x70, 0x00, 0x02, 0xe5, 0x00,
    0x00, 0x00, 0x3f, 0x30, 0x00, 0x07, 0xec, 0x10,

    /* U+0160 "Š" */
    0x00, 0x3a, 0x20, 0x96, 0x00, 0x00, 0x0a, 0xd9,
    0xe1, 0x00, 0x00, 0x00, 0xbc, 0x30, 0x00, 0x00,
    0x00, 0x00, 0x00, 0x00, 0x00, 0x3a, 0xef, 0xd8,
    0x00, 0x03, 0xff, 0xb9, 0xcf, 0xc0, 0x0b, 0xf3,
    0x00, 0x09, 0xf4, 0x0c, 0xf0, 0x00, 0x00, 0x00,
    0x08, 0xfb, 0x20, 0x00, 0x00, 0x00, 0xaf, 0xfd,
    0x92, 0x00, 0x00, 0x02, 0x7c, 0xff, 0x80, 0x00,
    0x00, 0x00, 0x2c, 0xf4, 0x18, 0x50, 0x00, 0x04,
    0xf7, 0x0f, 0xe2, 0x00, 0x0a, 0xf5, 0x06, 0xff,
    0xba, 0xdf, 0xc0, 0x00, 0x5c, 0xff, 0xd8, 0x00,

    /* U+0161 "š" */
    0x00, 0x73, 0x05, 0x70, 0x00, 0x5f, 0x9e, 0x30,
    0x00, 0x04, 0x83, 0x00, 0x00, 0x00, 0x00, 0x00,
    0x00, 0x9e, 0xfd, 0x50, 0x0a, 0xf9, 0x6b, 0xf5,
    0x0f, 0xc0, 0x00, 0x72, 0x0b, 0xf9, 0x40, 0x00,
    0x01, 0xaf, 0xff, 0xa1, 0x00, 0x00, 0x39, 0xfb,
    0x18, 0x60, 0x00, 0xfd, 0x0d, 0xf9, 0x7b, 0xf8,
    0x01, 0x9e, 0xfd, 0x70,

    /* U+0162 "Ţ" */
    0x4f, 0xff, 0xff, 0xff, 0xfc, 0x29, 0x99, 0xdf,
    0x99, 0x96, 0x00, 0x00, 0xaf, 0x20, 0x00, 0x00,
    0x00, 0xaf, 0x20, 0x00, 0x00, 0x00, 0xaf, 0x20,
    0x00, 0x00, 0x00, 0xaf, 0x20, 0x00, 0x00, 0x00,
    0xaf, 0x20, 0x00, 0x00, 0x00, 0xaf, 0x20, 0x00,
    0x00, 0x00, 0xaf, 0x20, 0x00, 0x00, 0x00, 0xaf,
    0x20, 0x00, 0x00, 0x00, 0xaf, 0x20, 0x00, 0x00,
    0x00, 0xbf, 0x20, 0x00, 0x00, 0x00, 0x4c, 0x30,
    0x00, 0x00, 0x00, 0x15, 0xf1, 0x00, 0x00, 0x00,
    0x9e, 0xb0, 0x00,

    /* U+0163 "ţ" */
    0x04, 0x81, 0x00, 0x09, 0xf2, 0x00, 0x09, 0xf2,
    0x00, 0xdf, 0xff, 0xe0, 0x5f, 0xf9, 0x60, 0x09,
    0xf2, 0x00, 0x09, 0xf2, 0x00, 0x09, 0xf2, 0x00,
    0x09, 0xf2, 0x00, 0x08, 0xf2, 0x00, 0x05, 0xfb,
    0x70, 0x00, 0x9f, 0xe0, 0x00, 0x1e, 0x50, 0x00,
    0x03, 0xe4, 0x00, 0x6e, 0xd1,

    /* U+0164 "Ť" */
    0x00, 0x28, 0x20, 0x66, 0x00, 0x00, 0x0b, 0xd6,
    0xf3, 0x00, 0x00, 0x00, 0xdf, 0x60, 0x00, 0x00,
    0x00, 0x00, 0x00, 0x00, 0x4f, 0xff, 0xff, 0xff,
    0xfc, 0x29, 0x99, 0xdf, 0x99, 0x96, 0x00, 0x00,
    0xaf, 0x20, 0x00, 0x00, 0x00, 0xaf, 0x20, 0x00,
    0x00, 0x00, 0xaf, 0x20, 0x00, 0x00, 0x00, 0xaf,
    0x20, 0x00, 0x00, 0x00, 0xaf, 0x20, 0x00, 0x00,
    0x00, 0xaf, 0x20, 0x00, 0x00, 0x00, 0xaf, 0x20,
    0x00, 0x00, 0x00, 0xaf, 0x20, 0x00, 0x00, 0x00,
    0xaf, 0x20, 0x00, 0x00, 0x00, 0xaf, 0x20, 0x00,

    /* U+0165 "ť" */
    0x00, 0x00, 0x00, 0x00, 0x00, 0xe8, 0x00, 0x00,
    0xe6, 0x09, 0xf2, 0xe4, 0x09, 0xf2, 0x00, 0xdf,
    0xff, 0xe0, 0x5f, 0xf9, 0x60, 0x09, 0xf2, 0x00,
    0x09, 0xf2, 0x00, 0x09, 0xf2, 0x00, 0x09, 0xf2,
    0x00, 0x08, 0xf2, 0x00, 0x06, 0xfb, 0x70, 0x00,
    0x9f, 0xe0,

    /* U+0166 "Ŧ" */
    0x4f, 0xff, 0xff, 0xff, 0xfc, 0x29, 0x99, 0xdf,
    0x99, 0x96, 0x00, 0x00, 0xaf, 0x20, 0x00, 0x00,
    0x00, 0xaf, 0x20, 0x00, 0x00, 0x11, 0xbf, 0x31,
    0x00, 0x00, 0xff, 0xff, 0xff, 0x70, 0x00, 0x44,
    0xef, 0x64, 0x20, 0x00, 0x00, 0xaf, 0x20, 0x00,
    0x00, 0x00, 0xaf, 0x20, 0x00, 0x00, 0x00, 0xaf,
    0x20, 0x00, 0x00, 0x00, 0xaf, 0x20, 0x00, 0x00,
    0x00, 0xaf, 0x20, 0x00,

    /* U+0167 "ŧ" */
    0x09, 0xf2, 0x00, 0x09, 0xf2, 0x00, 0xdf, 0xff,
    0xe0, 0x5f, 0xf9, 0x60, 0x0a, 0xf3, 0x00, 0xdf,
    0xff, 0xe0, 0x3d, 0xf6, 0x30, 0x09, 0xf2, 0x00,
    0x08, 0xf2, 0x00, 0x06, 0xfb, 0x70, 0x00, 0x9f,
    0xe0,

    /* U+0168 "Ũ" */
    0x00, 0x3e, 0xff, 0xf2, 0x00, 0x00, 0x12, 0x22,
    0x10, 0x00, 0x00, 0x00, 0x00, 0x00, 0x00, 0xbf,
    0x10, 0x00, 0x03, 0xf9, 0xbf, 0x10, 0x00, 0x03,
    0xf9, 0xbf, 0x10, 0x00, 0x03, 0xf9, 0xbf, 0x10,
    0x00, 0x03, 0xf9, 0xbf, 0x10, 0x00, 0x03, 0xf9,
    0xbf, 0x10, 0x00, 0x03, 0xf9, 0xbf, 0x10, 0x00,
    0x03, 0xf9, 0xbf, 0x10, 0x00, 0x03, 0xf8, 0x9f,
    0x30, 0x00, 0x06, 0xf7, 0x5f, 0xc0, 0x00, 0x1d,
    0xf2, 0x0a, 0xfe, 0xbb, 0xff, 0x80, 0x00, 0x6c,
    0xff, 0xc5, 0x00,

    /* U+0169 "ũ" */
    0x05, 0xff, 0xfe, 0x10, 0x01, 0x12, 0x10, 0x00,
    0x00, 0x00, 0x00, 0x00, 0xde, 0x00, 0x04, 0xf7,
    0xde, 0x00, 0x04, 0xf7, 0xde, 0x00, 0x04, 0xf7,
    0xde, 0x00, 0x04, 0xf7, 0xde, 0x00, 0x04, 0xf7,
    0xde, 0x00, 0x04, 0xf7, 0xcf, 0x20, 0x0a, 0xf7,
    0x6f, 0xe9, 0xbc, 0xf7, 0x08, 0xef, 0xa3, 0xf7,

    /* U+016A "Ū" */
    0x00, 0x00, 0x00, 0x00, 0x00, 0x00, 0x4f, 0xff,
    0xf2, 0x00, 0x00, 0x03, 0x33, 0x30, 0x00, 0x00,
    0x00, 0x00, 0x00, 0x00, 0xbf, 0x10, 0x00, 0x03,
    0xf9, 0xbf, 0x10, 0x00, 0x03, 0xf9, 0xbf, 0x10,
    0x00, 0x03, 0xf9, 0xbf, 0x10, 0x00, 0x03, 0xf9,
    0xbf, 0x10, 0x00, 0x03, 0xf9, 0xbf, 0x10, 0x00,
    0x03, 0xf9, 0xbf, 0x10, 0x00, 0x03, 0xf9, 0xbf,
    0x10, 0x00, 0x03, 0xf8, 0x9f, 0x30, 0x00, 0x06,
    0xf7, 0x5f, 0xc0, 0x00, 0x1d, 0xf2, 0x0a, 0xfe,
    0xbb, 0xff, 0x80, 0x00, 0x6c, 0xff, 0xc5, 0x00,

    /* U+016B "ū" */
    0x06, 0xff, 0xff, 0x00, 0x01, 0x44, 0x44, 0x00,
    0x00, 0x00, 0x00, 0x00, 0xde, 0x00, 0x04, 0xf7,
    0xde, 0x00, 0x04, 0xf7, 0xde, 0x00, 0x04, 0xf7,
    0xde, 0x00, 0x04, 0xf7, 0xde, 0x00, 0x04, 0xf7,
    0xde, 0x00, 0x04, 0xf7, 0xcf, 0x20, 0x0a, 0xf7,
    0x6f, 0xe9, 0xbc, 0xf7, 0x08, 0xef, 0xa3, 0xf7,

    /* U+016C "Ŭ" */
    0x00, 0x35, 0x00, 0x62, 0x00, 0x00, 0x4e, 0x13,
    0xf2, 0x00, 0x00, 0x08, 0xff, 0x60, 0x00, 0x00,
    0x00, 0x10, 0x00, 0x00, 0xbf, 0x10, 0x00, 0x03,
    0xf9, 0xbf, 0x10, 0x00, 0x03, 0xf9, 0xbf, 0x10,
    0x00, 0x03, 0xf9, 0xbf, 0x10, 0x00, 0x03, 0xf9,
    0xbf, 0x10, 0x00, 0x03, 0xf9, 0xbf, 0x10, 0x00,
    0x03, 0xf9, 0xbf, 0x10, 0x00, 0x03, 0xf9, 0xbf,
    0x10, 0x00, 0x03, 0xf8, 0x9f, 0x30, 0x00, 0x06,
    0xf7, 0x5f, 0xc0, 0x00, 0x1d, 0xf2, 0x0a, 0xfe,
    0xbb, 0xff, 0x80, 0x00, 0x6c, 0xff, 0xc5, 0x00,

    /* U+016D "ŭ" */
    0x04, 0x40, 0x07, 0x10, 0x06, 0xd1, 0x4f, 0x10,
    0x00, 0xaf, 0xf5, 0x00, 0x00, 0x01, 0x00, 0x00,
    0xde, 0x00, 0x04, 0xf7, 0xde, 0x00, 0x04, 0xf7,
    0xde, 0x00, 0x04, 0xf7, 0xde, 0x00, 0x04, 0xf7,
    0xde, 0x00, 0x04, 0xf7, 0xde, 0x00, 0x04, 0xf7,
    0xcf, 0x20, 0x0a, 0xf7, 0x6f, 0xe9, 0xbc, 0xf7,
    0x08, 0xef, 0xa3, 0xf7,

    /* U+016E "Ů" */
    0x00, 0x06, 0xdc, 0x50, 0x00, 0x00, 0x1f, 0x46,
    0xf0, 0x00, 0x00, 0x09, 0xff, 0x70, 0x00, 0x00,
    0x00, 0x00, 0x00, 0x00, 0xbf, 0x10, 0x00, 0x03,
    0xf9, 0xbf, 0x10, 0x00, 0x03, 0xf9, 0xbf, 0x10,
    0x00, 0x03, 0xf9, 0xbf, 0x10, 0x00, 0x03, 0xf9,
    0xbf, 0x10, 0x00, 0x03, 0xf9, 0xbf, 0x10, 0x00,
    0x03, 0xf9, 0xbf, 0x10, 0x00, 0x03, 0xf9, 0xbf,
    0x10, 0x00, 0x03, 0xf8, 0x9f, 0x30, 0x00, 0x06,
    0xf7, 0x5f, 0xc0, 0x00, 0x1d, 0xf2, 0x0a, 0xfe,
    0xbb, 0xff, 0x80, 0x00, 0x6c, 0xff, 0xc5, 0x00,

    /* U+016F "ů" */
    0x00, 0x6d, 0xc2, 0x00, 0x02, 0xf3, 0x8c, 0x00,
    0x03, 0xf1, 0x6d, 0x00, 0x00, 0x9f, 0xe4, 0x00,
    0x00, 0x00, 0x00, 0x00, 0xde, 0x00, 0x04, 0xf7,
    0xde, 0x00, 0x04, 0xf7, 0xde, 0x00, 0x04, 0xf7,
    0xde, 0x00, 0x04, 0xf7, 0xde, 0x00, 0x04, 0xf7,
    0xde, 0x00, 0x04, 0xf7, 0xcf, 0x20, 0x0a, 0xf7,
    0x6f, 0xe9, 0xbc, 0xf7, 0x08, 0xef, 0xa3, 0xf7,

    /* U+0170 "Ű" */
    0x00, 0x05, 0x50, 0x55, 0x00, 0x00, 0x1f, 0x73,
    0xf6, 0x00, 0x00, 0x7e, 0x0c, 0xa0, 0x00, 0x00,
    0x00, 0x00, 0x00, 0x00, 0xbf, 0x10, 0x00, 0x03,
    0xf9, 0xbf, 0x10, 0x00, 0x03, 0xf9, 0xbf, 0x10,
    0x00, 0x03, 0xf9, 0xbf, 0x10, 0x00, 0x03, 0xf9,
    0xbf, 0x10, 0x00, 0x03, 0xf9, 0xbf, 0x10, 0x00,
    0x03, 0xf9, 0xbf, 0x10, 0x00, 0x03, 0xf9, 0xbf,
    0x10, 0x00, 0x03, 0xf8, 0x9f, 0x30, 0x00, 0x06,
    0xf7, 0x5f, 0xc0, 0x00, 0x1d, 0xf2, 0x0a, 0xfe,
    0xbb, 0xff, 0x80, 0x00, 0x6c, 0xff, 0xc5, 0x00,

    /* U+0171 "ű" */
    0x00, 0x54, 0x05, 0x40, 0x03, 0xf5, 0x5f, 0x40,
    0x09, 0xd0, 0xd8, 0x00, 0x00, 0x00, 0x00, 0x00,
    0xde, 0x00, 0x04, 0xf7, 0xde, 0x00, 0x04, 0xf7,
    0xde, 0x00, 0x04, 0xf7, 0xde, 0x00, 0x04, 0xf7,
    0xde, 0x00, 0x04, 0xf7, 0xde, 0x00, 0x04, 0xf7,
    0xcf, 0x20, 0x0a, 0xf7, 0x6f, 0xe9, 0xbc, 0xf7,
    0x08, 0xef, 0xa3, 0xf7,

    /* U+0172 "Ų" */
    0xbf, 0x10, 0x00, 0x03, 0xf9, 0xbf, 0x10, 0x00,
    0x03, 0xf9, 0xbf, 0x10, 0x00, 0x03, 0xf9, 0xbf,
    0x10, 0x00, 0x03, 0xf9, 0xbf, 0x10, 0x00, 0x03,
    0xf9, 0xbf, 0x10, 0x00, 0x03, 0xf9, 0xbf, 0x10,
    0x00, 0x03, 0xf9, 0xbf, 0x10, 0x00, 0x03, 0xfb,
    0x9f, 0x30, 0x00, 0x06, 0xff, 0x5f, 0xc0, 0x00,
    0x1e, 0xf5, 0x0a, 0xfe, 0xbb, 0xff, 0xe0, 0x00,
    0x6c, 0xff, 0xf9, 0x00, 0x00, 0x02, 0xe8, 0x00,
    0x00, 0x00, 0x07, 0xf7, 0x30, 0x00, 0x00, 0x01,
    0xcf, 0xa0, 0x00,

    /* U+0173 "ų" */
    0xde, 0x00, 0x04, 0xf7, 0xde, 0x00, 0x04, 0xf7,
    0xde, 0x00, 0x04, 0xf7, 0xde, 0x00, 0x04, 0xf7,
    0xde, 0x00, 0x04, 0xf7, 0xde, 0x00, 0x04, 0xf7,
    0xcf, 0x20, 0x0a, 0xf7, 0x6f, 0xe9, 0xbc, 0xf7,
    0x08, 0xef, 0xa4, 0xf8, 0x00, 0x00, 0x1d, 0x90,
    0x00, 0x00, 0x6f, 0x83, 0x00, 0x00, 0x1c, 0xfa,

    /* U+0174 "Ŵ" */
    0x00, 0x00, 0x00, 0x07, 0x70, 0x00, 0x00, 0x00,
    0x00, 0x00, 0x00, 0x8e, 0xe8, 0x00, 0x00, 0x00,
    0x00, 0x00, 0x05, 0xf4, 0x3f, 0x50, 0x00, 0x00,
    0x00, 0x00, 0x00, 0x00, 0x00, 0x00, 0x00, 0x00,
    0x7f, 0x60, 0x00, 0x1f, 0xf1, 0x00, 0x05, 0xf8,
    0x3f, 0xa0, 0x00, 0x5f, 0xf5, 0x00, 0x09, 0xf4,
    0x0e, 0xe0, 0x00, 0x9f, 0xe9, 0x00, 0x0d, 0xf0,
    0x0a, 0xf2, 0x00, 0xdc, 0xbd, 0x00, 0x1f, 0xb0,
    0x06, 0xf6, 0x01, 0xf8, 0x8f, 0x10, 0x5f, 0x70,
    0x02, 0xf9, 0x05, 0xf4, 0x4f, 0x50, 0x9f, 0x30,
    0x00, 0xed, 0x09, 0xf1, 0x0f, 0x90, 0xde, 0x00,
    0x00, 0x9f, 0x1d, 0xc0, 0x0b, 0xd0, 0xfa, 0x00,
    0x00, 0x5f, 0x5f, 0x80, 0x07, 0xf5, 0xf6, 0x00,
    0x00, 0x1f, 0xbf, 0x40, 0x03, 0xfb, 0xf2, 0x00,
    0x00, 0x0d, 0xff, 0x00, 0x00, 0xff, 0xe0, 0x00,
    0x00, 0x09, 0xfc, 0x00, 0x00, 0xbf, 0x90, 0x00,

    /* U+0175 "ŵ" */
    0x00, 0x00, 0x02, 0x84, 0x00, 0x00, 0x00, 0x00,
    0x01, 0xdc, 0xf3, 0x00, 0x00, 0x00, 0x00, 0xbd,
    0x0a, 0xe1, 0x00, 0x00, 0x00, 0x00, 0x00, 0x00,
    0x00, 0x00, 0x6f, 0x60, 0x05, 0xfa, 0x00, 0x2f,
    0xa1, 0xfa, 0x00, 0x9f, 0xe0, 0x06, 0xf6, 0x0d,
    0xe0, 0x0d, 0xcf, 0x20, 0xaf, 0x10, 0x8f, 0x21,
    0xf5, 0xf6, 0x0e, 0xc0, 0x03, 0xf6, 0x5f, 0x0c,
    0xa2, 0xf8, 0x00, 0x0e, 0xa9, 0xc0, 0x8e, 0x6f,
    0x30, 0x00, 0xad, 0xd7, 0x03, 0xfb, 0xe0, 0x00,
    0x05, 0xff, 0x30, 0x0e, 0xfa, 0x00, 0x00, 0x1f,
    0xe0, 0x00, 0xaf, 0x50, 0x00,

    /* U+0176 "Ŷ" */
    0x00, 0x00, 0xaf, 0xc0, 0x00, 0x00, 0x00, 0xac,
    0x1a, 0xb0, 0x00, 0x00, 0x00, 0x00, 0x00, 0x00,
    0x05, 0xfb, 0x00, 0x00, 0x09, 0xf7, 0x0b, 0xf4,
    0x00, 0x02, 0xfd, 0x00, 0x3f, 0xc0, 0x00, 0xaf,
    0x50, 0x00, 0xaf, 0x50, 0x2f, 0xc0, 0x00, 0x01,
    0xfd, 0x0a, 0xf3, 0x00, 0x00, 0x08, 0xf8, 0xfa,
    0x00, 0x00, 0x00, 0x0e, 0xff, 0x10, 0x00, 0x00,
    0x00, 0x6f, 0x90, 0x00, 0x00, 0x00, 0x05, 0xf7,
    0x00, 0x00, 0x00, 0x00, 0x5f, 0x70, 0x00, 0x00,
    0x00, 0x05, 0xf7, 0x00, 0x00, 0x00, 0x00, 0x5f,
    0x70, 0x00, 0x00,

    /* U+0177 "ŷ" */
    0x00, 0x07, 0xea, 0x00, 0x00, 0x04, 0xf6, 0xf7,
    0x00, 0x00, 0x86, 0x04, 0x91, 0x00, 0x00, 0x00,
    0x00, 0x00, 0x7f, 0x60, 0x00, 0x2f, 0xa1, 0xfc,
    0x00, 0x08, 0xf4, 0x0a, 0xf1, 0x00, 0xee, 0x00,
    0x4f, 0x70, 0x4f, 0x70, 0x00, 0xed, 0x0a, 0xf1,
    0x00, 0x08, 0xf2, 0xfb, 0x00, 0x00, 0x1f, 0xbf,
    0x50, 0x00, 0x00, 0xbf, 0xe0, 0x00, 0x00, 0x06,
    0xf9, 0x00, 0x00, 0x00, 0x9f, 0x30, 0x00, 0x06,
    0x9f, 0xb0, 0x00, 0x00, 0xcf, 0xa1, 0x00, 0x00,

    /* U+0178 "Ÿ" */
    0x00, 0x00, 0x00, 0x00, 0x00, 0x00, 0x00, 0xdb,
    0x08, 0xe1, 0x00, 0x00, 0x0d, 0xa0, 0x8e, 0x10,
    0x00, 0x00, 0x00, 0x00, 0x00, 0x00, 0x4f, 0xc0,
    0x00, 0x00, 0x9f, 0x70, 0xbf, 0x50, 0x00, 0x2f,
    0xd0, 0x02, 0xfe, 0x00, 0x0b, 0xf4, 0x00, 0x08,
    0xf7, 0x04, 0xfa, 0x00, 0x00, 0x0e, 0xf1, 0xdf,
    0x10, 0x00, 0x00, 0x5f, 0xdf, 0x70, 0x00, 0x00,
    0x00, 0xbf, 0xd0, 0x00, 0x00, 0x00, 0x05, 0xf7,
    0x00, 0x00, 0x00, 0x00, 0x5f, 0x70, 0x00, 0x00,
    0x00, 0x05, 0xf7, 0x00, 0x00, 0x00, 0x00, 0x5f,
    0x70, 0x00, 0x00, 0x00, 0x05, 0xf7, 0x00, 0x00,

    /* U+0179 "Ź" */
    0x00, 0x00, 0x03, 0x61, 0x00, 0x00, 0x00, 0x0d,
    0xb0, 0x00, 0x00, 0x00, 0x5f, 0x20, 0x00, 0x00,
    0x00, 0x00, 0x00, 0x00, 0x1f, 0xff, 0xff, 0xff,
    0xf4, 0x08, 0x88, 0x88, 0x8f, 0xf1, 0x00, 0x00,
    0x00, 0x7f, 0x60, 0x00, 0x00, 0x03, 0xfc, 0x00,
    0x00, 0x00, 0x0d, 0xf2, 0x00, 0x00, 0x00, 0x8f,
    0x70, 0x00, 0x00, 0x03, 0xfc, 0x00, 0x00, 0x00,
    0x0d, 0xf2, 0x00, 0x00, 0x00, 0x8f, 0x70, 0x00,
    0x00, 0x02, 0xfb, 0x00, 0x00, 0x00, 0x0c, 0xfa,
    0x88, 0x88, 0x82, 0x0f, 0xff, 0xff, 0xff, 0xf5,

    /* U+017A "ź" */
    0x00, 0x00, 0x16, 0x20, 0x00, 0x00, 0x9e, 0x10,
    0x00, 0x01, 0xf5, 0x00, 0x00, 0x00, 0x00, 0x00,
    0x0e, 0xff, 0xff, 0xfd, 0x07, 0x99, 0x9c, 0xfa,
    0x00, 0x00, 0x1e, 0xd0, 0x00, 0x00, 0xcf, 0x30,
    0x00, 0x08, 0xf7, 0x00, 0x00, 0x4f, 0xb0, 0x00,
    0x01, 0xee, 0x10, 0x00, 0x0c, 0xfc, 0x99, 0x98,
    0x0f, 0xff, 0xff, 0xff,

    /* U+017B "Ż" */
    0x00, 0x00, 0x00, 0x00, 0x00, 0x00, 0x00, 0xbe,
    0x10, 0x00, 0x00, 0x00, 0xae, 0x10, 0x00, 0x00,
    0x00, 0x00, 0x00, 0x00, 0x1f, 0xff, 0xff, 0xff,
    0xf4, 0x08, 0x88, 0x88, 0x8f, 0xf1, 0x00, 0x00,
    0x00, 0x7f, 0x60, 0x00, 0x00, 0x03, 0xfc, 0x00,
    0x00, 0x00, 0x0d, 0xf2, 0x00, 0x00, 0x00, 0x8f,
    0x70, 0x00, 0x00, 0x03, 0xfc, 0x00, 0x00, 0x00,
    0x0d, 0xf2, 0x00, 0x00, 0x00, 0x8f, 0x70, 0x00,
    0x00, 0x02, 0xfb, 0x00, 0x00, 0x00, 0x0c, 0xfa,
    0x88, 0x88, 0x82, 0x0f, 0xff, 0xff, 0xff, 0xf5,

    /* U+017C "ż" */
    0x00, 0x06, 0xf4, 0x00, 0x00, 0x07, 0xf5, 0x00,
    0x00, 0x00, 0x00, 0x00, 0x0e, 0xff, 0xff, 0xfd,
    0x07, 0x99, 0x9c, 0xfa, 0x00, 0x00, 0x1e, 0xd0,
    0x00, 0x00, 0xcf, 0x30, 0x00, 0x08, 0xf7, 0x00,
    0x00, 0x4f, 0xb0, 0x00, 0x01, 0xee, 0x10, 0x00,
    0x0c, 0xfc, 0x99, 0x98, 0x0f, 0xff, 0xff, 0xff,

    /* U+017D "Ž" */
    0x00, 0x38, 0x10, 0x75, 0x00, 0x00, 0x0c, 0xb7,
    0xf2, 0x00, 0x00, 0x01, 0xef, 0x40, 0x00, 0x00,
    0x00, 0x00, 0x00, 0x00, 0x1f, 0xff, 0xff, 0xff,
    0xf4, 0x08, 0x88, 0x88, 0x8f, 0xf1, 0x00, 0x00,
    0x00, 0x7f, 0x60, 0x00, 0x00, 0x03, 0xfc, 0x00,
    0x00, 0x00, 0x0d, 0xf2, 0x00, 0x00, 0x00, 0x8f,
    0x70, 0x00, 0x00, 0x03, 0xfc, 0x00, 0x00, 0x00,
    0x0d, 0xf2, 0x00, 0x00, 0x00, 0x8f, 0x70, 0x00,
    0x00, 0x02, 0xfb, 0x00, 0x00, 0x00, 0x0c, 0xfa,
    0x88, 0x88, 0x82, 0x0f, 0xff, 0xff, 0xff, 0xf5,

    /* U+017E "ž" */
    0x00, 0x73, 0x05, 0x70, 0x00, 0x8e, 0x5f, 0x60,
    0x00, 0x0b, 0xf9, 0x00, 0x00, 0x00, 0x00, 0x00,
    0x0e, 0xff, 0xff, 0xfd, 0x07, 0x99, 0x9c, 0xfa,
    0x00, 0x00, 0x1e, 0xd0, 0x00, 0x00, 0xcf, 0x30,
    0x00, 0x08, 0xf7, 0x00, 0x00, 0x4f, 0xb0, 0x00,
    0x01, 0xee, 0x10, 0x00, 0x0c, 0xfc, 0x99, 0x98,
    0x0f, 0xff, 0xff, 0xff,

    /* U+017F "ſ" */
    0x1b, 0xfe, 0x1a, 0xfa, 0x80, 0xde, 0x00, 0x0d,
    0xe0, 0x00, 0xde, 0x00, 0x0d, 0xe0, 0x00, 0xde,
    0x00, 0x0d, 0xe0, 0x00, 0xde, 0x00, 0x0d, 0xe0,
    0x00, 0xde, 0x00, 0x0d, 0xe0, 0x00,

    /* U+2000 " " */

    /* U+2001 " " */

    /* U+2002 " " */

    /* U+2003 " " */

    /* U+2004 " " */

    /* U+2005 " " */

    /* U+2006 " " */

    /* U+2007 " " */

    /* U+2008 " " */

    /* U+2009 " " */

    /* U+200A " " */

    /* U+200B "​" */

    /* U+2010 "‐" */
    0x38, 0x88, 0x86, 0x6f, 0xff, 0xfc,

    /* U+2011 "‑" */
    0x38, 0x88, 0x86, 0x6f, 0xff, 0xfc,

    /* U+2012 "‒" */
    0x28, 0x88, 0x88, 0x88, 0x85, 0x5f, 0xff, 0xff,
    0xff, 0xfa,

    /* U+2013 "–" */
    0x88, 0x88, 0x88, 0x88, 0xff, 0xff, 0xff, 0xff,

    /* U+2014 "—" */
    0x88, 0x88, 0x88, 0x88, 0x88, 0x88, 0x88, 0x88,
    0xff, 0xff, 0xff, 0xff, 0xff, 0xff, 0xff, 0xff,

    /* U+2015 "―" */
    0x88, 0x88, 0x88, 0x88, 0x88, 0x88, 0x88, 0x88,
    0xff, 0xff, 0xff, 0xff, 0xff, 0xff, 0xff, 0xff,

    /* U+2016 "‖" */
    0x08, 0x43, 0x81, 0x0f, 0x86, 0xf2, 0x0f, 0x86,
    0xf2, 0x0f, 0x86, 0xf2, 0x0f, 0x86, 0xf2, 0x0f,
    0x86, 0xf2, 0x0f, 0x86, 0xf2, 0x0f, 0x86, 0xf2,
    0x0f, 0x86, 0xf2, 0x0f, 0x86, 0xf2, 0x0f, 0x86,
    0xf2, 0x0f, 0x86, 0xf2, 0x0f, 0x86, 0xf2, 0x0f,
    0x86, 0xf2, 0x0f, 0x86, 0xf2, 0x0f, 0x86, 0xf2,
    0x0f, 0x86, 0xf2, 0x0f, 0x86, 0xf2, 0x0f, 0x86,
    0xf2, 0x0f, 0x86, 0xf2,

    /* U+2017 "‗" */
    0x00, 0x00, 0x00, 0x00, 0xff, 0xff, 0xff, 0xf5,
    0x34, 0x44, 0x44, 0x41, 0xff, 0xff, 0xff, 0xf5,
    0x33, 0x33, 0x33, 0x31,

    /* U+2018 "‘" */
    0x09, 0xb0, 0xd9, 0x2f, 0x76, 0xf4, 0x6a, 0x10,

    /* U+2019 "’" */
    0x1a, 0x73, 0xf7, 0x5f, 0x38, 0xe0, 0xaa, 0x00,

    /* U+201A "‚" */
    0x04, 0xa4, 0x08, 0xf2, 0x0b, 0xe0, 0x0d, 0x90,
    0x0f, 0x50,

    /* U+201B "‛" */
    0x3f, 0x80, 0x0e, 0xb0, 0x0a, 0xd0, 0x06, 0xf0,
    0x01, 0xa1,

    /* U+201C "“" */
    0x09, 0xb0, 0x7e, 0x0d, 0x90, 0xbb, 0x2f, 0x70,
    0xf9, 0x6f, 0x44, 0xf6, 0x6a, 0x15, 0xa3,

    /* U+201D "”" */
    0x1a, 0x70, 0xa8, 0x3f, 0x72, 0xf9, 0x5f, 0x34,
    0xf4, 0x8e, 0x06, 0xf0, 0xaa, 0x09, 0xb0,

    /* U+201E "„" */
    0x04, 0xa4, 0x3a, 0x50, 0x8f, 0x27, 0xf4, 0x0b,
    0xe0, 0x9f, 0x00, 0xd9, 0x0b, 0xb0, 0x0f, 0x50,
    0xe6, 0x00,

    /* U+201F "‟" */
    0x3f, 0x82, 0xfa, 0x00, 0xeb, 0x0d, 0xc0, 0x0a,
    0xd0, 0x9f, 0x00, 0x6f, 0x04, 0xf1, 0x01, 0xa1,
    0x0a, 0x20,

    /* U+2020 "†" */
    0x00, 0xaf, 0x00, 0x00, 0x0a, 0xf0, 0x00, 0x11,
    0xbf, 0x11, 0x0f, 0xff, 0xff, 0xf5, 0x44, 0xef,
    0x44, 0x10, 0x0a, 0xf0, 0x00, 0x00, 0x8e, 0x00,
    0x00, 0x07, 0xc0, 0x00, 0x00, 0x25, 0x00, 0x00,

    /* U+2021 "‡" */
    0x00, 0xaf, 0x00, 0x00, 0x0a, 0xf0, 0x00, 0x11,
    0xbf, 0x11, 0x0f, 0xff, 0xff, 0xf5, 0x44, 0xef,
    0x44, 0x11, 0x1b, 0xf1, 0x10, 0xff, 0xff, 0xff,
    0x54, 0x4e, 0xf4, 0x41, 0x00, 0xaf, 0x00, 0x00,
    0x08, 0xe0, 0x00, 0x00, 0x7d, 0x00, 0x00, 0x06,
    0xb0, 0x00,

    /* U+2022 "•" */
    0x00, 0x00, 0x00, 0x04, 0xef, 0xb0, 0x1f, 0xff,
    0xf8, 0x3f, 0xff, 0xfb, 0x0e, 0xff, 0xf7, 0x03,
    0xdf, 0x90,

    /* U+2023 "‣" */
    0x10, 0x00, 0x08, 0xa1, 0x00, 0x8f, 0xf7, 0x08,
    0xff, 0xe4, 0x8f, 0xa1, 0x05, 0x40, 0x00,

    /* U+2024 "․" */
    0x04, 0x09, 0xf7, 0x6f, 0x40,

    /* U+2025 "‥" */
    0x04, 0x00, 0x01, 0x40, 0x9f, 0x70, 0x0c, 0xf5,
    0x6f, 0x40, 0x09, 0xe3,

    /* U+2026 "…" */
    0x04, 0x00, 0x01, 0x40, 0x00, 0x23, 0x09, 0xf7,
    0x00, 0xcf, 0x50, 0x0e, 0xf3, 0x6f, 0x40, 0x09,
    0xe3, 0x00, 0xbe, 0x10,

    /* U+2027 "‧" */
    0x04, 0x09, 0xf7, 0x6f, 0x40,

    /* U+202F " " */

    /* U+2030 "‰" */
    0x06, 0xef, 0x80, 0x00, 0x02, 0xf4, 0x00, 0x00,
    0x00, 0x02, 0xf7, 0x5f, 0x40, 0x00, 0xc9, 0x00,
    0x00, 0x00, 0x00, 0x4f, 0x00, 0xf6, 0x00, 0x7e,
    0x10, 0x00, 0x00, 0x00, 0x03, 0xf4, 0x2f, 0x40,
    0x2f, 0x40, 0x00, 0x00, 0x00, 0x00, 0x09, 0xff,
    0xb0, 0x0c, 0x90, 0x00, 0x00, 0x00, 0x00, 0x00,
    0x01, 0x10, 0x07, 0xe1, 0x00, 0x00, 0x00, 0x00,
    0x00, 0x00, 0x00, 0x02, 0xf4, 0x07, 0xed, 0x40,
    0x0a, 0xfc, 0x20, 0x00, 0x00, 0xc9, 0x04, 0xf5,
    0x8f, 0x08, 0xe3, 0xbb, 0x00, 0x00, 0x7e, 0x10,
    0x7d, 0x02, 0xf3, 0xba, 0x06, 0xf0, 0x00, 0x2f,
    0x40, 0x07, 0xd0, 0x2f, 0x3b, 0x90, 0x6f, 0x00,
    0x0c, 0x90, 0x00, 0x4f, 0x59, 0xf0, 0x8e, 0x3b,
    0xb0, 0x07, 0xe1, 0x00, 0x00, 0x8f, 0xe4, 0x00,
    0xbf, 0xc2,

    /* U+2031 "‱" */
    0x06, 0xef, 0x80, 0x00, 0x02, 0xf4, 0x00, 0x00,
    0x00, 0x00, 0x00, 0x00, 0x02, 0xf7, 0x5f, 0x40,
    0x00, 0xc9, 0x00, 0x00, 0x00, 0x00, 0x00, 0x00,
    0x00, 0x4f, 0x00, 0xf6, 0x00, 0x7e, 0x10, 0x00,
    0x00, 0x00, 0x00, 0x00, 0x00, 0x03, 0xf4, 0x2f,
    0x40, 0x2f, 0x40, 0x00, 0x00, 0x00, 0x00, 0x00,
    0x00, 0x00, 0x09, 0xff, 0xb0, 0x0c, 0x90, 0x00,
    0x00, 0x00, 0x00, 0x00, 0x00, 0x00, 0x00, 0x01,
    0x10, 0x07, 0xe1, 0x00, 0x00, 0x00, 0x00, 0x00,
    0x00, 0x00, 0x00, 0x00, 0x00, 0x02, 0xf4, 0x07,
    0xed, 0x40, 0x0a, 0xfc, 0x20, 0x1c, 0xfa, 0x00,
    0x00, 0x00, 0xc9, 0x04, 0xf5, 0x8f, 0x08, 0xe3,
    0xbb, 0x0b, 0xb3, 0xe8, 0x00, 0x00, 0x7e, 0x10,
    0x7d, 0x02, 0xf3, 0xba, 0x06, 0xf0, 0xf6, 0x0a,
    0xb0, 0x00, 0x2f, 0x40, 0x07, 0xd0, 0x2f, 0x3b,
    0x90, 0x6f, 0x0f, 0x60, 0xab, 0x00, 0x0c, 0x90,
    0x00, 0x4f, 0x59, 0xf0, 0x8e, 0x3b, 0xb0, 0xcb,
    0x3e, 0x80, 0x07, 0xe1, 0x00, 0x00, 0x8f, 0xe4,
    0x00, 0xbf, 0xc2, 0x02, 0xdf, 0xb0,

    /* U+2032 "′" */
    0x0c, 0xe0, 0x0e, 0xa0, 0x0f, 0x70, 0x1f, 0x30,
    0x06, 0x00,

    /* U+2033 "″" */
    0x0c, 0xe0, 0x0f, 0xb0, 0xea, 0x01, 0xf7, 0x0f,
    0x70, 0x3f, 0x41, 0xf3, 0x04, 0xf0, 0x06, 0x00,
    0x25, 0x00,

    /* U+2034 "‴" */
    0x0c, 0xe0, 0x0f, 0xb0, 0x3f, 0x80, 0xea, 0x01,
    0xf7, 0x04, 0xf4, 0x0f, 0x70, 0x3f, 0x40, 0x6f,
    0x11, 0xf3, 0x04, 0xf0, 0x07, 0xd0, 0x06, 0x00,
    0x25, 0x00, 0x34, 0x00,

    /* U+2035 "‵" */
    0x0f, 0xa0, 0x0d, 0xb0, 0x09, 0xd0, 0x06, 0xe0,
    0x01, 0x50,

    /* U+2036 "‶" */
    0x0f, 0xa0, 0x4f, 0x60, 0xdb, 0x00, 0xf8, 0x09,
    0xd0, 0x0d, 0xa0, 0x6e, 0x00, 0x9b, 0x01, 0x50,
    0x02, 0x40,

    /* U+2037 "‷" */
    0x0f, 0xa0, 0x4f, 0x60, 0x7f, 0x30, 0xdb, 0x00,
    0xf8, 0x03, 0xf5, 0x09, 0xd0, 0x0d, 0xa0, 0x0f,
    0x70, 0x6e, 0x00, 0x9b, 0x00, 0xc8, 0x01, 0x50,
    0x02, 0x40, 0x03, 0x30,

    /* U+2038 "‸" */
    0x00, 0x0a, 0x70, 0x00, 0x07, 0xff, 0x30, 0x02,
    0xf5, 0x8e, 0x00, 0xda, 0x00, 0xda,

    /* U+2039 "‹" */
    0x00, 0x08, 0xf6, 0x00, 0x5f, 0x90, 0x03, 0xfb,
    0x00, 0x1e, 0xe1, 0x00, 0x0a, 0xf5, 0x00, 0x00,
    0xcf, 0x30, 0x00, 0x1d, 0xe1, 0x00, 0x02, 0x84,

    /* U+203A "›" */
    0x1e, 0xd1, 0x00, 0x03, 0xfb, 0x00, 0x00, 0x5f,
    0x90, 0x00, 0x09, 0xf6, 0x00, 0x1d, 0xe1, 0x00,
    0xbf, 0x30, 0x09, 0xf5, 0x00, 0x18, 0x60, 0x00,

    /* U+203B "※" */
    0x00, 0x04, 0xf6, 0x00, 0x00, 0x08, 0xb4, 0xe6,
    0x8b, 0x00, 0x08, 0xfb, 0x08, 0xfb, 0x00, 0xbc,
    0x8f, 0xff, 0xbb, 0xd0, 0xcd, 0x0f, 0xff, 0x1b,
    0xe1, 0x00, 0x8f, 0xff, 0xb0, 0x00, 0x08, 0xfb,
    0x08, 0xfb, 0x00, 0x08, 0xb4, 0xe6, 0x8b, 0x00,
    0x00, 0x04, 0xf6, 0x00, 0x00,

    /* U+203C "‼" */
    0x8f, 0x60, 0x0a, 0xf3, 0x7f, 0x50, 0x0a, 0xf3,
    0x7f, 0x50, 0x09, 0xf3, 0x7f, 0x50, 0x09, 0xf3,
    0x7f, 0x50, 0x09, 0xf2, 0x6f, 0x40, 0x09, 0xf2,
    0x6f, 0x40, 0x08, 0xf2, 0x6f, 0x40, 0x08, 0xf2,
    0x00, 0x00, 0x00, 0x00, 0x04, 0x00, 0x01, 0x40,
    0x9f, 0x70, 0x0c, 0xf5, 0x7f, 0x50, 0x09, 0xe3,

    /* U+203D "‽" */
    0x02, 0xae, 0xfc, 0x30, 0x0e, 0xf9, 0x8e, 0xf2,
    0x3c, 0x50, 0x04, 0xf8, 0x00, 0x0f, 0x62, 0xf8,
    0x00, 0x0e, 0x6a, 0xf3, 0x00, 0x0e, 0xff, 0x60,
    0x00, 0x0f, 0xf2, 0x00, 0x00, 0x0f, 0xe0, 0x00,
    0x00, 0x01, 0x10, 0x00, 0x00, 0x03, 0x20, 0x00,
    0x00, 0x2f, 0xe0, 0x00, 0x00, 0x1e, 0xb0, 0x00,

    /* U+203E "‾" */
    0x12, 0x22, 0x22, 0x22, 0x7f, 0xff, 0xff, 0xfe,
    0x25, 0x55, 0x55, 0x54,

    /* U+203F "‿" */
    0x2c, 0x61, 0x00, 0x00, 0x00, 0x4b, 0x60, 0x8f,
    0xfd, 0xba, 0xbc, 0xff, 0xc1, 0x00, 0x39, 0xdf,
    0xff, 0xda, 0x50, 0x00,

    /* U+2040 "⁀" */
    0x00, 0x17, 0xce, 0xff, 0xd9, 0x40, 0x00, 0x8f,
    0xfb, 0x97, 0x8a, 0xef, 0xc1, 0x2c, 0x50, 0x00,
    0x00, 0x00, 0x3b, 0x60,

    /* U+2041 "⁁" */
    0x00, 0x00, 0x07, 0x30, 0x00, 0x03, 0xf5, 0x00,
    0x00, 0xcb, 0x00, 0x00, 0x6f, 0x20, 0x00, 0x1f,
    0x80, 0x00, 0x0a, 0xf7, 0x00, 0x04, 0xfd, 0xf1,
    0x00, 0xdb, 0x0d, 0xa0, 0x1b, 0x20, 0x4b, 0x00,

    /* U+2042 "⁂" */
    0x00, 0x01, 0x53, 0x10, 0x00, 0x00, 0x0a, 0xff,
    0x70, 0x00, 0x00, 0x4e, 0xff, 0xe2, 0x00, 0x00,
    0x0a, 0xff, 0x70, 0x00, 0x00, 0x02, 0x64, 0x10,
    0x00, 0x02, 0xa2, 0x00, 0x2b, 0x20, 0x3e, 0xfd,
    0x12, 0xdf, 0xd1, 0xcf, 0xff, 0x8b, 0xff, 0xf9,
    0x2e, 0xfd, 0x12, 0xef, 0xd1, 0x13, 0xb3, 0x00,
    0x3c, 0x30,

    /* U+2043 "⁃" */
    0x78, 0x88, 0x3e, 0xff, 0xf7,

    /* U+2044 "⁄" */
    0x00, 0x00, 0x00, 0x00, 0x7e, 0x10, 0x00, 0x00,
    0x00, 0x2f, 0x40, 0x00, 0x00, 0x00, 0x0c, 0xa0,
    0x00, 0x00, 0x00, 0x07, 0xe1, 0x00, 0x00, 0x00,
    0x02, 0xf4, 0x00, 0x00, 0x00, 0x00, 0xca, 0x00,
    0x00, 0x00, 0x00, 0x7e, 0x10, 0x00, 0x00, 0x00,
    0x2f, 0x40, 0x00, 0x00, 0x00, 0x0c, 0xa0, 0x00,
    0x00, 0x00, 0x07, 0xe1, 0x00, 0x00, 0x00, 0x02,
    0xf4, 0x00, 0x00, 0x00, 0x00, 0xca, 0x00, 0x00,
    0x00, 0x00,

    /* U+2045 "⁅" */
    0x01, 0x11, 0x5f, 0xff, 0x5f, 0x84, 0x5f, 0x40,
    0x5f, 0x40, 0x5f, 0x40, 0x5f, 0x61, 0x5f, 0xff,
    0x5f, 0x94, 0x5f, 0x40, 0x5f, 0x40, 0x5f, 0x40,
    0x5f, 0x40, 0x5f, 0x62, 0x5f, 0xff, 0x14, 0x44,

    /* U+2046 "⁆" */
    0x01, 0x11, 0x01, 0xff, 0xf4, 0x04, 0x9f, 0x40,
    0x06, 0xf4, 0x00, 0x6f, 0x40, 0x06, 0xf4, 0x01,
    0x8f, 0x41, 0xff, 0xf4, 0x04, 0xbf, 0x40, 0x06,
    0xf4, 0x00, 0x6f, 0x40, 0x06, 0xf4, 0x00, 0x6f,
    0x40, 0x27, 0xf4, 0x1f, 0xff, 0x40, 0x44, 0x41,

    /* U+2047 "⁇" */
    0x01, 0xae, 0xfc, 0x40, 0x00, 0x6d, 0xfe, 0x80,
    0x00, 0xdf, 0xa9, 0xef, 0x30, 0x6f, 0xd8, 0xcf,
    0x90, 0x3f, 0x90, 0x04, 0xf9, 0x0c, 0xf1, 0x00,
    0xdf, 0x01, 0x31, 0x00, 0x3f, 0x90, 0x22, 0x00,
    0x0c, 0xf0, 0x00, 0x00, 0x0c, 0xf5, 0x00, 0x00,
    0x06, 0xfc, 0x00, 0x00, 0x2d, 0xf8, 0x00, 0x00,
    0x08, 0xfd, 0x10, 0x00, 0x0b, 0xf4, 0x00, 0x00,
    0x04, 0xfa, 0x00, 0x00, 0x00, 0xfb, 0x00, 0x00,
    0x00, 0x8f, 0x20, 0x00, 0x00, 0x04, 0x30, 0x00,
    0x00, 0x02, 0x40, 0x00, 0x00, 0x00, 0x31, 0x00,
    0x00, 0x00, 0x14, 0x00, 0x00, 0x00, 0x3f, 0xe0,
    0x00, 0x00, 0x0c, 0xf5, 0x00, 0x00, 0x01, 0xeb,
    0x00, 0x00, 0x00, 0x9e, 0x30, 0x00,

    /* U+2048 "⁈" */
    0x01, 0xae, 0xfc, 0x40, 0x01, 0xfd, 0x00, 0xdf,
    0xa9, 0xff, 0x30, 0x0f, 0xc0, 0x3f, 0x90, 0x04,
    0xf9, 0x00, 0xfc, 0x01, 0x31, 0x00, 0x2f, 0x90,
    0x0f, 0xc0, 0x00, 0x00, 0x0b, 0xf5, 0x00, 0xfc,
    0x00, 0x00, 0x1d, 0xf9, 0x00, 0x0f, 0xb0, 0x00,
    0x0b, 0xf5, 0x00, 0x00, 0xfb, 0x00, 0x00, 0xfb,
    0x00, 0x00, 0x0f, 0xb0, 0x00, 0x06, 0x40, 0x00,
    0x00, 0x32, 0x00, 0x00, 0x31, 0x00, 0x00, 0x03,
    0x20, 0x00, 0x3f, 0xe0, 0x00, 0x02, 0xfe, 0x00,
    0x01, 0xeb, 0x00, 0x00, 0x1e, 0xb0,

    /* U+2049 "⁉" */
    0x8f, 0x60, 0x02, 0xbf, 0xfb, 0x30, 0x7f, 0x50,
    0x1e, 0xf7, 0x7e, 0xf1, 0x7f, 0x50, 0x6f, 0x60,
    0x05, 0xf7, 0x7f, 0x50, 0x01, 0x00, 0x05, 0xf7,
    0x7f, 0x50, 0x00, 0x00, 0x2e, 0xf2, 0x6f, 0x40,
    0x00, 0x04, 0xff, 0x50, 0x6f, 0x40, 0x00, 0x0e,
    0xf2, 0x00, 0x6f, 0x40, 0x00, 0x1f, 0x90, 0x00,
    0x00, 0x00, 0x00, 0x04, 0x20, 0x00, 0x04, 0x00,
    0x00, 0x04, 0x10, 0x00, 0x9f, 0x70, 0x00, 0x5f,
    0xc0, 0x00, 0x7f, 0x50, 0x00, 0x3e, 0x90, 0x00,

    /* U+204A "⁊" */
    0x4f, 0xff, 0xff, 0x72, 0x88, 0x89, 0xf6, 0x00,
    0x00, 0x3f, 0x40, 0x00, 0x05, 0xf2, 0x00, 0x00,
    0x6f, 0x10, 0x00, 0x08, 0xf0, 0x00, 0x00, 0x9e,
    0x00, 0x00, 0x0b, 0xc0, 0x00, 0x00, 0xda, 0x00,
    0x00, 0x0e, 0x90, 0x00, 0x00, 0xf7, 0x00, 0x00,
    0x1f, 0x60,

    /* U+204B "⁋" */
    0xff, 0xff, 0xfb, 0x30, 0xff, 0x8d, 0xff, 0xf2,
    0xbe, 0x0b, 0xff, 0xfa, 0xbe, 0x0b, 0xff, 0xfc,
    0xbe, 0x0b, 0xff, 0xfc, 0xbe, 0x0b, 0xff, 0xf7,
    0xbe, 0x0b, 0xff, 0xb0, 0xbe, 0x06, 0x74, 0x00,
    0xbe, 0x00, 0x00, 0x00, 0xbe, 0x00, 0x00, 0x00,
    0xbe, 0x00, 0x00, 0x00, 0xbe, 0x00, 0x00, 0x00,

    /* U+204C "⁌" */
    0x00, 0x00, 0x00, 0x00, 0x07, 0xdf, 0xff, 0xf5,
    0x7f, 0xff, 0x78, 0xf5, 0xcf, 0xff, 0x54, 0xf5,
    0xdf, 0xff, 0x54, 0xf5, 0x8f, 0xff, 0x55, 0xf5,
    0x0a, 0xff, 0xff, 0xf5, 0x00, 0x13, 0x34, 0x71,

    /* U+204D "⁍" */
    0x00, 0x00, 0x00, 0x00, 0xff, 0xff, 0xfb, 0x30,
    0xdf, 0x3c, 0xff, 0xe1, 0xcd, 0x0c, 0xff, 0xf5,
    0xcd, 0x0c, 0xff, 0xf5, 0xce, 0x0c, 0xff, 0xf1,
    0xff, 0xff, 0xfe, 0x50, 0x46, 0x33, 0x20, 0x00,

    /* U+204E "⁎" */
    0x00, 0x48, 0x00, 0x03, 0x16, 0xb0, 0x40, 0xbe,
    0xac, 0xce, 0x10, 0x6f, 0xfa, 0x10, 0x7e, 0xde,
    0xfa, 0x18, 0x56, 0xb2, 0xa0, 0x00, 0x6c, 0x00,
    0x00,

    /* U+204F "⁏" */
    0x04, 0x00, 0x9f, 0x70, 0x7f, 0x40, 0x00, 0x00,
    0x00, 0x00, 0x00, 0x00, 0x00, 0x00, 0x3a, 0x40,
    0x2f, 0x80, 0x0d, 0xb0, 0x09, 0xd0, 0x05, 0xf0,

    /* U+2050 "⁐" */
    0x00, 0x39, 0xdf, 0xff, 0xd9, 0x30, 0x00, 0x9f,
    0xfc, 0xba, 0xbc, 0xff, 0xb1, 0x3b, 0x50, 0x00,
    0x00, 0x00, 0x4b, 0x40, 0x00, 0x00, 0x00, 0x00,
    0x00, 0x00, 0x00, 0x00, 0x00, 0x00, 0x00, 0x00,
    0x00, 0x00, 0x00, 0x00, 0x00, 0x00, 0x00, 0x00,
    0x00, 0x00, 0x00, 0x00, 0x00, 0x00, 0x00, 0x00,
    0x00, 0x00, 0x00, 0x00, 0x00, 0x00, 0x00, 0x00,
    0x00, 0x00, 0x00, 0x00, 0x00, 0x00, 0x00, 0x00,
    0x00, 0x00, 0x00, 0x00, 0x00, 0x00, 0x00, 0x00,
    0x00, 0x00, 0x00, 0x00, 0x00, 0x00, 0x00, 0x00,
    0x00, 0x00, 0x00, 0x00, 0x03, 0xc5, 0x00, 0x00,
    0x00, 0x04, 0xb5, 0x09, 0xff, 0xdb, 0xab, 0xdf,
    0xfc, 0x10, 0x03, 0x9d, 0xff, 0xfd, 0xa4, 0x00,

    /* U+2051 "⁑" */
    0x00, 0x0a, 0x90, 0x00, 0x09, 0x39, 0x83, 0x90,
    0x09, 0xfd, 0xdf, 0x80, 0x00, 0x8f, 0xf7, 0x00,
    0x0d, 0xdb, 0xbd, 0xd0, 0x04, 0x09, 0x80, 0x40,
    0x00, 0x06, 0x60, 0x00, 0x00, 0x00, 0x00, 0x00,
    0x00, 0x06, 0x60, 0x00, 0x04, 0x09, 0x80, 0x40,
    0x0d, 0xdb, 0xbd, 0xd0, 0x00, 0x8f, 0xf8, 0x00,
    0x08, 0xfd, 0xdf, 0x80, 0x09, 0x39, 0x83, 0x90,
    0x00, 0x09, 0x90, 0x00,

    /* U+2052 "⁒" */
    0x00, 0x00, 0x00, 0x00, 0x0d, 0x80, 0x06, 0xb2,
    0x00, 0x00, 0x9d, 0x00, 0x0f, 0xf9, 0x00, 0x04,
    0xf3, 0x00, 0x0a, 0xe4, 0x00, 0x0d, 0x80, 0x00,
    0x00, 0x00, 0x00, 0x9d, 0x00, 0x00, 0x00, 0x00,
    0x04, 0xf3, 0x00, 0x00, 0x00, 0x00, 0x0d, 0x80,
    0x00, 0x00, 0x00, 0x00, 0x9d, 0x00, 0x00, 0x00,
    0x00, 0x04, 0xf3, 0x00, 0x1d, 0xd1, 0x00, 0x0d,
    0x80, 0x00, 0x4f, 0xf4, 0x00, 0x9d, 0x00, 0x00,
    0x09, 0x90, 0x03, 0xf3, 0x00, 0x00, 0x00, 0x00,

    /* U+2053 "⁓" */
    0x4c, 0xfd, 0x71, 0x00, 0x00, 0xbb, 0x8a, 0xff,
    0xa9, 0xe8, 0x00, 0x00, 0x18, 0xdf, 0xb2,

    /* U+2054 "⁔" */
    0x00, 0x03, 0x79, 0xa9, 0x84, 0x00, 0x00, 0x3d,
    0xff, 0xff, 0xff, 0xfe, 0x70, 0x2f, 0xb6, 0x21,
    0x00, 0x25, 0xaf, 0x70, 0x10, 0x00, 0x00, 0x00,
    0x00, 0x10,

    /* U+2055 "⁕" */
    0x00, 0x02, 0x10, 0x00, 0x04, 0x1d, 0x83, 0x10,
    0x0e, 0xce, 0xbf, 0x90, 0x14, 0xff, 0xfe, 0x20,
    0xcf, 0xff, 0xff, 0xf7, 0x36, 0xff, 0xff, 0x41,
    0x0d, 0xdf, 0xdf, 0x80, 0x06, 0x2d, 0x85, 0x30,
    0x00, 0x03, 0x20, 0x00,

    /* U+2057 "⁗" */
    0x0c, 0xe0, 0x0f, 0xb0, 0x3f, 0x80, 0x6f, 0x40,
    0xea, 0x01, 0xf7, 0x04, 0xf4, 0x08, 0xf1, 0x0f,
    0x70, 0x3f, 0x40, 0x6f, 0x10, 0x9d, 0x01, 0xf3,
    0x04, 0xf0, 0x07, 0xd0, 0x0b, 0xa0, 0x06, 0x00,
    0x25, 0x00, 0x34, 0x00, 0x42, 0x00,

    /* U+205F " " */

};

/*---------------------
 *  GLYPH DESCRIPTION
 *--------------------*/

static const lv_font_fmt_txt_glyph_dsc_t glyph_dsc[] = {
    {.bitmap_index = 0, .adv_w = 0, .box_w = 0, .box_h = 0, .ofs_x = 0, .ofs_y = 0} /* id = 0 reserved */,
    {.bitmap_index = 0, .adv_w = 68, .box_w = 0, .box_h = 0, .ofs_x = 0, .ofs_y = 0},
    {.bitmap_index = 0, .adv_w = 78, .box_w = 3, .box_h = 12, .ofs_x = 1, .ofs_y = 0},
    {.bitmap_index = 18, .adv_w = 127, .box_w = 6, .box_h = 5, .ofs_x = 1, .ofs_y = 7},
    {.bitmap_index = 33, .adv_w = 164, .box_w = 10, .box_h = 12, .ofs_x = 0, .ofs_y = 0},
    {.bitmap_index = 93, .adv_w = 165, .box_w = 10, .box_h = 16, .ofs_x = 0, .ofs_y = -2},
    {.bitmap_index = 173, .adv_w = 254, .box_w = 14, .box_h = 12, .ofs_x = 1, .ofs_y = 0},
    {.bitmap_index = 257, .adv_w = 167, .box_w = 11, .box_h = 12, .ofs_x = 0, .ofs_y = 0},
    {.bitmap_index = 323, .adv_w = 80, .box_w = 3, .box_h = 5, .ofs_x = 1, .ofs_y = 7},
    {.bitmap_index = 331, .adv_w = 94, .box_w = 5, .box_h = 15, .ofs_x = 1, .ofs_y = -2},
    {.bitmap_index = 369, .adv_w = 94, .box_w = 5, .box_h = 15, .ofs_x = 0, .ofs_y = -2},
    {.bitmap_index = 407, .adv_w = 133, .box_w = 7, .box_h = 7, .ofs_x = 1, .ofs_y = 5},
    {.bitmap_index = 432, .adv_w = 171, .box_w = 9, .box_h = 8, .ofs_x = 1, .ofs_y = 1},
    {.bitmap_index = 468, .adv_w = 78, .box_w = 4, .box_h = 5, .ofs_x = 0, .ofs_y = -3},
    {.bitmap_index = 478, .adv_w = 118, .box_w = 6, .box_h = 2, .ofs_x = 1, .ofs_y = 4},
    {.bitmap_index = 484, .adv_w = 78, .box_w = 3, .box_h = 3, .ofs_x = 1, .ofs_y = 0},
    {.bitmap_index = 489, .adv_w = 95, .box_w = 6, .box_h = 14, .ofs_x = 0, .ofs_y = -2},
    {.bitmap_index = 531, .adv_w = 165, .box_w = 10, .box_h = 12, .ofs_x = 0, .ofs_y = 0},
    {.bitmap_index = 591, .adv_w = 106, .box_w = 6, .box_h = 12, .ofs_x = 0, .ofs_y = 0},
    {.bitmap_index = 627, .adv_w = 158, .box_w = 8, .box_h = 12, .ofs_x = 1, .ofs_y = 0},
    {.bitmap_index = 675, .adv_w = 161, .box_w = 10, .box_h = 12, .ofs_x = 0, .ofs_y = 0},
    {.bitmap_index = 735, .adv_w = 168, .box_w = 10, .box_h = 12, .ofs_x = 0, .ofs_y = 0},
    {.bitmap_index = 795, .adv_w = 154, .box_w = 9, .box_h = 12, .ofs_x = 0, .ofs_y = 0},
    {.bitmap_index = 849, .adv_w = 161, .box_w = 10, .box_h = 12, .ofs_x = 0, .ofs_y = 0},
    {.bitmap_index = 909, .adv_w = 146, .box_w = 9, .box_h = 12, .ofs_x = 0, .ofs_y = 0},
    {.bitmap_index = 963, .adv_w = 161, .box_w = 10, .box_h = 12, .ofs_x = 0, .ofs_y = 0},
    {.bitmap_index = 1023, .adv_w = 161, .box_w = 10, .box_h = 12, .ofs_x = 0, .ofs_y = 0},
    {.bitmap_index = 1083, .adv_w = 78, .box_w = 3, .box_h = 9, .ofs_x = 1, .ofs_y = 0},
    {.bitmap_index = 1097, .adv_w = 81, .box_w = 4, .box_h = 12, .ofs_x = 0, .ofs_y = -3},
    {.bitmap_index = 1121, .adv_w = 171, .box_w = 8, .box_h = 10, .ofs_x = 1, .ofs_y = 0},
    {.bitmap_index = 1161, .adv_w = 171, .box_w = 8, .box_h = 5, .ofs_x = 1, .ofs_y = 2},
    {.bitmap_index = 1181, .adv_w = 171, .box_w = 9, .box_h = 10, .ofs_x = 1, .ofs_y = 0},
    {.bitmap_index = 1226, .adv_w = 135, .box_w = 8, .box_h = 12, .ofs_x = 0, .ofs_y = 0},
    {.bitmap_index = 1274, .adv_w = 252, .box_w = 15, .box_h = 15, .ofs_x = 0, .ofs_y = -3},
    {.bitmap_index = 1387, .adv_w = 182, .box_w = 11, .box_h = 12, .ofs_x = 0, .ofs_y = 0},
    {.bitmap_index = 1453, .adv_w = 168, .box_w = 9, .box_h = 12, .ofs_x = 1, .ofs_y = 0},
    {.bitmap_index = 1507, .adv_w = 188, .box_w = 11, .box_h = 12, .ofs_x = 0, .ofs_y = 0},
    {.bitmap_index = 1573, .adv_w = 185, .box_w = 10, .box_h = 12, .ofs_x = 1, .ofs_y = 0},
    {.bitmap_index = 1633, .adv_w = 154, .box_w = 8, .box_h = 12, .ofs_x = 1, .ofs_y = 0},
    {.bitmap_index = 1681, .adv_w = 151, .box_w = 8, .box_h = 12, .ofs_x = 1, .ofs_y = 0},
    {.bitmap_index = 1729, .adv_w = 191, .box_w = 12, .box_h = 12, .ofs_x = 0, .ofs_y = 0},
    {.bitmap_index = 1801, .adv_w = 191, .box_w = 10, .box_h = 12, .ofs_x = 1, .ofs_y = 0},
    {.bitmap_index = 1861, .adv_w = 70, .box_w = 3, .box_h = 12, .ofs_x = 1, .ofs_y = 0},
    {.bitmap_index = 1879, .adv_w = 147, .box_w = 8, .box_h = 12, .ofs_x = 0, .ofs_y = 0},
    {.bitmap_index = 1927, .adv_w = 176, .box_w = 10, .box_h = 12, .ofs_x = 1, .ofs_y = 0},
    {.bitmap_index = 1987, .adv_w = 145, .box_w = 8, .box_h = 12, .ofs_x = 1, .ofs_y = 0},
    {.bitmap_index = 2035, .adv_w = 234, .box_w = 13, .box_h = 12, .ofs_x = 1, .ofs_y = 0},
    {.bitmap_index = 2113, .adv_w = 194, .box_w = 10, .box_h = 12, .ofs_x = 1, .ofs_y = 0},
    {.bitmap_index = 2173, .adv_w = 196, .box_w = 12, .box_h = 12, .ofs_x = 0, .ofs_y = 0},
    {.bitmap_index = 2245, .adv_w = 164, .box_w = 9, .box_h = 12, .ofs_x = 1, .ofs_y = 0},
    {.bitmap_index = 2299, .adv_w = 197, .box_w = 12, .box_h = 13, .ofs_x = 0, .ofs_y = -1},
    {.bitmap_index = 2377, .adv_w = 166, .box_w = 9, .box_h = 12, .ofs_x = 1, .ofs_y = 0},
    {.bitmap_index = 2431, .adv_w = 165, .box_w = 10, .box_h = 12, .ofs_x = 0, .ofs_y = 0},
    {.bitmap_index = 2491, .adv_w = 167, .box_w = 10, .box_h = 12, .ofs_x = 0, .ofs_y = 0},
    {.bitmap_index = 2551, .adv_w = 190, .box_w = 10, .box_h = 12, .ofs_x = 1, .ofs_y = 0},
    {.bitmap_index = 2611, .adv_w = 182, .box_w = 11, .box_h = 12, .ofs_x = 0, .ofs_y = 0},
    {.bitmap_index = 2677, .adv_w = 257, .box_w = 16, .box_h = 12, .ofs_x = 0, .ofs_y = 0},
    {.bitmap_index = 2773, .adv_w = 179, .box_w = 11, .box_h = 12, .ofs_x = 0, .ofs_y = 0},
    {.bitmap_index = 2839, .adv_w = 178, .box_w = 11, .box_h = 12, .ofs_x = 0, .ofs_y = 0},
    {.bitmap_index = 2905, .adv_w = 164, .box_w = 10, .box_h = 12, .ofs_x = 0, .ofs_y = 0},
    {.bitmap_index = 2965, .adv_w = 94, .box_w = 4, .box_h = 16, .ofs_x = 1, .ofs_y = -3},
    {.bitmap_index = 2997, .adv_w = 95, .box_w = 6, .box_h = 14, .ofs_x = 0, .ofs_y = -2},
    {.bitmap_index = 3039, .adv_w = 94, .box_w = 5, .box_h = 16, .ofs_x = 0, .ofs_y = -3},
    {.bitmap_index = 3079, .adv_w = 122, .box_w = 8, .box_h = 6, .ofs_x = 0, .ofs_y = 6},
    {.bitmap_index = 3103, .adv_w = 119, .box_w = 8, .box_h = 2, .ofs_x = 0, .ofs_y = -1},
    {.bitmap_index = 3111, .adv_w = 86, .box_w = 4, .box_h = 3, .ofs_x = 1, .ofs_y = 10},
    {.bitmap_index = 3117, .adv_w = 145, .box_w = 8, .box_h = 9, .ofs_x = 0, .ofs_y = 0},
    {.bitmap_index = 3153, .adv_w = 158, .box_w = 9, .box_h = 12, .ofs_x = 1, .ofs_y = 0},
    {.bitmap_index = 3207, .adv_w = 148, .box_w = 9, .box_h = 9, .ofs_x = 0, .ofs_y = 0},
    {.bitmap_index = 3248, .adv_w = 158, .box_w = 9, .box_h = 12, .ofs_x = 0, .ofs_y = 0},
    {.bitmap_index = 3302, .adv_w = 150, .box_w = 9, .box_h = 9, .ofs_x = 0, .ofs_y = 0},
    {.bitmap_index = 3343, .adv_w = 97, .box_w = 6, .box_h = 12, .ofs_x = 0, .ofs_y = 0},
    {.bitmap_index = 3379, .adv_w = 159, .box_w = 9, .box_h = 12, .ofs_x = 0, .ofs_y = -3},
    {.bitmap_index = 3433, .adv_w = 154, .box_w = 8, .box_h = 12, .ofs_x = 1, .ofs_y = 0},
    {.bitmap_index = 3481, .adv_w = 65, .box_w = 4, .box_h = 12, .ofs_x = 0, .ofs_y = 0},
    {.bitmap_index = 3505, .adv_w = 65, .box_w = 5, .box_h = 15, .ofs_x = -1, .ofs_y = -3},
    {.bitmap_index = 3543, .adv_w = 143, .box_w = 8, .box_h = 12, .ofs_x = 1, .ofs_y = 0},
    {.bitmap_index = 3591, .adv_w = 65, .box_w = 2, .box_h = 12, .ofs_x = 1, .ofs_y = 0},
    {.bitmap_index = 3603, .adv_w = 227, .box_w = 13, .box_h = 9, .ofs_x = 1, .ofs_y = 0},
    {.bitmap_index = 3662, .adv_w = 154, .box_w = 8, .box_h = 9, .ofs_x = 1, .ofs_y = 0},
    {.bitmap_index = 3698, .adv_w = 155, .box_w = 9, .box_h = 9, .ofs_x = 0, .ofs_y = 0},
    {.bitmap_index = 3739, .adv_w = 158, .box_w = 9, .box_h = 12, .ofs_x = 1, .ofs_y = -3},
    {.bitmap_index = 3793, .adv_w = 158, .box_w = 9, .box_h = 12, .ofs_x = 0, .ofs_y = -3},
    {.bitmap_index = 3847, .adv_w = 99, .box_w = 5, .box_h = 10, .ofs_x = 1, .ofs_y = 0},
    {.bitmap_index = 3872, .adv_w = 138, .box_w = 8, .box_h = 9, .ofs_x = 0, .ofs_y = 0},
    {.bitmap_index = 3908, .adv_w = 87, .box_w = 6, .box_h = 11, .ofs_x = 0, .ofs_y = 0},
    {.bitmap_index = 3941, .adv_w = 154, .box_w = 8, .box_h = 9, .ofs_x = 1, .ofs_y = 0},
    {.bitmap_index = 3977, .adv_w = 147, .box_w = 9, .box_h = 9, .ofs_x = 0, .ofs_y = 0},
    {.bitmap_index = 4018, .adv_w = 212, .box_w = 13, .box_h = 9, .ofs_x = 0, .ofs_y = 0},
    {.bitmap_index = 4077, .adv_w = 143, .box_w = 9, .box_h = 9, .ofs_x = 0, .ofs_y = 0},
    {.bitmap_index = 4118, .adv_w = 147, .box_w = 9, .box_h = 12, .ofs_x = 0, .ofs_y = -3},
    {.bitmap_index = 4172, .adv_w = 143, .box_w = 8, .box_h = 9, .ofs_x = 0, .ofs_y = 0},
    {.bitmap_index = 4208, .adv_w = 113, .box_w = 6, .box_h = 15, .ofs_x = 1, .ofs_y = -3},
    {.bitmap_index = 4253, .adv_w = 89, .box_w = 3, .box_h = 20, .ofs_x = 1, .ofs_y = -4},
    {.bitmap_index = 4283, .adv_w = 113, .box_w = 6, .box_h = 15, .ofs_x = 0, .ofs_y = -3},
    {.bitmap_index = 4328, .adv_w = 171, .box_w = 9, .box_h = 3, .ofs_x = 1, .ofs_y = 3},
    {.bitmap_index = 4342, .adv_w = 68, .box_w = 0, .box_h = 0, .ofs_x = 0, .ofs_y = 0},
    {.bitmap_index = 4342, .adv_w = 78, .box_w = 3, .box_h = 12, .ofs_x = 1, .ofs_y = -3},
    {.bitmap_index = 4360, .adv_w = 148, .box_w = 9, .box_h = 12, .ofs_x = 0, .ofs_y = 0},
    {.bitmap_index = 4414, .adv_w = 159, .box_w = 10, .box_h = 12, .ofs_x = 0, .ofs_y = 0},
    {.bitmap_index = 4474, .adv_w = 189, .box_w = 11, .box_h = 11, .ofs_x = 0, .ofs_y = 0},
    {.bitmap_index = 4535, .adv_w = 143, .box_w = 9, .box_h = 12, .ofs_x = 0, .ofs_y = 0},
    {.bitmap_index = 4589, .adv_w = 75, .box_w = 3, .box_h = 14, .ofs_x = 1, .ofs_y = -2},
    {.bitmap_index = 4610, .adv_w = 146, .box_w = 9, .box_h = 15, .ofs_x = 0, .ofs_y = -3},
    {.bitmap_index = 4678, .adv_w = 154, .box_w = 6, .box_h = 3, .ofs_x = 2, .ofs_y = 10},
    {.bitmap_index = 4687, .adv_w = 234, .box_w = 13, .box_h = 12, .ofs_x = 1, .ofs_y = 0},
    {.bitmap_index = 4765, .adv_w = 117, .box_w = 7, .box_h = 7, .ofs_x = 0, .ofs_y = 5},
    {.bitmap_index = 4790, .adv_w = 156, .box_w = 10, .box_h = 8, .ofs_x = 0, .ofs_y = 1},
    {.bitmap_index = 4830, .adv_w = 171, .box_w = 8, .box_h = 5, .ofs_x = 1, .ofs_y = 2},
    {.bitmap_index = 4850, .adv_w = 170, .box_w = 10, .box_h = 10, .ofs_x = 0, .ofs_y = 2},
    {.bitmap_index = 4900, .adv_w = 119, .box_w = 5, .box_h = 3, .ofs_x = 1, .ofs_y = 10},
    {.bitmap_index = 4908, .adv_w = 117, .box_w = 7, .box_h = 7, .ofs_x = 0, .ofs_y = 6},
    {.bitmap_index = 4933, .adv_w = 171, .box_w = 9, .box_h = 9, .ofs_x = 1, .ofs_y = 0},
    {.bitmap_index = 4974, .adv_w = 115, .box_w = 7, .box_h = 6, .ofs_x = 0, .ofs_y = 7},
    {.bitmap_index = 4995, .adv_w = 116, .box_w = 7, .box_h = 6, .ofs_x = 0, .ofs_y = 7},
    {.bitmap_index = 5016, .adv_w = 86, .box_w = 4, .box_h = 3, .ofs_x = 1, .ofs_y = 10},
    {.bitmap_index = 5022, .adv_w = 154, .box_w = 9, .box_h = 12, .ofs_x = 1, .ofs_y = -3},
    {.bitmap_index = 5076, .adv_w = 154, .box_w = 9, .box_h = 12, .ofs_x = 0, .ofs_y = 0},
    {.bitmap_index = 5130, .adv_w = 78, .box_w = 3, .box_h = 3, .ofs_x = 1, .ofs_y = 4},
    {.bitmap_index = 5135, .adv_w = 77, .box_w = 4, .box_h = 4, .ofs_x = 1, .ofs_y = -3},
    {.bitmap_index = 5143, .adv_w = 80, .box_w = 5, .box_h = 6, .ofs_x = 0, .ofs_y = 7},
    {.bitmap_index = 5158, .adv_w = 124, .box_w = 8, .box_h = 7, .ofs_x = 0, .ofs_y = 5},
    {.bitmap_index = 5186, .adv_w = 156, .box_w = 9, .box_h = 8, .ofs_x = 0, .ofs_y = 1},
    {.bitmap_index = 5222, .adv_w = 209, .box_w = 13, .box_h = 13, .ofs_x = 0, .ofs_y = -1},
    {.bitmap_index = 5307, .adv_w = 220, .box_w = 14, .box_h = 13, .ofs_x = 0, .ofs_y = -1},
    {.bitmap_index = 5398, .adv_w = 229, .box_w = 14, .box_h = 13, .ofs_x = 0, .ofs_y = -1},
    {.bitmap_index = 5489, .adv_w = 135, .box_w = 8, .box_h = 12, .ofs_x = 0, .ofs_y = -3},
    {.bitmap_index = 5537, .adv_w = 182, .box_w = 11, .box_h = 16, .ofs_x = 0, .ofs_y = 0},
    {.bitmap_index = 5625, .adv_w = 182, .box_w = 11, .box_h = 16, .ofs_x = 0, .ofs_y = 0},
    {.bitmap_index = 5713, .adv_w = 182, .box_w = 11, .box_h = 16, .ofs_x = 0, .ofs_y = 0},
    {.bitmap_index = 5801, .adv_w = 182, .box_w = 11, .box_h = 15, .ofs_x = 0, .ofs_y = 0},
    {.bitmap_index = 5884, .adv_w = 182, .box_w = 11, .box_h = 16, .ofs_x = 0, .ofs_y = 0},
    {.bitmap_index = 5972, .adv_w = 182, .box_w = 11, .box_h = 16, .ofs_x = 0, .ofs_y = 0},
    {.bitmap_index = 6060, .adv_w = 257, .box_w = 16, .box_h = 12, .ofs_x = 0, .ofs_y = 0},
    {.bitmap_index = 6156, .adv_w = 188, .box_w = 11, .box_h = 15, .ofs_x = 0, .ofs_y = -3},
    {.bitmap_index = 6239, .adv_w = 154, .box_w = 8, .box_h = 16, .ofs_x = 1, .ofs_y = 0},
    {.bitmap_index = 6303, .adv_w = 154, .box_w = 8, .box_h = 16, .ofs_x = 1, .ofs_y = 0},
    {.bitmap_index = 6367, .adv_w = 154, .box_w = 8, .box_h = 16, .ofs_x = 1, .ofs_y = 0},
    {.bitmap_index = 6431, .adv_w = 154, .box_w = 8, .box_h = 16, .ofs_x = 1, .ofs_y = 0},
    {.bitmap_index = 6495, .adv_w = 70, .box_w = 4, .box_h = 16, .ofs_x = 0, .ofs_y = 0},
    {.bitmap_index = 6527, .adv_w = 70, .box_w = 4, .box_h = 16, .ofs_x = 1, .ofs_y = 0},
    {.bitmap_index = 6559, .adv_w = 70, .box_w = 6, .box_h = 16, .ofs_x = -1, .ofs_y = 0},
    {.bitmap_index = 6607, .adv_w = 70, .box_w = 6, .box_h = 16, .ofs_x = -1, .ofs_y = 0},
    {.bitmap_index = 6655, .adv_w = 190, .box_w = 12, .box_h = 12, .ofs_x = 0, .ofs_y = 0},
    {.bitmap_index = 6727, .adv_w = 194, .box_w = 10, .box_h = 15, .ofs_x = 1, .ofs_y = 0},
    {.bitmap_index = 6802, .adv_w = 196, .box_w = 12, .box_h = 16, .ofs_x = 0, .ofs_y = 0},
    {.bitmap_index = 6898, .adv_w = 196, .box_w = 12, .box_h = 16, .ofs_x = 0, .ofs_y = 0},
    {.bitmap_index = 6994, .adv_w = 196, .box_w = 12, .box_h = 16, .ofs_x = 0, .ofs_y = 0},
    {.bitmap_index = 7090, .adv_w = 196, .box_w = 12, .box_h = 15, .ofs_x = 0, .ofs_y = 0},
    {.bitmap_index = 7180, .adv_w = 196, .box_w = 12, .box_h = 16, .ofs_x = 0, .ofs_y = 0},
    {.bitmap_index = 7276, .adv_w = 171, .box_w = 9, .box_h = 9, .ofs_x = 1, .ofs_y = 0},
    {.bitmap_index = 7317, .adv_w = 196, .box_w = 12, .box_h = 14, .ofs_x = 0, .ofs_y = -1},
    {.bitmap_index = 7401, .adv_w = 190, .box_w = 10, .box_h = 16, .ofs_x = 1, .ofs_y = 0},
    {.bitmap_index = 7481, .adv_w = 190, .box_w = 10, .box_h = 16, .ofs_x = 1, .ofs_y = 0},
    {.bitmap_index = 7561, .adv_w = 190, .box_w = 10, .box_h = 16, .ofs_x = 1, .ofs_y = 0},
    {.bitmap_index = 7641, .adv_w = 190, .box_w = 10, .box_h = 16, .ofs_x = 1, .ofs_y = 0},
    {.bitmap_index = 7721, .adv_w = 178, .box_w = 11, .box_h = 16, .ofs_x = 0, .ofs_y = 0},
    {.bitmap_index = 7809, .adv_w = 166, .box_w = 9, .box_h = 12, .ofs_x = 1, .ofs_y = 0},
    {.bitmap_index = 7863, .adv_w = 161, .box_w = 9, .box_h = 12, .ofs_x = 1, .ofs_y = 0},
    {.bitmap_index = 7917, .adv_w = 145, .box_w = 8, .box_h = 13, .ofs_x = 0, .ofs_y = 0},
    {.bitmap_index = 7969, .adv_w = 145, .box_w = 8, .box_h = 13, .ofs_x = 0, .ofs_y = 0},
    {.bitmap_index = 8021, .adv_w = 145, .box_w = 8, .box_h = 13, .ofs_x = 0, .ofs_y = 0},
    {.bitmap_index = 8073, .adv_w = 145, .box_w = 8, .box_h = 12, .ofs_x = 0, .ofs_y = 0},
    {.bitmap_index = 8121, .adv_w = 145, .box_w = 8, .box_h = 12, .ofs_x = 0, .ofs_y = 0},
    {.bitmap_index = 8169, .adv_w = 145, .box_w = 8, .box_h = 14, .ofs_x = 0, .ofs_y = 0},
    {.bitmap_index = 8225, .adv_w = 234, .box_w = 14, .box_h = 9, .ofs_x = 0, .ofs_y = 0},
    {.bitmap_index = 8288, .adv_w = 148, .box_w = 9, .box_h = 12, .ofs_x = 0, .ofs_y = -3},
    {.bitmap_index = 8342, .adv_w = 150, .box_w = 9, .box_h = 13, .ofs_x = 0, .ofs_y = 0},
    {.bitmap_index = 8401, .adv_w = 150, .box_w = 9, .box_h = 13, .ofs_x = 0, .ofs_y = 0},
    {.bitmap_index = 8460, .adv_w = 150, .box_w = 9, .box_h = 13, .ofs_x = 0, .ofs_y = 0},
    {.bitmap_index = 8519, .adv_w = 150, .box_w = 9, .box_h = 12, .ofs_x = 0, .ofs_y = 0},
    {.bitmap_index = 8573, .adv_w = 65, .box_w = 4, .box_h = 13, .ofs_x = -1, .ofs_y = 0},
    {.bitmap_index = 8599, .adv_w = 65, .box_w = 4, .box_h = 13, .ofs_x = 1, .ofs_y = 0},
    {.bitmap_index = 8625, .adv_w = 65, .box_w = 6, .box_h = 13, .ofs_x = -1, .ofs_y = 0},
    {.bitmap_index = 8664, .adv_w = 65, .box_w = 6, .box_h = 12, .ofs_x = -1, .ofs_y = 0},
    {.bitmap_index = 8700, .adv_w = 151, .box_w = 9, .box_h = 13, .ofs_x = 0, .ofs_y = 0},
    {.bitmap_index = 8759, .adv_w = 154, .box_w = 8, .box_h = 12, .ofs_x = 1, .ofs_y = 0},
    {.bitmap_index = 8807, .adv_w = 155, .box_w = 9, .box_h = 13, .ofs_x = 0, .ofs_y = 0},
    {.bitmap_index = 8866, .adv_w = 155, .box_w = 9, .box_h = 13, .ofs_x = 0, .ofs_y = 0},
    {.bitmap_index = 8925, .adv_w = 155, .box_w = 9, .box_h = 13, .ofs_x = 0, .ofs_y = 0},
    {.bitmap_index = 8984, .adv_w = 155, .box_w = 9, .box_h = 12, .ofs_x = 0, .ofs_y = 0},
    {.bitmap_index = 9038, .adv_w = 155, .box_w = 9, .box_h = 12, .ofs_x = 0, .ofs_y = 0},
    {.bitmap_index = 9092, .adv_w = 171, .box_w = 9, .box_h = 9, .ofs_x = 1, .ofs_y = 0},
    {.bitmap_index = 9133, .adv_w = 155, .box_w = 10, .box_h = 11, .ofs_x = 0, .ofs_y = -1},
    {.bitmap_index = 9188, .adv_w = 154, .box_w = 8, .box_h = 13, .ofs_x = 1, .ofs_y = 0},
    {.bitmap_index = 9240, .adv_w = 154, .box_w = 8, .box_h = 13, .ofs_x = 1, .ofs_y = 0},
    {.bitmap_index = 9292, .adv_w = 154, .box_w = 8, .box_h = 13, .ofs_x = 1, .ofs_y = 0},
    {.bitmap_index = 9344, .adv_w = 154, .box_w = 8, .box_h = 12, .ofs_x = 1, .ofs_y = 0},
    {.bitmap_index = 9392, .adv_w = 147, .box_w = 9, .box_h = 16, .ofs_x = 0, .ofs_y = -3},
    {.bitmap_index = 9464, .adv_w = 158, .box_w = 9, .box_h = 15, .ofs_x = 1, .ofs_y = -3},
    {.bitmap_index = 9532, .adv_w = 147, .box_w = 9, .box_h = 15, .ofs_x = 0, .ofs_y = -3},
    {.bitmap_index = 9600, .adv_w = 182, .box_w = 11, .box_h = 16, .ofs_x = 0, .ofs_y = 0},
    {.bitmap_index = 9688, .adv_w = 145, .box_w = 8, .box_h = 12, .ofs_x = 0, .ofs_y = 0},
    {.bitmap_index = 9736, .adv_w = 182, .box_w = 11, .box_h = 16, .ofs_x = 0, .ofs_y = 0},
    {.bitmap_index = 9824, .adv_w = 145, .box_w = 8, .box_h = 13, .ofs_x = 0, .ofs_y = 0},
    {.bitmap_index = 9876, .adv_w = 182, .box_w = 12, .box_h = 15, .ofs_x = 0, .ofs_y = -3},
    {.bitmap_index = 9966, .adv_w = 145, .box_w = 9, .box_h = 12, .ofs_x = 0, .ofs_y = -3},
    {.bitmap_index = 10020, .adv_w = 188, .box_w = 11, .box_h = 16, .ofs_x = 0, .ofs_y = 0},
    {.bitmap_index = 10108, .adv_w = 148, .box_w = 9, .box_h = 13, .ofs_x = 0, .ofs_y = 0},
    {.bitmap_index = 10167, .adv_w = 188, .box_w = 11, .box_h = 16, .ofs_x = 0, .ofs_y = 0},
    {.bitmap_index = 10255, .adv_w = 148, .box_w = 9, .box_h = 13, .ofs_x = 0, .ofs_y = 0},
    {.bitmap_index = 10314, .adv_w = 188, .box_w = 11, .box_h = 16, .ofs_x = 0, .ofs_y = 0},
    {.bitmap_index = 10402, .adv_w = 148, .box_w = 9, .box_h = 12, .ofs_x = 0, .ofs_y = 0},
    {.bitmap_index = 10456, .adv_w = 188, .box_w = 11, .box_h = 16, .ofs_x = 0, .ofs_y = 0},
    {.bitmap_index = 10544, .adv_w = 148, .box_w = 9, .box_h = 13, .ofs_x = 0, .ofs_y = 0},
    {.bitmap_index = 10603, .adv_w = 185, .box_w = 10, .box_h = 16, .ofs_x = 1, .ofs_y = 0},
    {.bitmap_index = 10683, .adv_w = 186, .box_w = 12, .box_h = 13, .ofs_x = 0, .ofs_y = 0},
    {.bitmap_index = 10761, .adv_w = 190, .box_w = 12, .box_h = 12, .ofs_x = 0, .ofs_y = 0},
    {.bitmap_index = 10833, .adv_w = 158, .box_w = 10, .box_h = 12, .ofs_x = 0, .ofs_y = 0},
    {.bitmap_index = 10893, .adv_w = 154, .box_w = 8, .box_h = 16, .ofs_x = 1, .ofs_y = 0},
    {.bitmap_index = 10957, .adv_w = 150, .box_w = 9, .box_h = 12, .ofs_x = 0, .ofs_y = 0},
    {.bitmap_index = 11011, .adv_w = 154, .box_w = 8, .box_h = 16, .ofs_x = 1, .ofs_y = 0},
    {.bitmap_index = 11075, .adv_w = 150, .box_w = 9, .box_h = 13, .ofs_x = 0, .ofs_y = 0},
    {.bitmap_index = 11134, .adv_w = 154, .box_w = 8, .box_h = 16, .ofs_x = 1, .ofs_y = 0},
    {.bitmap_index = 11198, .adv_w = 150, .box_w = 9, .box_h = 12, .ofs_x = 0, .ofs_y = 0},
    {.bitmap_index = 11252, .adv_w = 154, .box_w = 9, .box_h = 15, .ofs_x = 1, .ofs_y = -3},
    {.bitmap_index = 11320, .adv_w = 150, .box_w = 9, .box_h = 12, .ofs_x = 0, .ofs_y = -3},
    {.bitmap_index = 11374, .adv_w = 154, .box_w = 8, .box_h = 16, .ofs_x = 1, .ofs_y = 0},
    {.bitmap_index = 11438, .adv_w = 150, .box_w = 9, .box_h = 13, .ofs_x = 0, .ofs_y = 0},
    {.bitmap_index = 11497, .adv_w = 191, .box_w = 12, .box_h = 16, .ofs_x = 0, .ofs_y = 0},
    {.bitmap_index = 11593, .adv_w = 159, .box_w = 9, .box_h = 16, .ofs_x = 0, .ofs_y = -3},
    {.bitmap_index = 11665, .adv_w = 191, .box_w = 12, .box_h = 16, .ofs_x = 0, .ofs_y = 0},
    {.bitmap_index = 11761, .adv_w = 159, .box_w = 9, .box_h = 16, .ofs_x = 0, .ofs_y = -3},
    {.bitmap_index = 11833, .adv_w = 191, .box_w = 12, .box_h = 16, .ofs_x = 0, .ofs_y = 0},
    {.bitmap_index = 11929, .adv_w = 159, .box_w = 9, .box_h = 15, .ofs_x = 0, .ofs_y = -3},
    {.bitmap_index = 11997, .adv_w = 191, .box_w = 12, .box_h = 16, .ofs_x = 0, .ofs_y = -4},
    {.bitmap_index = 12093, .adv_w = 159, .box_w = 9, .box_h = 17, .ofs_x = 0, .ofs_y = -3},
    {.bitmap_index = 12170, .adv_w = 191, .box_w = 10, .box_h = 16, .ofs_x = 1, .ofs_y = 0},
    {.bitmap_index = 12250, .adv_w = 154, .box_w = 10, .box_h = 16, .ofs_x = -1, .ofs_y = 0},
    {.bitmap_index = 12330, .adv_w = 201, .box_w = 12, .box_h = 12, .ofs_x = 0, .ofs_y = 0},
    {.bitmap_index = 12402, .adv_w = 154, .box_w = 9, .box_h = 12, .ofs_x = 0, .ofs_y = 0},
    {.bitmap_index = 12456, .adv_w = 70, .box_w = 6, .box_h = 15, .ofs_x = -1, .ofs_y = 0},
    {.bitmap_index = 12501, .adv_w = 65, .box_w = 6, .box_h = 12, .ofs_x = -1, .ofs_y = 0},
    {.bitmap_index = 12537, .adv_w = 70, .box_w = 6, .box_h = 16, .ofs_x = -1, .ofs_y = 0},
    {.bitmap_index = 12585, .adv_w = 65, .box_w = 6, .box_h = 12, .ofs_x = -1, .ofs_y = 0},
    {.bitmap_index = 12621, .adv_w = 70, .box_w = 6, .box_h = 16, .ofs_x = -1, .ofs_y = 0},
    {.bitmap_index = 12669, .adv_w = 65, .box_w = 6, .box_h = 13, .ofs_x = -1, .ofs_y = 0},
    {.bitmap_index = 12708, .adv_w = 70, .box_w = 4, .box_h = 15, .ofs_x = 0, .ofs_y = -3},
    {.bitmap_index = 12738, .adv_w = 65, .box_w = 5, .box_h = 15, .ofs_x = -1, .ofs_y = -3},
    {.bitmap_index = 12776, .adv_w = 70, .box_w = 3, .box_h = 16, .ofs_x = 1, .ofs_y = 0},
    {.bitmap_index = 12800, .adv_w = 65, .box_w = 2, .box_h = 9, .ofs_x = 1, .ofs_y = 0},
    {.bitmap_index = 12809, .adv_w = 217, .box_w = 12, .box_h = 12, .ofs_x = 1, .ofs_y = 0},
    {.bitmap_index = 12881, .adv_w = 129, .box_w = 8, .box_h = 15, .ofs_x = 0, .ofs_y = -3},
    {.bitmap_index = 12941, .adv_w = 147, .box_w = 10, .box_h = 16, .ofs_x = 0, .ofs_y = 0},
    {.bitmap_index = 13021, .adv_w = 65, .box_w = 6, .box_h = 16, .ofs_x = -1, .ofs_y = -3},
    {.bitmap_index = 13069, .adv_w = 176, .box_w = 10, .box_h = 16, .ofs_x = 1, .ofs_y = -4},
    {.bitmap_index = 13149, .adv_w = 143, .box_w = 8, .box_h = 16, .ofs_x = 1, .ofs_y = -4},
    {.bitmap_index = 13213, .adv_w = 140, .box_w = 8, .box_h = 9, .ofs_x = 1, .ofs_y = 0},
    {.bitmap_index = 13249, .adv_w = 145, .box_w = 8, .box_h = 16, .ofs_x = 1, .ofs_y = 0},
    {.bitmap_index = 13313, .adv_w = 65, .box_w = 4, .box_h = 16, .ofs_x = 1, .ofs_y = 0},
    {.bitmap_index = 13345, .adv_w = 145, .box_w = 8, .box_h = 16, .ofs_x = 1, .ofs_y = -4},
    {.bitmap_index = 13409, .adv_w = 65, .box_w = 3, .box_h = 16, .ofs_x = 0, .ofs_y = -4},
    {.bitmap_index = 13433, .adv_w = 145, .box_w = 8, .box_h = 13, .ofs_x = 1, .ofs_y = 0},
    {.bitmap_index = 13485, .adv_w = 92, .box_w = 5, .box_h = 13, .ofs_x = 1, .ofs_y = 0},
    {.bitmap_index = 13518, .adv_w = 145, .box_w = 8, .box_h = 12, .ofs_x = 1, .ofs_y = 0},
    {.bitmap_index = 13566, .adv_w = 100, .box_w = 6, .box_h = 12, .ofs_x = 1, .ofs_y = 0},
    {.bitmap_index = 13602, .adv_w = 153, .box_w = 9, .box_h = 12, .ofs_x = 0, .ofs_y = 0},
    {.bitmap_index = 13656, .adv_w = 65, .box_w = 6, .box_h = 12, .ofs_x = -1, .ofs_y = 0},
    {.bitmap_index = 13692, .adv_w = 194, .box_w = 10, .box_h = 16, .ofs_x = 1, .ofs_y = 0},
    {.bitmap_index = 13772, .adv_w = 154, .box_w = 8, .box_h = 13, .ofs_x = 1, .ofs_y = 0},
    {.bitmap_index = 13824, .adv_w = 194, .box_w = 10, .box_h = 16, .ofs_x = 1, .ofs_y = -4},
    {.bitmap_index = 13904, .adv_w = 154, .box_w = 8, .box_h = 13, .ofs_x = 1, .ofs_y = -4},
    {.bitmap_index = 13956, .adv_w = 194, .box_w = 10, .box_h = 16, .ofs_x = 1, .ofs_y = 0},
    {.bitmap_index = 14036, .adv_w = 154, .box_w = 8, .box_h = 13, .ofs_x = 1, .ofs_y = 0},
    {.bitmap_index = 14088, .adv_w = 194, .box_w = 10, .box_h = 15, .ofs_x = 1, .ofs_y = -3},
    {.bitmap_index = 14163, .adv_w = 154, .box_w = 8, .box_h = 12, .ofs_x = 1, .ofs_y = -3},
    {.bitmap_index = 14211, .adv_w = 196, .box_w = 12, .box_h = 16, .ofs_x = 0, .ofs_y = 0},
    {.bitmap_index = 14307, .adv_w = 155, .box_w = 9, .box_h = 12, .ofs_x = 0, .ofs_y = 0},
    {.bitmap_index = 14361, .adv_w = 196, .box_w = 12, .box_h = 16, .ofs_x = 0, .ofs_y = 0},
    {.bitmap_index = 14457, .adv_w = 155, .box_w = 9, .box_h = 13, .ofs_x = 0, .ofs_y = 0},
    {.bitmap_index = 14516, .adv_w = 196, .box_w = 12, .box_h = 16, .ofs_x = 0, .ofs_y = 0},
    {.bitmap_index = 14612, .adv_w = 155, .box_w = 9, .box_h = 13, .ofs_x = 0, .ofs_y = 0},
    {.bitmap_index = 14671, .adv_w = 258, .box_w = 16, .box_h = 12, .ofs_x = 0, .ofs_y = 0},
    {.bitmap_index = 14767, .adv_w = 255, .box_w = 16, .box_h = 9, .ofs_x = 0, .ofs_y = 0},
    {.bitmap_index = 14839, .adv_w = 166, .box_w = 9, .box_h = 16, .ofs_x = 1, .ofs_y = 0},
    {.bitmap_index = 14911, .adv_w = 99, .box_w = 5, .box_h = 13, .ofs_x = 1, .ofs_y = 0},
    {.bitmap_index = 14944, .adv_w = 166, .box_w = 9, .box_h = 16, .ofs_x = 1, .ofs_y = -4},
    {.bitmap_index = 15016, .adv_w = 99, .box_w = 6, .box_h = 14, .ofs_x = 0, .ofs_y = -4},
    {.bitmap_index = 15058, .adv_w = 166, .box_w = 9, .box_h = 16, .ofs_x = 1, .ofs_y = 0},
    {.bitmap_index = 15130, .adv_w = 99, .box_w = 7, .box_h = 13, .ofs_x = 0, .ofs_y = 0},
    {.bitmap_index = 15176, .adv_w = 165, .box_w = 10, .box_h = 16, .ofs_x = 0, .ofs_y = 0},
    {.bitmap_index = 15256, .adv_w = 138, .box_w = 8, .box_h = 13, .ofs_x = 0, .ofs_y = 0},
    {.bitmap_index = 15308, .adv_w = 165, .box_w = 10, .box_h = 16, .ofs_x = 0, .ofs_y = 0},
    {.bitmap_index = 15388, .adv_w = 138, .box_w = 8, .box_h = 13, .ofs_x = 0, .ofs_y = 0},
    {.bitmap_index = 15440, .adv_w = 165, .box_w = 10, .box_h = 15, .ofs_x = 0, .ofs_y = -3},
    {.bitmap_index = 15515, .adv_w = 138, .box_w = 8, .box_h = 12, .ofs_x = 0, .ofs_y = -3},
    {.bitmap_index = 15563, .adv_w = 165, .box_w = 10, .box_h = 16, .ofs_x = 0, .ofs_y = 0},
    {.bitmap_index = 15643, .adv_w = 138, .box_w = 8, .box_h = 13, .ofs_x = 0, .ofs_y = 0},
    {.bitmap_index = 15695, .adv_w = 167, .box_w = 10, .box_h = 15, .ofs_x = 0, .ofs_y = -3},
    {.bitmap_index = 15770, .adv_w = 87, .box_w = 6, .box_h = 15, .ofs_x = 0, .ofs_y = -3},
    {.bitmap_index = 15815, .adv_w = 167, .box_w = 10, .box_h = 16, .ofs_x = 0, .ofs_y = 0},
    {.bitmap_index = 15895, .adv_w = 102, .box_w = 6, .box_h = 14, .ofs_x = 0, .ofs_y = 0},
    {.bitmap_index = 15937, .adv_w = 167, .box_w = 10, .box_h = 12, .ofs_x = 0, .ofs_y = 0},
    {.bitmap_index = 15997, .adv_w = 87, .box_w = 6, .box_h = 11, .ofs_x = 0, .ofs_y = 0},
    {.bitmap_index = 16030, .adv_w = 190, .box_w = 10, .box_h = 15, .ofs_x = 1, .ofs_y = 0},
    {.bitmap_index = 16105, .adv_w = 154, .box_w = 8, .box_h = 12, .ofs_x = 1, .ofs_y = 0},
    {.bitmap_index = 16153, .adv_w = 190, .box_w = 10, .box_h = 16, .ofs_x = 1, .ofs_y = 0},
    {.bitmap_index = 16233, .adv_w = 154, .box_w = 8, .box_h = 12, .ofs_x = 1, .ofs_y = 0},
    {.bitmap_index = 16281, .adv_w = 190, .box_w = 10, .box_h = 16, .ofs_x = 1, .ofs_y = 0},
    {.bitmap_index = 16361, .adv_w = 154, .box_w = 8, .box_h = 13, .ofs_x = 1, .ofs_y = 0},
    {.bitmap_index = 16413, .adv_w = 190, .box_w = 10, .box_h = 16, .ofs_x = 1, .ofs_y = 0},
    {.bitmap_index = 16493, .adv_w = 154, .box_w = 8, .box_h = 14, .ofs_x = 1, .ofs_y = 0},
    {.bitmap_index = 16549, .adv_w = 190, .box_w = 10, .box_h = 16, .ofs_x = 1, .ofs_y = 0},
    {.bitmap_index = 16629, .adv_w = 154, .box_w = 8, .box_h = 13, .ofs_x = 1, .ofs_y = 0},
    {.bitmap_index = 16681, .adv_w = 190, .box_w = 10, .box_h = 15, .ofs_x = 1, .ofs_y = -3},
    {.bitmap_index = 16756, .adv_w = 154, .box_w = 8, .box_h = 12, .ofs_x = 1, .ofs_y = -3},
    {.bitmap_index = 16804, .adv_w = 257, .box_w = 16, .box_h = 16, .ofs_x = 0, .ofs_y = 0},
    {.bitmap_index = 16932, .adv_w = 212, .box_w = 13, .box_h = 13, .ofs_x = 0, .ofs_y = 0},
    {.bitmap_index = 17017, .adv_w = 178, .box_w = 11, .box_h = 15, .ofs_x = 0, .ofs_y = 0},
    {.bitmap_index = 17100, .adv_w = 147, .box_w = 9, .box_h = 16, .ofs_x = 0, .ofs_y = -3},
    {.bitmap_index = 17172, .adv_w = 178, .box_w = 11, .box_h = 16, .ofs_x = 0, .ofs_y = 0},
    {.bitmap_index = 17260, .adv_w = 164, .box_w = 10, .box_h = 16, .ofs_x = 0, .ofs_y = 0},
    {.bitmap_index = 17340, .adv_w = 143, .box_w = 8, .box_h = 13, .ofs_x = 0, .ofs_y = 0},
    {.bitmap_index = 17392, .adv_w = 164, .box_w = 10, .box_h = 16, .ofs_x = 0, .ofs_y = 0},
    {.bitmap_index = 17472, .adv_w = 143, .box_w = 8, .box_h = 12, .ofs_x = 0, .ofs_y = 0},
    {.bitmap_index = 17520, .adv_w = 164, .box_w = 10, .box_h = 16, .ofs_x = 0, .ofs_y = 0},
    {.bitmap_index = 17600, .adv_w = 143, .box_w = 8, .box_h = 13, .ofs_x = 0, .ofs_y = 0},
    {.bitmap_index = 17652, .adv_w = 83, .box_w = 5, .box_h = 12, .ofs_x = 1, .ofs_y = 0},
    {.bitmap_index = 17682, .adv_w = 142, .box_w = 0, .box_h = 0, .ofs_x = 0, .ofs_y = 0},
    {.bitmap_index = 17682, .adv_w = 283, .box_w = 0, .box_h = 0, .ofs_x = 0, .ofs_y = 0},
    {.bitmap_index = 17682, .adv_w = 128, .box_w = 0, .box_h = 0, .ofs_x = 0, .ofs_y = 0},
    {.bitmap_index = 17682, .adv_w = 256, .box_w = 0, .box_h = 0, .ofs_x = 0, .ofs_y = 0},
    {.bitmap_index = 17682, .adv_w = 86, .box_w = 0, .box_h = 0, .ofs_x = 0, .ofs_y = 0},
    {.bitmap_index = 17682, .adv_w = 64, .box_w = 0, .box_h = 0, .ofs_x = 0, .ofs_y = 0},
    {.bitmap_index = 17682, .adv_w = 43, .box_w = 0, .box_h = 0, .ofs_x = 0, .ofs_y = 0},
    {.bitmap_index = 17682, .adv_w = 166, .box_w = 0, .box_h = 0, .ofs_x = 0, .ofs_y = 0},
    {.bitmap_index = 17682, .adv_w = 78, .box_w = 0, .box_h = 0, .ofs_x = 0, .ofs_y = 0},
    {.bitmap_index = 17682, .adv_w = 44, .box_w = 0, .box_h = 0, .ofs_x = 0, .ofs_y = 0},
    {.bitmap_index = 17682, .adv_w = 22, .box_w = 0, .box_h = 0, .ofs_x = 0, .ofs_y = 0},
    {.bitmap_index = 17682, .adv_w = 0, .box_w = 0, .box_h = 0, .ofs_x = 0, .ofs_y = 0},
    {.bitmap_index = 17682, .adv_w = 100, .box_w = 6, .box_h = 2, .ofs_x = 0, .ofs_y = 4},
    {.bitmap_index = 17688, .adv_w = 100, .box_w = 6, .box_h = 2, .ofs_x = 0, .ofs_y = 4},
    {.bitmap_index = 17694, .adv_w = 166, .box_w = 10, .box_h = 2, .ofs_x = 0, .ofs_y = 5},
    {.bitmap_index = 17704, .adv_w = 128, .box_w = 8, .box_h = 2, .ofs_x = 0, .ofs_y = 4},
    {.bitmap_index = 17712, .adv_w = 256, .box_w = 16, .box_h = 2, .ofs_x = 0, .ofs_y = 4},
    {.bitmap_index = 17728, .adv_w = 256, .box_w = 16, .box_h = 2, .ofs_x = 0, .ofs_y = 4},
    {.bitmap_index = 17744, .adv_w = 130, .box_w = 6, .box_h = 20, .ofs_x = 1, .ofs_y = -4},
    {.bitmap_index = 17804, .adv_w = 118, .box_w = 8, .box_h = 5, .ofs_x = 0, .ofs_y = -4},
    {.bitmap_index = 17824, .adv_w = 71, .box_w = 3, .box_h = 5, .ofs_x = 1, .ofs_y = 7},
    {.bitmap_index = 17832, .adv_w = 71, .box_w = 3, .box_h = 5, .ofs_x = 1, .ofs_y = 7},
    {.bitmap_index = 17840, .adv_w = 66, .box_w = 4, .box_h = 5, .ofs_x = 0, .ofs_y = -3},
    {.bitmap_index = 17850, .adv_w = 71, .box_w = 4, .box_h = 5, .ofs_x = 0, .ofs_y = 7},
    {.bitmap_index = 17860, .adv_w = 121, .box_w = 6, .box_h = 5, .ofs_x = 1, .ofs_y = 7},
    {.bitmap_index = 17875, .adv_w = 121, .box_w = 6, .box_h = 5, .ofs_x = 1, .ofs_y = 7},
    {.bitmap_index = 17890, .adv_w = 115, .box_w = 7, .box_h = 5, .ofs_x = 0, .ofs_y = -3},
    {.bitmap_index = 17908, .adv_w = 121, .box_w = 7, .box_h = 5, .ofs_x = 0, .ofs_y = 7},
    {.bitmap_index = 17926, .adv_w = 134, .box_w = 7, .box_h = 9, .ofs_x = 1, .ofs_y = 3},
    {.bitmap_index = 17958, .adv_w = 134, .box_w = 7, .box_h = 12, .ofs_x = 1, .ofs_y = 0},
    {.bitmap_index = 18000, .adv_w = 137, .box_w = 6, .box_h = 6, .ofs_x = 1, .ofs_y = 2},
    {.bitmap_index = 18018, .adv_w = 137, .box_w = 5, .box_h = 6, .ofs_x = 2, .ofs_y = 2},
    {.bitmap_index = 18033, .adv_w = 78, .box_w = 3, .box_h = 3, .ofs_x = 1, .ofs_y = 0},
    {.bitmap_index = 18038, .adv_w = 155, .box_w = 8, .box_h = 3, .ofs_x = 1, .ofs_y = 0},
    {.bitmap_index = 18050, .adv_w = 233, .box_w = 13, .box_h = 3, .ofs_x = 1, .ofs_y = 0},
    {.bitmap_index = 18070, .adv_w = 78, .box_w = 3, .box_h = 3, .ofs_x = 1, .ofs_y = 4},
    {.bitmap_index = 18075, .adv_w = 44, .box_w = 0, .box_h = 0, .ofs_x = 0, .ofs_y = 0},
    {.bitmap_index = 18075, .adv_w = 347, .box_w = 19, .box_h = 12, .ofs_x = 1, .ofs_y = 0},
    {.bitmap_index = 18189, .adv_w = 439, .box_w = 25, .box_h = 12, .ofs_x = 1, .ofs_y = 0},
    {.bitmap_index = 18339, .adv_w = 61, .box_w = 4, .box_h = 5, .ofs_x = 0, .ofs_y = 7},
    {.bitmap_index = 18349, .adv_w = 122, .box_w = 7, .box_h = 5, .ofs_x = 0, .ofs_y = 7},
    {.bitmap_index = 18367, .adv_w = 183, .box_w = 11, .box_h = 5, .ofs_x = 0, .ofs_y = 7},
    {.bitmap_index = 18395, .adv_w = 61, .box_w = 4, .box_h = 5, .ofs_x = 0, .ofs_y = 7},
    {.bitmap_index = 18405, .adv_w = 122, .box_w = 7, .box_h = 5, .ofs_x = 0, .ofs_y = 7},
    {.bitmap_index = 18423, .adv_w = 183, .box_w = 11, .box_h = 5, .ofs_x = 0, .ofs_y = 7},
    {.bitmap_index = 18451, .adv_w = 125, .box_w = 7, .box_h = 4, .ofs_x = 0, .ofs_y = -4},
    {.bitmap_index = 18465, .adv_w = 102, .box_w = 6, .box_h = 8, .ofs_x = 0, .ofs_y = 1},
    {.bitmap_index = 18489, .adv_w = 102, .box_w = 6, .box_h = 8, .ofs_x = 0, .ofs_y = 1},
    {.bitmap_index = 18513, .adv_w = 178, .box_w = 10, .box_h = 9, .ofs_x = 1, .ofs_y = 1},
    {.bitmap_index = 18558, .adv_w = 156, .box_w = 8, .box_h = 12, .ofs_x = 1, .ofs_y = 0},
    {.bitmap_index = 18606, .adv_w = 134, .box_w = 8, .box_h = 12, .ofs_x = 0, .ofs_y = 0},
    {.bitmap_index = 18654, .adv_w = 135, .box_w = 8, .box_h = 3, .ofs_x = 0, .ofs_y = 12},
    {.bitmap_index = 18666, .adv_w = 212, .box_w = 13, .box_h = 3, .ofs_x = 0, .ofs_y = -4},
    {.bitmap_index = 18686, .adv_w = 212, .box_w = 13, .box_h = 3, .ofs_x = 0, .ofs_y = 9},
    {.bitmap_index = 18706, .adv_w = 118, .box_w = 7, .box_h = 9, .ofs_x = 0, .ofs_y = -4},
    {.bitmap_index = 18738, .adv_w = 189, .box_w = 10, .box_h = 10, .ofs_x = 1, .ofs_y = 1},
    {.bitmap_index = 18788, .adv_w = 137, .box_w = 5, .box_h = 2, .ofs_x = 2, .ofs_y = 4},
    {.bitmap_index = 18793, .adv_w = 51, .box_w = 11, .box_h = 12, .ofs_x = -4, .ofs_y = 0},
    {.bitmap_index = 18859, .adv_w = 94, .box_w = 4, .box_h = 16, .ofs_x = 1, .ofs_y = -3},
    {.bitmap_index = 18891, .adv_w = 94, .box_w = 5, .box_h = 16, .ofs_x = 0, .ofs_y = -3},
    {.bitmap_index = 18931, .adv_w = 270, .box_w = 17, .box_h = 12, .ofs_x = 0, .ofs_y = 0},
    {.bitmap_index = 19033, .adv_w = 213, .box_w = 13, .box_h = 12, .ofs_x = 0, .ofs_y = 0},
    {.bitmap_index = 19111, .adv_w = 213, .box_w = 12, .box_h = 12, .ofs_x = 1, .ofs_y = 0},
    {.bitmap_index = 19183, .adv_w = 116, .box_w = 7, .box_h = 12, .ofs_x = 0, .ofs_y = -3},
    {.bitmap_index = 19225, .adv_w = 154, .box_w = 8, .box_h = 12, .ofs_x = 1, .ofs_y = 0},
    {.bitmap_index = 19273, .adv_w = 153, .box_w = 8, .box_h = 8, .ofs_x = 1, .ofs_y = 1},
    {.bitmap_index = 19305, .adv_w = 153, .box_w = 8, .box_h = 8, .ofs_x = 1, .ofs_y = 1},
    {.bitmap_index = 19337, .adv_w = 133, .box_w = 7, .box_h = 7, .ofs_x = 1, .ofs_y = -1},
    {.bitmap_index = 19362, .adv_w = 81, .box_w = 4, .box_h = 12, .ofs_x = 1, .ofs_y = -3},
    {.bitmap_index = 19386, .adv_w = 211, .box_w = 13, .box_h = 16, .ofs_x = 0, .ofs_y = -4},
    {.bitmap_index = 19490, .adv_w = 141, .box_w = 8, .box_h = 15, .ofs_x = 1, .ofs_y = -3},
    {.bitmap_index = 19550, .adv_w = 196, .box_w = 12, .box_h = 12, .ofs_x = 0, .ofs_y = 0},
    {.bitmap_index = 19622, .adv_w = 189, .box_w = 10, .box_h = 3, .ofs_x = 1, .ofs_y = 4},
    {.bitmap_index = 19637, .adv_w = 212, .box_w = 13, .box_h = 4, .ofs_x = 0, .ofs_y = -5},
    {.bitmap_index = 19663, .adv_w = 155, .box_w = 8, .box_h = 9, .ofs_x = 1, .ofs_y = 0},
    {.bitmap_index = 19699, .adv_w = 244, .box_w = 15, .box_h = 5, .ofs_x = 0, .ofs_y = 7},
    {.bitmap_index = 19737, .adv_w = 73, .box_w = 0, .box_h = 0, .ofs_x = 0, .ofs_y = 0}
};

/*---------------------
 *  CHARACTER MAPPING
 *--------------------*/

static const uint16_t unicode_list_7[] = {
    0x00, 0x08
};

/*Collect the unicode lists and glyph_id offsets*/
static const lv_font_fmt_txt_cmap_t cmaps[] =
{
    {
        .range_start = 32, .range_length = 95, .glyph_id_start = 1,
        .unicode_list = NULL, .glyph_id_ofs_list = NULL, .list_length = 0, .type = LV_FONT_FMT_TXT_CMAP_FORMAT0_TINY
    },
    {
        .range_start = 160, .range_length = 13, .glyph_id_start = 96,
        .unicode_list = NULL, .glyph_id_ofs_list = NULL, .list_length = 0, .type = LV_FONT_FMT_TXT_CMAP_FORMAT0_TINY
    },
    {
        .range_start = 174, .range_length = 155, .glyph_id_start = 109,
        .unicode_list = NULL, .glyph_id_ofs_list = NULL, .list_length = 0, .type = LV_FONT_FMT_TXT_CMAP_FORMAT0_TINY
    },
    {
        .range_start = 330, .range_length = 54, .glyph_id_start = 264,
        .unicode_list = NULL, .glyph_id_ofs_list = NULL, .list_length = 0, .type = LV_FONT_FMT_TXT_CMAP_FORMAT0_TINY
    },
    {
        .range_start = 8192, .range_length = 12, .glyph_id_start = 318,
        .unicode_list = NULL, .glyph_id_ofs_list = NULL, .list_length = 0, .type = LV_FONT_FMT_TXT_CMAP_FORMAT0_TINY
    },
    {
        .range_start = 8208, .range_length = 24, .glyph_id_start = 330,
        .unicode_list = NULL, .glyph_id_ofs_list = NULL, .list_length = 0, .type = LV_FONT_FMT_TXT_CMAP_FORMAT0_TINY
    },
    {
        .range_start = 8239, .range_length = 39, .glyph_id_start = 354,
        .unicode_list = NULL, .glyph_id_ofs_list = NULL, .list_length = 0, .type = LV_FONT_FMT_TXT_CMAP_FORMAT0_TINY
    },
    {
        .range_start = 8279, .range_length = 9, .glyph_id_start = 393,
        .unicode_list = unicode_list_7, .glyph_id_ofs_list = NULL, .list_length = 2, .type = LV_FONT_FMT_TXT_CMAP_SPARSE_TINY
    }
};

/*-----------------
 *    KERNING
 *----------------*/

/*Map glyph_ids to kern left classes*/
static const uint8_t kern_left_class_mapping[] =
{
    0, 0, 0, 1, 0, 0, 2, 3,
    1, 4, 5, 6, 7, 8, 7, 8,
    9, 10, 11, 12, 13, 14, 15, 16,
    17, 13, 10, 18, 18, 0, 19, 20,
    0, 21, 0, 0, 0, 0, 0, 0,
    0, 0, 0, 0, 0, 0, 0, 0,
    0, 0, 0, 0, 0, 0, 0, 0,
    0, 0, 0, 0, 4, 22, 5, 6,
    23, 0, 0, 0, 0, 0, 0, 0,
    0, 0, 0, 0, 0, 0, 0, 0,
    0, 0, 0, 0, 0, 0, 0, 0,
    0, 0, 0, 0, 4, 11, 5, 7,
    0, 24, 25, 0, 0, 0, 0, 0,
    0, 21, 0, 0, 0, 26, 0, 6,
    19, 0, 0, 0, 27, 11, 28, 0,
    0, 0, 29, 0, 0, 0, 30, 0,
    0, 0, 0, 0, 0, 0, 0, 0,
    0, 0, 0, 0, 0, 0, 0, 0,
    0, 0, 0, 0, 0, 0, 31, 0,
    0, 0, 0, 0, 0, 0, 0, 0,
    0, 0, 0, 0, 0, 0, 0, 0,
    0, 0, 0, 0, 0, 0, 0, 0,
    0, 0, 0, 0, 0, 0, 7, 0,
    0, 0, 0, 0, 0, 0, 0, 0,
    0, 0, 0, 0, 0, 0, 0, 0,
    0, 0, 0, 0, 0, 0, 0, 0,
    0, 0, 0, 0, 0, 0, 0, 0,
    0, 0, 0, 0, 0, 0, 0, 0,
    0, 0, 0, 0, 0, 0, 0, 0,
    0, 0, 0, 0, 0, 0, 0, 0,
    0, 0, 0, 0, 0, 0, 0, 0,
    0, 0, 0, 0, 0, 0, 0, 0,
    0, 0, 0, 0, 0, 0, 0, 0,
    0, 0, 0, 0, 0, 0, 0, 0,
    0, 0, 0, 0, 0, 0, 0, 0,
    0, 0, 0, 0, 0, 0, 0, 0,
    0, 0, 0, 0, 0, 0, 0, 0,
    0, 0, 0, 0, 0, 0, 0, 0,
    0, 0, 0, 0, 0, 0, 0, 0,
    0, 0, 0, 0, 0, 0, 0, 0,
    0, 0, 0, 0, 0, 0, 0, 0,
    0, 0, 0, 0, 0, 0, 0, 0,
    0, 0, 32, 33, 34, 0, 32, 33,
    34, 0, 35, 35, 31, 31, 0, 0,
    36, 0, 0, 0, 0, 0, 0, 33,
    0, 0, 0, 0, 0, 29, 0, 0,
    0, 0, 0, 0, 0, 0, 31, 0,
    0, 0, 0, 0, 0, 0, 37, 38,
    31, 0, 18, 0, 0, 0, 0, 0,
    0, 0, 0
};

/*Map glyph_ids to kern right classes*/
static const uint8_t kern_right_class_mapping[] =
{
    0, 1, 2, 3, 4, 5, 0, 6,
    3, 0, 7, 8, 9, 10, 9, 11,
    12, 13, 14, 15, 16, 17, 18, 13,
    19, 20, 21, 22, 22, 23, 24, 0,
    25, 26, 0, 0, 0, 0, 0, 0,
    0, 0, 0, 0, 0, 0, 0, 0,
    0, 0, 0, 0, 0, 0, 0, 0,
    0, 0, 0, 0, 0, 27, 7, 8,
    28, 0, 0, 0, 0, 0, 0, 0,
    0, 0, 0, 0, 0, 0, 0, 0,
    0, 0, 0, 0, 0, 0, 0, 0,
    0, 0, 0, 0, 0, 29, 7, 30,
    0, 0, 31, 0, 0, 0, 0, 0,
    0, 26, 0, 32, 33, 34, 0, 8,
    24, 0, 0, 0, 35, 36, 9, 0,
    0, 0, 37, 0, 0, 0, 38, 0,
    0, 0, 0, 0, 0, 0, 0, 0,
    0, 0, 0, 0, 0, 0, 0, 0,
    0, 0, 0, 0, 0, 0, 37, 0,
    0, 0, 0, 0, 0, 0, 0, 0,
    0, 0, 0, 0, 0, 0, 0, 0,
    0, 0, 0, 0, 0, 0, 0, 0,
    0, 0, 0, 0, 0, 0, 9, 0,
    0, 0, 0, 0, 0, 0, 0, 0,
    0, 0, 0, 0, 0, 0, 0, 0,
    0, 0, 0, 0, 0, 0, 0, 0,
    0, 0, 0, 0, 0, 0, 0, 0,
    0, 0, 0, 0, 0, 0, 0, 0,
    0, 0, 0, 0, 0, 0, 0, 0,
    0, 0, 0, 0, 0, 0, 0, 0,
    0, 0, 0, 0, 0, 0, 0, 0,
    0, 0, 0, 0, 0, 0, 0, 0,
    0, 0, 0, 0, 0, 0, 0, 0,
    0, 0, 0, 0, 0, 0, 0, 0,
    0, 0, 0, 0, 0, 0, 0, 0,
    0, 0, 0, 0, 0, 0, 0, 0,
    0, 0, 0, 0, 0, 0, 0, 0,
    0, 0, 0, 0, 0, 0, 0, 0,
    0, 0, 0, 0, 0, 0, 0, 0,
    0, 0, 0, 0, 0, 0, 0, 0,
    0, 0, 0, 0, 0, 0, 0, 0,
    0, 0, 0, 0, 0, 0, 0, 0,
    0, 0, 39, 40, 41, 42, 39, 40,
    41, 43, 44, 44, 37, 37, 0, 0,
    45, 0, 0, 0, 0, 0, 0, 40,
    0, 0, 0, 0, 32, 37, 0, 0,
    25, 0, 0, 0, 0, 0, 37, 46,
    0, 0, 0, 0, 0, 47, 29, 37,
    48, 0, 22, 0, 0, 0, 0, 0,
    0, 0, 0
};

/*Kern values between classes*/
static const int8_t kern_class_values[] =
{
    0, 0, 0, 0, 0, -9, 0, 0,
    0, -22, -22, 0, 0, 0, 0, 0,
    -16, 0, 0, 0, 0, 0, 0, 0,
    0, 0, 0, 0, 0, 0, -4, 0,
    0, 0, 0, 0, 0, 0, 0, 0,
    0, 0, 0, 0, -22, 0, 0, 0,
    0, 0, 0, 0, 0, 0, 0, 0,
    0, 0, 0, 0, 0, 0, 0, 0,
    0, 0, 0, 0, 0, 0, 0, 0,
    0, 0, 0, 0, 0, 0, 0, 0,
    0, 0, 0, 0, 0, 0, -16, -17,
    0, 0, 0, 0, 0, 0, 0, 0,
    0, 0, -9, 0, 0, 0, 0, 0,
    0, 0, 0, 0, 0, 0, 0, 0,
    0, 0, 0, 0, 0, 0, 0, 0,
    0, 0, -16, 0, 0, 0, 0, 0,
    0, -6, 0, 0, 0, 0, -23, 0,
    0, 0, 0, -10, 0, 0, 0, 0,
    0, 0, 0, 0, 0, 0, 0, 0,
    0, 0, 0, 0, 0, 0, 0, 0,
    0, 0, 0, 0, 0, 0, 0, 0,
    0, 0, 0, 0, 2, 0, -2, 0,
    0, 0, 0, 0, 0, 0, 0, 0,
    0, 0, 0, 0, 0, 0, 0, 2,
    0, 0, 0, 0, 0, 0, 0, 0,
    0, 0, 0, 0, 0, 0, 0, 0,
    0, 0, 0, 0, 0, 0, 0, 0,
    0, 0, 0, 0, 0, 0, 0, 0,
    0, 0, 0, 0, 0, 0, -9, 0,
    0, 0, 0, 0, 0, 0, 0, 0,
    0, 0, 0, 0, 0, -9, 0, 0,
    0, -35, -35, 0, 0, 0, 0, 0,
    -12, 0, 0, 0, 0, 0, 0, 0,
    0, -3, 0, -17, 0, 0, 0, 0,
    0, 0, 0, 0, 0, 0, 0, 0,
    0, 0, 0, 0, -35, 0, 0, 0,
    0, 0, 0, 0, 0, 0, 0, 0,
    0, 0, 0, 0, 0, 0, -8, -2,
    0, 0, -6, 0, 0, 0, 0, 0,
    0, 0, -12, 0, 0, 0, 0, 0,
    0, 0, 0, -3, 0, 0, -13, 0,
    0, 0, 0, 0, 0, 0, 0, 0,
    -3, -1, -22, 0, 0, 0, 0, 0,
    0, 0, 0, 0, -7, -22, 0, -6,
    0, -3, -5, -6, -2, 0, 0, 0,
    -22, -11, 0, 0, 0, 0, 0, 0,
    0, 0, 0, -13, 0, 0, 0, -18,
    0, -35, -35, 0, 0, 0, 0, 0,
    0, 0, 0, 0, 0, 0, 0, 0,
    0, -10, -10, 0, 0, 0, 0, 0,
    0, 0, 0, 0, 0, 0, 0, 0,
    0, 0, 1, 0, 0, 0, 0, 0,
    0, 0, 0, 0, 0, 0, 0, 0,
    0, 0, 0, 0, -10, 0, 0, 0,
    0, 0, 0, 0, 0, 0, 0, 0,
    0, -7, -7, 0, 0, 0, 0, 0,
    0, 0, -5, 0, 0, 0, 0, 0,
    0, 0, -4, -12, 0, 0, 0, 0,
    0, 0, 0, 0, 0, 0, -12, 0,
    -13, 0, 0, 0, -7, 0, 4, 0,
    0, 0, 0, 0, 0, 0, 2, 0,
    0, 0, 0, 0, 0, 0, 0, 0,
    0, 0, 0, 0, 0, 0, 0, 0,
    0, 0, 0, 2, 0, 0, 0, 0,
    0, 0, 0, 0, 0, 0, 0, 0,
    0, 0, 0, 0, 0, 0, 4, 0,
    0, 0, 0, 0, 0, 0, 0, 0,
    0, 0, 0, 0, 0, 0, 0, 0,
    -4, 0, 0, 0, 0, 0, 0, 0,
    0, 0, 0, 0, 0, 0, 0, 0,
    0, 0, 0, 0, 0, 0, 0, 0,
    0, 0, 0, 0, 0, 0, 0, 0,
    0, 0, 0, 0, 0, 0, 0, -3,
    0, -6, -6, 0, 0, 0, 0, 0,
    0, 0, 0, 0, 0, 0, 0, 0,
    0, 0, 0, 0, 0, 0, 0, -9,
    0, 0, 0, 0, 0, 0, 0, 0,
    -13, 0, 0, 0, -6, 0, 0, 0,
    0, 0, 0, 0, 0, 0, 0, -6,
    0, -9, -9, 0, 0, -7, 0, 0,
    0, 0, 0, 0, 0, 0, 0, 0,
    0, 0, 0, 0, 0, 0, 0, 0,
    0, -1, 0, -10, 0, 0, 0, 0,
    0, 0, 0, 0, -9, 0, 0, 0,
    0, 0, 0, 0, 0, 0, 0, 0,
    0, -6, -6, 0, 0, 0, 0, 0,
    0, 0, 0, 0, 0, 0, 0, 0,
    0, 0, 0, 0, 0, 0, 0, 0,
    0, -1, 0, 0, 0, 0, 0, 0,
    0, 0, 0, 0, -6, 0, 0, 0,
    0, 0, 0, 0, 0, 0, 0, 0,
    0, -8, -8, 0, 0, 0, 0, 0,
    0, 0, 0, 0, 0, 0, 0, 0,
    0, 0, 0, -12, 0, 0, 0, 0,
    0, 0, 0, 0, 0, 0, 0, 0,
    -12, 0, 0, 0, -8, 0, 0, 0,
    0, 0, 0, -14, 0, -12, 0, 0,
    0, -32, -32, 0, -4, 0, 0, -4,
    -15, -2, 5, -4, -2, -9, -23, 0,
    0, 0, 0, -41, 0, 0, -13, -16,
    0, 0, 0, 0, 0, 0, 0, 0,
    -36, 0, 0, 0, -32, 0, 0, -13,
    0, 0, 0, 0, 0, 0, 0, 0,
    0, 0, 0, 0, 0, 0, 0, 0,
    0, 0, 0, 0, 0, 0, 0, 0,
    0, 0, -16, 0, 0, 0, 0, 0,
    0, 0, 0, 0, 0, 0, -12, 0,
    0, 0, 0, 0, 0, 0, 0, 0,
    0, 0, 0, 0, 0, 0, 0, 0,
    0, 0, 0, 0, 0, 0, 0, 0,
    0, 0, 0, 0, 0, 0, 0, 0,
    0, 0, -17, 0, 0, 0, 0, 0,
    0, 0, 0, 0, 0, 0, -14, 0,
    0, 0, 0, 0, 0, 0, 0, 0,
    0, 0, 0, 0, 0, 0, 0, 0,
    0, 0, 0, 0, 0, 0, 0, 0,
    0, 0, -19, 0, 0, 0, 0, 0,
    0, 0, -19, 0, 0, 0, 0, 0,
    0, 0, 0, 0, 0, 0, -25, 0,
    0, 0, 0, 0, 0, 0, 0, 0,
    0, 0, 0, 0, 0, 0, 0, 0,
    0, -11, -11, -10, 0, 0, 0, 0,
    0, 0, 0, 0, 0, 0, 0, 0,
    0, 0, -9, -10, 0, 0, 0, 0,
    0, -1, 0, 0, 0, 0, -9, 0,
    -10, 0, 0, 0, -11, 0, 0, 0,
    0, 0, -20, 0, -1, 0, 0, -22,
    -9, 0, 0, 4, 0, -10, 0, 0,
    0, 0, 0, 0, 0, 0, -3, -13,
    -16, -9, -12, 0, 0, -9, -2, -9,
    -9, -18, 0, -13, -9, 0, -11, -14,
    0, 0, 0, -19, 0, -2, -6, 0,
    0, 0, 0, 0, 0, 0, 0, -17,
    0, 0, 0, 0, -12, -28, 0, -12,
    -14, -12, 0, -12, -12, 0, 0, 0,
    0, -10, -20, 0, 9, 0, 0, 0,
    0, 0, 0, -12, 0, 0, -10, 0,
    0, 0, 0, 0, 0, 0, 0, 9,
    0, 0, 0, 0, 0, 0, 0, 0,
    0, 0, 0, 0, 0, 0, 0, 0,
    0, 0, 0, 0, 0, 0, 0, 0,
    0, 0, -9, 0, 0, 0, 0, 0,
    0, 0, 0, 0, 0, 0, -9, 0,
    0, 0, 0, 0, 0, 0, 0, 0,
    0, 0, -4, 0, 0, 0, -3, 0,
    0, 0, 0, 0, 0, -9, 0, 0,
    0, 0, 0, 0, 0, 0, 0, 0,
    0, 0, -14, 0, 0, 0, 0, 0,
    0, -3, 0, 0, 0, 0, -16, -6,
    0, 0, 0, -9, 0, 0, 0, 0,
    0, 0, 0, 0, 0, -9, 0, 0,
    0, 0, 0, 0, 0, 0, 0, 0,
    -13, 0, 0, 0, 0, 0, 0, 0,
    0, -1, 0, 0, 0, 0, -7, 0,
    0, 0, 0, 0, 0, 0, 0, 0,
    0, 0, 0, 0, 0, 0, 0, 0,
    0, 0, 0, 0, 0, 0, 0, 0,
    -10, 0, 0, -9, 0, 0, 0, 0,
    0, 0, 0, 0, 0, 0, -10, 0,
    0, 0, 0, -9, 0, -10, 0, 0,
    -9, 0, 0, 0, 0, 0, -13, 4,
    0, 0, 0, 0, 0, 0, 0, 0,
    0, 0, 0, 0, 0, 0, 0, 0,
    0, 0, 0, 0, 0, 0, -8, -2,
    0, 0, -6, 0, 0, 0, 0, 0,
    0, 0, -10, 0, 0, 0, 0, 0,
    0, 0, 0, -3, 0, 0, -13, 0,
    0, 0, 0, 0, 0, 0, 0, 0,
    0, 0, 0, 0, 0, 0, 0, 0,
    0, 0, 0, 0, 0, -10, -13, -12,
    0, 0, -13, -9, 0, 0, 0, 0,
    0, 0, -16, 0, 0, 0, 0, 0,
    0, 0, 0, 0, 0, 0, -22, 0,
    0, 0, 0, 0, 0, 0, 0, 0,
    0, 0, 0, 0, 0, 0, 0, 0,
    0, 0, 0, 0, 0, 0, 0, 0,
    0, 0, 0, 0, 0, 0, 0, 0,
    0, 0, -23, 0, 0, 0, 0, 0,
    0, 0, 0, 0, 0, 0, -16, -9,
    0, 0, 0, 0, 0, 0, 0, 0,
    0, 0, 0, 0, 0, 0, 0, 0,
    0, 0, 0, 0, 0, 0, 0, 0,
    0, 0, 0, 0, 0, 0, 0, 0,
    0, 0, -10, 0, 0, 0, 0, 0,
    0, 0, 0, 0, 0, 0, 0, 0,
    0, 0, 0, 0, 0, 0, 0, 0,
    0, 0, 0, 0, 0, -16, 0, 0,
    0, -24, -24, -25, 0, 0, 0, 0,
    -16, 0, 0, 0, 0, 0, 0, 0,
    0, 0, 0, 0, 0, 0, -10, 0,
    0, 0, 0, 0, 0, -16, 0, 0,
    -19, 0, 0, 0, -24, 0, 0, 0,
    0, 0, 0, -32, 0, -17, 0, 0,
    -15, -28, -28, -36, -12, 0, 0, 0,
    -25, 0, -16, -10, 0, -14, -25, -14,
    0, -14, 0, -10, 0, -12, -16, -22,
    -15, 0, -12, -3, 0, -17, 0, 0,
    0, 0, 0, 0, -28, 0, 3, -6,
    0, 0, 0, 0, 0, 0, 0, 0,
    0, 0, 0, 0, 0, -17, 0, 0,
    0, 0, 0, 0, 0, 0, 0, 0,
    0, 0, -23, 0, 0, 0, 0, 0,
    0, 0, 0, 0, 0, 0, -32, -25,
    0, 0, 0, 0, 0, 0, 0, 0,
    0, 0, 0, 0, 0, -10, 0, 0,
    0, 0, 0, 0, 0, 0, 0, 0,
    0, 0, 0, 0, 0, 0, 0, 0,
    0, 0, 0, 0, 0, 0, -9, 0,
    0, 0, 0, 0, 0, 0, 0, 0,
    0, 0, 0, 0, 0, 0, 0, 0,
    -3, -1, -22, 0, 0, 0, 0, 0,
    0, 0, 0, 0, -7, -22, 0, -6,
    0, -3, -5, -6, -2, 0, 0, 0,
    -22, -11, 0, 0, 0, 0, 0, 0,
    0, 0, 0, -13, 0, 0, 0, -18,
    0, -35, -46, 0, 0, 0, 0, 0,
    0, 0, 0, 0, 0, -9, 0, 0,
    -9, -10, -9, 0, 0, 0, 0, 0,
    0, 0, 0, 0, 0, 0, 0, 0,
    0, 0, 0, 0, 0, -9, -2, 0,
    -9, 0, 0, 0, 0, 0, 0, 0,
    -36, 0, 0, 0, -25, 0, 0, 0,
    0, 0, -2, 0, 0, 0, 0, 0,
    0, 0, 0, 0, 0, -10, 0, 0,
    0, 0, 0, 0, 0, 0, 0, 0,
    0, 0, -13, 0, 0, 0, 0, 0,
    0, -2, 0, 0, 0, 0, -12, -5,
    0, 0, 0, 0, 0, 0, 0, 0
};

/*Collect the kern class' data in one place*/
static const lv_font_fmt_txt_kern_classes_t kern_classes =
{
    .class_pair_values   = kern_class_values,
    .left_class_mapping  = kern_left_class_mapping,
    .right_class_mapping = kern_right_class_mapping,
    .left_class_cnt      = 38,
    .right_class_cnt     = 48,
};

/*--------------------
 *  ALL CUSTOM DATA
 *--------------------*/

#if LVGL_VERSION_MAJOR == 8
/*Store all the custom data of the font*/
static  lv_font_fmt_txt_glyph_cache_t cache;
#endif

#if LVGL_VERSION_MAJOR >= 8
static const lv_font_fmt_txt_dsc_t font_dsc = {
#else
static lv_font_fmt_txt_dsc_t font_dsc = {
#endif
    .glyph_bitmap = glyph_bitmap,
    .glyph_dsc = glyph_dsc,
    .cmaps = cmaps,
    .kern_dsc = &kern_classes,
    .kern_scale = 16,
    .cmap_num = 8,
    .bpp = 4,
    .kern_classes = 1,
    .bitmap_format = 0,
#if LVGL_VERSION_MAJOR == 8
    .cache = &cache
#endif

};



/*-----------------
 *  PUBLIC FONT
 *----------------*/

/*Initialize a public general font descriptor*/
#if LVGL_VERSION_MAJOR >= 8
const lv_font_t font_inter_medium_16_data = {
#else
lv_font_t font_inter_medium_16_data = {
#endif
    .get_glyph_dsc = lv_font_get_glyph_dsc_fmt_txt,    /*Function pointer to get glyph's data*/
    .get_glyph_bitmap = lv_font_get_bitmap_fmt_txt,    /*Function pointer to get glyph's bitmap*/
    .line_height = 21,          /*The maximum line height required by the font*/
    .base_line = 5,             /*Baseline measured from the bottom of the line*/
#if !(LVGL_VERSION_MAJOR == 6 && LVGL_VERSION_MINOR == 0)
    .subpx = LV_FONT_SUBPX_NONE,
#endif
#if LV_VERSION_CHECK(7, 4, 0) || LVGL_VERSION_MAJOR >= 8
    .underline_position = -3,
    .underline_thickness = 1,
#endif

#if LV_VERSION_CHECK(9, 3, 0)
    .static_bitmap = 1,    /*Bitmaps are stored as const so they are always static if not compressed */
#endif

    .dsc = &font_dsc,          /*The custom font data. Will be accessed by `get_glyph_bitmap/dsc` */
#if LV_VERSION_CHECK(8, 2, 0) || LVGL_VERSION_MAJOR >= 9
    .fallback = NULL,
#endif
    .user_data = NULL,
};



#endif /*#if FONT_INTER_MEDIUM_16_DATA*/
