/*******************************************************************************
 * Size: 21 px
 * Bpp: 4
 * Opts: --font /fonts/Inter-Regular.ttf -o /fonts/font_inter_regular_21_data.c --size 21 --bpp 4 --format lvgl --no-compress --range 0x20-0x7F, 0xA0-0xFF, 0x2000-0x206F
 ******************************************************************************/

#ifdef __has_include
    #if __has_include("lvgl.h")
        #ifndef LV_LVGL_H_INCLUDE_SIMPLE
            #define LV_LVGL_H_INCLUDE_SIMPLE
        #endif
    #endif
#endif

#ifdef LV_LVGL_H_INCLUDE_SIMPLE
    #include "lvgl.h"
#else
    #include "lvgl/lvgl.h"
#endif



#ifndef FONT_INTER_REGULAR_21_DATA
#define FONT_INTER_REGULAR_21_DATA 1
#endif

#if FONT_INTER_REGULAR_21_DATA

/*-----------------
 *    BITMAPS
 *----------------*/

/*Store the image of the glyphs*/
static LV_ATTRIBUTE_LARGE_CONST const uint8_t glyph_bitmap[] = {
    /* U+0020 " " */

    /* U+0021 "!" */
    0x0f, 0xf0, 0x0f, 0xf0, 0x0f, 0xf0, 0x0f, 0xf0,
    0x0f, 0xf0, 0x0f, 0xf0, 0x0f, 0xf0, 0x0f, 0xf0,
    0x0e, 0xf0, 0x0e, 0xe0, 0x0a, 0xa0, 0x00, 0x00,
    0x00, 0x00, 0x0b, 0xb0, 0x4f, 0xf5, 0x1d, 0xd1,

    /* U+0022 "\"" */
    0xdf, 0x15, 0xf9, 0xcf, 0x14, 0xf9, 0xcf, 0x04,
    0xf8, 0xbf, 0x03, 0xf7, 0xaf, 0x03, 0xf7, 0xaf,
    0x02, 0xf6, 0x00, 0x00, 0x00,

    /* U+0023 "#" */
    0x00, 0x00, 0xae, 0x00, 0x04, 0xf4, 0x00, 0x00,
    0x0c, 0xb0, 0x00, 0x6f, 0x10, 0x00, 0x00, 0xf9,
    0x00, 0x09, 0xf0, 0x00, 0x00, 0x1f, 0x60, 0x00,
    0xbc, 0x00, 0x09, 0xff, 0xff, 0xff, 0xff, 0xff,
    0xd0, 0x69, 0xff, 0xb9, 0x9a, 0xff, 0x97, 0x00,
    0x09, 0xf0, 0x00, 0x3f, 0x50, 0x00, 0x00, 0xbc,
    0x00, 0x05, 0xf2, 0x00, 0x00, 0x0e, 0xa0, 0x00,
    0x8f, 0x00, 0x00, 0x00, 0xf7, 0x00, 0x0a, 0xd0,
    0x00, 0x7f, 0xff, 0xff, 0xff, 0xff, 0xff, 0x05,
    0x9f, 0xfc, 0x99, 0x9f, 0xf9, 0x70, 0x00, 0x8f,
    0x00, 0x02, 0xf6, 0x00, 0x00, 0x0a, 0xd0, 0x00,
    0x5f, 0x30, 0x00, 0x00, 0xdb, 0x00, 0x07, 0xf1,
    0x00, 0x00, 0x0f, 0x80, 0x00, 0xae, 0x00, 0x00,

    /* U+0024 "$" */
    0x00, 0x00, 0x07, 0x20, 0x00, 0x00, 0x00, 0x00,
    0x0e, 0x50, 0x00, 0x00, 0x00, 0x00, 0x0e, 0x50,
    0x00, 0x00, 0x00, 0x18, 0xdf, 0xfc, 0x60, 0x00,
    0x03, 0xef, 0xff, 0xff, 0xfc, 0x00, 0x0e, 0xf7,
    0x0e, 0x52, 0xcf, 0x90, 0x4f, 0xb0, 0x0e, 0x50,
    0x1f, 0xf0, 0x5f, 0x90, 0x0e, 0x50, 0x01, 0x20,
    0x2f, 0xe1, 0x0e, 0x50, 0x00, 0x00, 0x0a, 0xff,
    0x8f, 0x50, 0x00, 0x00, 0x00, 0x7f, 0xff, 0xf9,
    0x30, 0x00, 0x00, 0x00, 0x5f, 0xff, 0xfa, 0x00,
    0x00, 0x00, 0x0e, 0x65, 0xdf, 0xb0, 0x00, 0x00,
    0x0e, 0x50, 0x0d, 0xf2, 0x45, 0x10, 0x0e, 0x50,
    0x0a, 0xf3, 0xaf, 0x70, 0x0e, 0x50, 0x0d, 0xf2,
    0x4f, 0xf5, 0x0e, 0x52, 0xbf, 0xb0, 0x07, 0xff,
    0xff, 0xff, 0xfd, 0x10, 0x00, 0x3a, 0xef, 0xfc,
    0x70, 0x00, 0x00, 0x00, 0x0e, 0x50, 0x00, 0x00,
    0x00, 0x00, 0x0e, 0x50, 0x00, 0x00,

    /* U+0025 "%" */
    0x05, 0xdf, 0xc2, 0x00, 0x00, 0x00, 0xbf, 0x10,
    0x03, 0xfb, 0x6d, 0xe0, 0x00, 0x00, 0x5f, 0x60,
    0x00, 0x8f, 0x10, 0x5f, 0x40, 0x00, 0x1e, 0xb0,
    0x00, 0x0a, 0xe0, 0x03, 0xf5, 0x00, 0x0a, 0xf1,
    0x00, 0x00, 0x9f, 0x00, 0x4f, 0x40, 0x05, 0xf6,
    0x00, 0x00, 0x05, 0xf7, 0x2b, 0xf1, 0x01, 0xec,
    0x00, 0x00, 0x00, 0x0a, 0xff, 0xf5, 0x00, 0xaf,
    0x20, 0x00, 0x00, 0x00, 0x02, 0x31, 0x00, 0x4f,
    0x70, 0x00, 0x00, 0x00, 0x00, 0x00, 0x00, 0x0e,
    0xc0, 0x00, 0x00, 0x00, 0x00, 0x00, 0x00, 0x09,
    0xf2, 0x00, 0x8f, 0xfd, 0x30, 0x00, 0x00, 0x04,
    0xf7, 0x00, 0x5f, 0x95, 0xdd, 0x00, 0x00, 0x00,
    0xdc, 0x00, 0x0a, 0xe0, 0x06, 0xf3, 0x00, 0x00,
    0x9f, 0x30, 0x00, 0xbd, 0x00, 0x5f, 0x40, 0x00,
    0x3f, 0x80, 0x00, 0x0a, 0xf0, 0x06, 0xf2, 0x00,
    0x0d, 0xd0, 0x00, 0x00, 0x4f, 0xa7, 0xed, 0x00,
    0x08, 0xf3, 0x00, 0x00, 0x00, 0x6e, 0xfb, 0x20,

    /* U+0026 "&" */
    0x00, 0x2b, 0xff, 0xb3, 0x00, 0x00, 0x00, 0x1e,
    0xfc, 0xbf, 0xf2, 0x00, 0x00, 0x08, 0xf8, 0x00,
    0x5f, 0x90, 0x00, 0x00, 0xaf, 0x30, 0x02, 0xfb,
    0x00, 0x00, 0x09, 0xf5, 0x00, 0x8f, 0x80, 0x00,
    0x00, 0x3f, 0xd0, 0x7f, 0xe1, 0x00, 0x00, 0x00,
    0x9f, 0xff, 0xd2, 0x00, 0x00, 0x00, 0x03, 0xff,
    0xf1, 0x00, 0x00, 0x00, 0x05, 0xff, 0xff, 0x30,
    0x01, 0x30, 0x03, 0xff, 0x44, 0xfe, 0x10, 0x8f,
    0x40, 0xbf, 0x50, 0x07, 0xfc, 0x0b, 0xf2, 0x0e,
    0xf0, 0x00, 0x0a, 0xfb, 0xfe, 0x00, 0xdf, 0x10,
    0x00, 0x0c, 0xff, 0x60, 0x08, 0xfa, 0x00, 0x01,
    0xcf, 0xf3, 0x00, 0x0c, 0xfe, 0xbc, 0xff, 0xff,
    0xe1, 0x00, 0x07, 0xdf, 0xfc, 0x60, 0x6f, 0xc0,

    /* U+0027 "'" */
    0xdf, 0x1c, 0xf1, 0xcf, 0x0b, 0xf0, 0xaf, 0x0a,
    0xf0, 0x00, 0x00,

    /* U+0028 "(" */
    0x00, 0x28, 0x40, 0x0a, 0xf4, 0x01, 0xfd, 0x00,
    0x7f, 0x70, 0x0b, 0xf2, 0x00, 0xfd, 0x00, 0x4f,
    0xa0, 0x07, 0xf6, 0x00, 0x9f, 0x40, 0x0b, 0xf2,
    0x00, 0xcf, 0x10, 0x0b, 0xf2, 0x00, 0xaf, 0x30,
    0x07, 0xf6, 0x00, 0x4f, 0x90, 0x01, 0xfe, 0x00,
    0x0b, 0xf3, 0x00, 0x5f, 0x90, 0x00, 0xdf, 0x00,
    0x06, 0xf7,

    /* U+0029 ")" */
    0x07, 0x70, 0x00, 0x09, 0xf4, 0x00, 0x03, 0xfb,
    0x00, 0x00, 0xdf, 0x10, 0x00, 0x7f, 0x60, 0x00,
    0x3f, 0xb0, 0x00, 0x0f, 0xe0, 0x00, 0x0c, 0xf2,
    0x00, 0x09, 0xf4, 0x00, 0x08, 0xf5, 0x00, 0x07,
    0xf6, 0x00, 0x07, 0xf5, 0x00, 0x09, 0xf4, 0x00,
    0x0b, 0xf2, 0x00, 0x0f, 0xe0, 0x00, 0x3f, 0xb0,
    0x00, 0x8f, 0x50, 0x00, 0xef, 0x00, 0x05, 0xf8,
    0x00, 0x0c, 0xf1, 0x00,

    /* U+002A "*" */
    0x00, 0x07, 0xf0, 0x00, 0x01, 0x10, 0x6f, 0x00,
    0x30, 0x9f, 0x66, 0xe1, 0xbf, 0x21, 0x9f, 0xef,
    0xfd, 0x50, 0x00, 0x6f, 0xfd, 0x10, 0x02, 0xbf,
    0xdf, 0xee, 0x70, 0x8e, 0x46, 0xe0, 0x9f, 0x10,
    0x00, 0x6f, 0x00, 0x10, 0x00, 0x06, 0xd0, 0x00,
    0x00,

    /* U+002B "+" */
    0x00, 0x00, 0xed, 0x00, 0x00, 0x00, 0x00, 0xed,
    0x00, 0x00, 0x00, 0x00, 0xed, 0x00, 0x00, 0x00,
    0x00, 0xed, 0x00, 0x00, 0xbb, 0xbb, 0xff, 0xbb,
    0xb9, 0xff, 0xff, 0xff, 0xff, 0xfe, 0x00, 0x00,
    0xed, 0x00, 0x00, 0x00, 0x00, 0xed, 0x00, 0x00,
    0x00, 0x00, 0xed, 0x00, 0x00, 0x00, 0x00, 0xed,
    0x00, 0x00, 0x00, 0x00, 0x76, 0x00, 0x00,

    /* U+002C "," */
    0x00, 0x00, 0x0d, 0xf3, 0x0f, 0xe0, 0x2f, 0xa0,
    0x5f, 0x60, 0x7f, 0x20, 0x9d, 0x00,

    /* U+002D "-" */
    0x6c, 0xcc, 0xcc, 0xc2, 0x8f, 0xff, 0xff, 0xf3,

    /* U+002E "." */
    0x0b, 0xb1, 0x5f, 0xf5, 0x1d, 0xd1,

    /* U+002F "/" */
    0x00, 0x00, 0x0b, 0xf0, 0x00, 0x00, 0x0f, 0xb0,
    0x00, 0x00, 0x4f, 0x70, 0x00, 0x00, 0x8f, 0x20,
    0x00, 0x00, 0xce, 0x00, 0x00, 0x00, 0xfa, 0x00,
    0x00, 0x04, 0xf6, 0x00, 0x00, 0x08, 0xf2, 0x00,
    0x00, 0x0d, 0xe0, 0x00, 0x00, 0x1f, 0xa0, 0x00,
    0x00, 0x5f, 0x50, 0x00, 0x00, 0x9f, 0x10, 0x00,
    0x00, 0xdd, 0x00, 0x00, 0x01, 0xf9, 0x00, 0x00,
    0x05, 0xf5, 0x00, 0x00, 0x0a, 0xf1, 0x00, 0x00,
    0x0e, 0xd0, 0x00, 0x00, 0x2f, 0x80, 0x00, 0x00,
    0x6f, 0x40, 0x00, 0x00,

    /* U+0030 "0" */
    0x00, 0x07, 0xdf, 0xd9, 0x10, 0x00, 0x0b, 0xff,
    0xce, 0xfe, 0x10, 0x08, 0xfb, 0x10, 0x08, 0xfc,
    0x00, 0xff, 0x10, 0x00, 0x0c, 0xf4, 0x4f, 0x90,
    0x00, 0x00, 0x5f, 0x88, 0xf5, 0x00, 0x00, 0x01,
    0xfc, 0xaf, 0x30, 0x00, 0x00, 0x0f, 0xeb, 0xf2,
    0x00, 0x00, 0x00, 0xef, 0xbf, 0x20, 0x00, 0x00,
    0x0e, 0xfa, 0xf3, 0x00, 0x00, 0x00, 0xfe, 0x8f,
    0x50, 0x00, 0x00, 0x1f, 0xc5, 0xf9, 0x00, 0x00,
    0x05, 0xf8, 0x1f, 0xf1, 0x00, 0x00, 0xcf, 0x40,
    0x8f, 0xb1, 0x00, 0x8f, 0xc0, 0x00, 0xcf, 0xfc,
    0xef, 0xe2, 0x00, 0x00, 0x7d, 0xfd, 0x91, 0x00,

    /* U+0031 "1" */
    0x00, 0x05, 0xff, 0xb0, 0x09, 0xff, 0xfb, 0x0c,
    0xfc, 0x5f, 0xb0, 0xf9, 0x03, 0xfb, 0x05, 0x00,
    0x3f, 0xb0, 0x00, 0x03, 0xfb, 0x00, 0x00, 0x3f,
    0xb0, 0x00, 0x03, 0xfb, 0x00, 0x00, 0x3f, 0xb0,
    0x00, 0x03, 0xfb, 0x00, 0x00, 0x3f, 0xb0, 0x00,
    0x03, 0xfb, 0x00, 0x00, 0x3f, 0xb0, 0x00, 0x03,
    0xfb, 0x00, 0x00, 0x3f, 0xb0, 0x00, 0x03, 0xfb,

    /* U+0032 "2" */
    0x00, 0x29, 0xef, 0xd8, 0x00, 0x00, 0x3f, 0xfe,
    0xcf, 0xfd, 0x00, 0x0d, 0xf6, 0x00, 0x0a, 0xf9,
    0x03, 0xfb, 0x00, 0x00, 0x0f, 0xe0, 0x3b, 0x50,
    0x00, 0x00, 0xdf, 0x00, 0x00, 0x00, 0x00, 0x0f,
    0xe0, 0x00, 0x00, 0x00, 0x07, 0xf9, 0x00, 0x00,
    0x00, 0x03, 0xfe, 0x10, 0x00, 0x00, 0x02, 0xef,
    0x40, 0x00, 0x00, 0x01, 0xdf, 0x70, 0x00, 0x00,
    0x00, 0xcf, 0x90, 0x00, 0x00, 0x00, 0xbf, 0xa0,
    0x00, 0x00, 0x00, 0x9f, 0xb0, 0x00, 0x00, 0x00,
    0x7f, 0xd0, 0x00, 0x00, 0x00, 0x4f, 0xfe, 0xdd,
    0xdd, 0xdd, 0x46, 0xff, 0xff, 0xff, 0xff, 0xf5,

    /* U+0033 "3" */
    0x00, 0x29, 0xef, 0xe9, 0x10, 0x00, 0x3f, 0xfe,
    0xce, 0xfe, 0x20, 0x0e, 0xf7, 0x00, 0x08, 0xfc,
    0x04, 0xfa, 0x00, 0x00, 0x0e, 0xf1, 0x12, 0x10,
    0x00, 0x00, 0xcf, 0x20, 0x00, 0x00, 0x00, 0x1f,
    0xe0, 0x00, 0x00, 0x00, 0x3c, 0xf6, 0x00, 0x00,
    0x0f, 0xff, 0xe5, 0x00, 0x00, 0x00, 0xcc, 0xef,
    0xd4, 0x00, 0x00, 0x00, 0x00, 0x5f, 0xf2, 0x00,
    0x00, 0x00, 0x00, 0x7f, 0x81, 0x20, 0x00, 0x00,
    0x03, 0xfb, 0x9f, 0x60, 0x00, 0x00, 0x6f, 0x94,
    0xfe, 0x40, 0x00, 0x4f, 0xf3, 0x08, 0xff, 0xec,
    0xef, 0xf7, 0x00, 0x04, 0xae, 0xfe, 0xa3, 0x00,

    /* U+0034 "4" */
    0x00, 0x00, 0x00, 0x6f, 0xf4, 0x00, 0x00, 0x00,
    0x01, 0xef, 0xf4, 0x00, 0x00, 0x00, 0x09, 0xff,
    0xf4, 0x00, 0x00, 0x00, 0x2f, 0xb9, 0xf4, 0x00,
    0x00, 0x00, 0xcf, 0x29, 0xf4, 0x00, 0x00, 0x05,
    0xf8, 0x09, 0xf4, 0x00, 0x00, 0x0e, 0xe0, 0x09,
    0xf4, 0x00, 0x00, 0x9f, 0x60, 0x09, 0xf4, 0x00,
    0x02, 0xfc, 0x00, 0x09, 0xf4, 0x00, 0x0c, 0xf3,
    0x00, 0x09, 0xf4, 0x00, 0x5f, 0x90, 0x00, 0x09,
    0xf4, 0x00, 0xcf, 0xff, 0xff, 0xff, 0xff, 0xf5,
    0xad, 0xdd, 0xdd, 0xdf, 0xff, 0xd4, 0x00, 0x00,
    0x00, 0x09, 0xf4, 0x00, 0x00, 0x00, 0x00, 0x09,
    0xf4, 0x00, 0x00, 0x00, 0x00, 0x09, 0xf4, 0x00,

    /* U+0035 "5" */
    0x09, 0xff, 0xff, 0xff, 0xf7, 0x00, 0xbf, 0xcc,
    0xcc, 0xcc, 0x60, 0x0d, 0xf0, 0x00, 0x00, 0x00,
    0x00, 0xfe, 0x00, 0x00, 0x00, 0x00, 0x1f, 0xc0,
    0x00, 0x00, 0x00, 0x03, 0xfa, 0x4a, 0xb9, 0x30,
    0x00, 0x5f, 0xff, 0xff, 0xff, 0x80, 0x04, 0xbb,
    0x41, 0x16, 0xff, 0x50, 0x00, 0x00, 0x00, 0x05,
    0xfd, 0x00, 0x00, 0x00, 0x00, 0x0e, 0xf1, 0x00,
    0x00, 0x00, 0x00, 0xbf, 0x22, 0x41, 0x00, 0x00,
    0x0c, 0xf1, 0x8f, 0x60, 0x00, 0x02, 0xfe, 0x03,
    0xff, 0x40, 0x02, 0xdf, 0x70, 0x07, 0xff, 0xdd,
    0xff, 0xa0, 0x00, 0x04, 0xbe, 0xfc, 0x60, 0x00,

    /* U+0036 "6" */
    0x00, 0x05, 0xcf, 0xeb, 0x40, 0x00, 0x09, 0xff,
    0xde, 0xff, 0x70, 0x06, 0xfc, 0x20, 0x04, 0xff,
    0x20, 0xee, 0x10, 0x00, 0x06, 0xe7, 0x3f, 0x80,
    0x00, 0x00, 0x00, 0x07, 0xf4, 0x07, 0xaa, 0x70,
    0x00, 0xaf, 0x4e, 0xff, 0xff, 0xd2, 0x0b, 0xfe,
    0xe4, 0x02, 0xaf, 0xd0, 0xbf, 0xf2, 0x00, 0x00,
    0xbf, 0x5b, 0xf9, 0x00, 0x00, 0x04, 0xfa, 0x9f,
    0x60, 0x00, 0x00, 0x2f, 0xb6, 0xf8, 0x00, 0x00,
    0x03, 0xfa, 0x2f, 0xd0, 0x00, 0x00, 0xaf, 0x60,
    0xaf, 0xa1, 0x00, 0x7f, 0xe1, 0x01, 0xdf, 0xfd,
    0xef, 0xf4, 0x00, 0x00, 0x8d, 0xfe, 0xa2, 0x00,

    /* U+0037 "7" */
    0xff, 0xff, 0xff, 0xff, 0xfe, 0xdd, 0xdd, 0xdd,
    0xdd, 0xfd, 0x00, 0x00, 0x00, 0x07, 0xf9, 0x00,
    0x00, 0x00, 0x0e, 0xf1, 0x00, 0x00, 0x00, 0x6f,
    0x90, 0x00, 0x00, 0x00, 0xef, 0x20, 0x00, 0x00,
    0x06, 0xfa, 0x00, 0x00, 0x00, 0x0d, 0xf2, 0x00,
    0x00, 0x00, 0x5f, 0xb0, 0x00, 0x00, 0x00, 0xdf,
    0x30, 0x00, 0x00, 0x05, 0xfb, 0x00, 0x00, 0x00,
    0x0c, 0xf4, 0x00, 0x00, 0x00, 0x4f, 0xc0, 0x00,
    0x00, 0x00, 0xcf, 0x40, 0x00, 0x00, 0x03, 0xfd,
    0x00, 0x00, 0x00, 0x0b, 0xf5, 0x00, 0x00, 0x00,

    /* U+0038 "8" */
    0x00, 0x19, 0xef, 0xe9, 0x10, 0x00, 0x2f, 0xfe,
    0xce, 0xfe, 0x20, 0x0c, 0xf7, 0x00, 0x08, 0xfc,
    0x01, 0xfd, 0x00, 0x00, 0x0d, 0xf1, 0x2f, 0xb0,
    0x00, 0x00, 0xcf, 0x10, 0xee, 0x00, 0x00, 0x1f,
    0xe0, 0x06, 0xfb, 0x20, 0x2c, 0xf6, 0x00, 0x05,
    0xff, 0xff, 0xf5, 0x00, 0x04, 0xef, 0xdb, 0xdf,
    0xe4, 0x02, 0xfe, 0x40, 0x00, 0x4f, 0xf2, 0x8f,
    0x60, 0x00, 0x00, 0x7f, 0x8b, 0xf3, 0x00, 0x00,
    0x03, 0xfb, 0xaf, 0x50, 0x00, 0x00, 0x6f, 0x94,
    0xfe, 0x30, 0x00, 0x3e, 0xf4, 0x08, 0xff, 0xdc,
    0xdf, 0xf8, 0x00, 0x04, 0xbe, 0xfe, 0xa4, 0x00,

    /* U+0039 "9" */
    0x00, 0x2a, 0xef, 0xd8, 0x10, 0x00, 0x5f, 0xfe,
    0xdf, 0xfd, 0x10, 0x1f, 0xf6, 0x00, 0x09, 0xfb,
    0x07, 0xf8, 0x00, 0x00, 0x0c, 0xf2, 0xaf, 0x30,
    0x00, 0x00, 0x6f, 0x7b, 0xf3, 0x00, 0x00, 0x06,
    0xfa, 0x8f, 0x80, 0x00, 0x00, 0xcf, 0xb2, 0xff,
    0x50, 0x00, 0x9f, 0xfc, 0x06, 0xff, 0xec, 0xff,
    0x6f, 0xb0, 0x03, 0xbe, 0xeb, 0x32, 0xfa, 0x00,
    0x00, 0x00, 0x00, 0x5f, 0x73, 0x62, 0x00, 0x00,
    0x09, 0xf3, 0x6f, 0xa0, 0x00, 0x01, 0xfe, 0x00,
    0xef, 0x60, 0x02, 0xcf, 0x60, 0x04, 0xff, 0xed,
    0xff, 0xa0, 0x00, 0x03, 0xbe, 0xfc, 0x60, 0x00,

    /* U+003A ":" */
    0x0b, 0xb1, 0x5f, 0xf5, 0x1d, 0xd1, 0x00, 0x00,
    0x00, 0x00, 0x00, 0x00, 0x00, 0x00, 0x00, 0x00,
    0x00, 0x00, 0x0b, 0xb1, 0x5f, 0xf5, 0x1d, 0xd1,

    /* U+003B ";" */
    0x0a, 0xf4, 0x0f, 0xfa, 0x08, 0xc3, 0x00, 0x00,
    0x00, 0x00, 0x00, 0x00, 0x00, 0x00, 0x00, 0x00,
    0x00, 0x00, 0x0d, 0xf3, 0x0f, 0xe0, 0x2f, 0xa0,
    0x5f, 0x60, 0x7f, 0x20, 0x9d, 0x00,

    /* U+003C "<" */
    0x00, 0x00, 0x00, 0x00, 0x06, 0x50, 0x00, 0x00,
    0x00, 0x5d, 0xf7, 0x00, 0x00, 0x04, 0xdf, 0xfa,
    0x20, 0x00, 0x4c, 0xff, 0xa2, 0x00, 0x03, 0xbf,
    0xfa, 0x20, 0x00, 0x03, 0xff, 0xa2, 0x00, 0x00,
    0x00, 0x1d, 0xfe, 0x70, 0x00, 0x00, 0x00, 0x06,
    0xef, 0xe7, 0x00, 0x00, 0x00, 0x00, 0x6e, 0xfe,
    0x70, 0x00, 0x00, 0x00, 0x07, 0xef, 0xe4, 0x00,
    0x00, 0x00, 0x00, 0x8f, 0x70, 0x00, 0x00, 0x00,
    0x00, 0x13,

    /* U+003D "=" */
    0xbf, 0xff, 0xff, 0xff, 0xf9, 0x8c, 0xcc, 0xcc,
    0xcc, 0xc7, 0x00, 0x00, 0x00, 0x00, 0x00, 0x00,
    0x00, 0x00, 0x00, 0x00, 0x8c, 0xcc, 0xcc, 0xcc,
    0xc7, 0xbf, 0xff, 0xff, 0xff, 0xf9,

    /* U+003E ">" */
    0x65, 0x00, 0x00, 0x00, 0x00, 0x09, 0xfc, 0x40,
    0x00, 0x00, 0x00, 0x2b, 0xff, 0xc3, 0x00, 0x00,
    0x00, 0x03, 0xbf, 0xfb, 0x30, 0x00, 0x00, 0x00,
    0x2a, 0xff, 0xa2, 0x00, 0x00, 0x00, 0x02, 0xbf,
    0xf1, 0x00, 0x00, 0x01, 0x8e, 0xfc, 0x00, 0x00,
    0x18, 0xff, 0xd5, 0x00, 0x01, 0x8f, 0xfd, 0x50,
    0x00, 0x05, 0xff, 0xe6, 0x00, 0x00, 0x00, 0x9e,
    0x70, 0x00, 0x00, 0x00, 0x03, 0x00, 0x00, 0x00,
    0x00, 0x00,

    /* U+003F "?" */
    0x00, 0x2a, 0xef, 0xd7, 0x00, 0x03, 0xff, 0xdb,
    0xef, 0xb0, 0x0c, 0xf7, 0x00, 0x1c, 0xf5, 0x0f,
    0xe0, 0x00, 0x04, 0xf9, 0x02, 0x20, 0x00, 0x04,
    0xfa, 0x00, 0x00, 0x00, 0x0a, 0xf7, 0x00, 0x00,
    0x00, 0x9f, 0xe1, 0x00, 0x00, 0x1c, 0xfd, 0x20,
    0x00, 0x00, 0xaf, 0xb1, 0x00, 0x00, 0x00, 0xff,
    0x10, 0x00, 0x00, 0x00, 0xfd, 0x00, 0x00, 0x00,
    0x00, 0x10, 0x00, 0x00, 0x00, 0x00, 0x00, 0x00,
    0x00, 0x00, 0x01, 0xba, 0x00, 0x00, 0x00, 0x07,
    0xff, 0x30, 0x00, 0x00, 0x02, 0xec, 0x00, 0x00,

    /* U+0040 "@" */
    0x00, 0x00, 0x00, 0x15, 0x67, 0x64, 0x00, 0x00,
    0x00, 0x00, 0x00, 0x04, 0xcf, 0xff, 0xff, 0xff,
    0x91, 0x00, 0x00, 0x00, 0x09, 0xfe, 0x83, 0x10,
    0x14, 0xaf, 0xe3, 0x00, 0x00, 0x0a, 0xfa, 0x00,
    0x00, 0x00, 0x00, 0x3e, 0xe2, 0x00, 0x05, 0xfb,
    0x00, 0x00, 0x00, 0x00, 0x00, 0x2f, 0xc0, 0x00,
    0xdf, 0x10, 0x02, 0xbf, 0xe9, 0x6c, 0x20, 0x8f,
    0x30, 0x3f, 0x90, 0x02, 0xef, 0xaa, 0xff, 0xf3,
    0x01, 0xf9, 0x07, 0xf4, 0x00, 0xbf, 0x30, 0x01,
    0xef, 0x30, 0x0c, 0xd0, 0xaf, 0x10, 0x1f, 0x90,
    0x00, 0x09, 0xf3, 0x00, 0xaf, 0x0b, 0xf0, 0x04,
    0xf5, 0x00, 0x00, 0x6f, 0x30, 0x09, 0xf0, 0xbf,
    0x00, 0x5f, 0x40, 0x00, 0x06, 0xf3, 0x00, 0x9f,
    0x0a, 0xf0, 0x04, 0xf6, 0x00, 0x00, 0x7f, 0x30,
    0x0a, 0xe0, 0x9f, 0x20, 0x1f, 0x90, 0x00, 0x0a,
    0xf3, 0x00, 0xcb, 0x05, 0xf6, 0x00, 0xbe, 0x10,
    0x02, 0xff, 0x50, 0x1f, 0x80, 0x1f, 0xc0, 0x03,
    0xfe, 0x99, 0xea, 0xfe, 0x8d, 0xf2, 0x00, 0xaf,
    0x50, 0x03, 0xcf, 0xe7, 0x06, 0xdf, 0xd4, 0x00,
    0x01, 0xef, 0x30, 0x00, 0x00, 0x00, 0x00, 0x00,
    0x00, 0x00, 0x04, 0xff, 0x81, 0x00, 0x00, 0x00,
    0x10, 0x00, 0x00, 0x00, 0x02, 0xcf, 0xfc, 0xa8,
    0x9b, 0xee, 0x00, 0x00, 0x00, 0x00, 0x00, 0x49,
    0xce, 0xff, 0xda, 0x50, 0x00, 0x00,

    /* U+0041 "A" */
    0x00, 0x00, 0x01, 0xff, 0x80, 0x00, 0x00, 0x00,
    0x00, 0x07, 0xff, 0xd0, 0x00, 0x00, 0x00, 0x00,
    0x0c, 0xf9, 0xf3, 0x00, 0x00, 0x00, 0x00, 0x2f,
    0xa4, 0xf9, 0x00, 0x00, 0x00, 0x00, 0x7f, 0x60,
    0xfe, 0x00, 0x00, 0x00, 0x00, 0xdf, 0x10, 0xaf,
    0x40, 0x00, 0x00, 0x02, 0xfc, 0x00, 0x5f, 0x90,
    0x00, 0x00, 0x08, 0xf6, 0x00, 0x0f, 0xf0, 0x00,
    0x00, 0x0d, 0xf1, 0x00, 0x0a, 0xf5, 0x00, 0x00,
    0x3f, 0xc0, 0x00, 0x05, 0xfa, 0x00, 0x00, 0x9f,
    0xff, 0xff, 0xff, 0xff, 0x00, 0x00, 0xef, 0xdc,
    0xcc, 0xcc, 0xff, 0x50, 0x04, 0xfc, 0x00, 0x00,
    0x00, 0x4f, 0xb0, 0x09, 0xf6, 0x00, 0x00, 0x00,
    0x0e, 0xf1, 0x0e, 0xf1, 0x00, 0x00, 0x00, 0x09,
    0xf6, 0x4f, 0xc0, 0x00, 0x00, 0x00, 0x04, 0xfc,

    /* U+0042 "B" */
    0x2f, 0xff, 0xff, 0xfd, 0x91, 0x00, 0x2f, 0xfc,
    0xcc, 0xdf, 0xfe, 0x10, 0x2f, 0xc0, 0x00, 0x00,
    0xaf, 0x90, 0x2f, 0xc0, 0x00, 0x00, 0x1f, 0xd0,
    0x2f, 0xc0, 0x00, 0x00, 0x0f, 0xe0, 0x2f, 0xc0,
    0x00, 0x00, 0x3f, 0xb0, 0x2f, 0xc0, 0x00, 0x04,
    0xef, 0x30, 0x2f, 0xff, 0xff, 0xff, 0xd2, 0x00,
    0x2f, 0xeb, 0xbb, 0xbd, 0xfe, 0x30, 0x2f, 0xc0,
    0x00, 0x00, 0x5f, 0xe1, 0x2f, 0xc0, 0x00, 0x00,
    0x09, 0xf6, 0x2f, 0xc0, 0x00, 0x00, 0x05, 0xf8,
    0x2f, 0xc0, 0x00, 0x00, 0x08, 0xf7, 0x2f, 0xc0,
    0x00, 0x00, 0x3f, 0xf2, 0x2f, 0xfc, 0xcc, 0xce,
    0xff, 0x80, 0x2f, 0xff, 0xff, 0xfe, 0xb5, 0x00,

    /* U+0043 "C" */
    0x00, 0x01, 0x7c, 0xef, 0xd8, 0x10, 0x00, 0x00,
    0x3e, 0xff, 0xee, 0xff, 0xe4, 0x00, 0x01, 0xff,
    0xa2, 0x00, 0x19, 0xff, 0x20, 0x0b, 0xf8, 0x00,
    0x00, 0x00, 0x8f, 0xa0, 0x2f, 0xd0, 0x00, 0x00,
    0x00, 0x0f, 0xf0, 0x7f, 0x80, 0x00, 0x00, 0x00,
    0x01, 0x10, 0x9f, 0x40, 0x00, 0x00, 0x00, 0x00,
    0x00, 0xbf, 0x20, 0x00, 0x00, 0x00, 0x00, 0x00,
    0xbf, 0x20, 0x00, 0x00, 0x00, 0x00, 0x00, 0x9f,
    0x40, 0x00, 0x00, 0x00, 0x00, 0x00, 0x7f, 0x80,
    0x00, 0x00, 0x00, 0x01, 0x20, 0x2f, 0xd0, 0x00,
    0x00, 0x00, 0x0f, 0xf0, 0x0b, 0xf9, 0x00, 0x00,
    0x00, 0x8f, 0xa0, 0x01, 0xff, 0xa2, 0x00, 0x29,
    0xff, 0x20, 0x00, 0x3e, 0xff, 0xff, 0xff, 0xe4,
    0x00, 0x00, 0x01, 0x7c, 0xef, 0xd8, 0x10, 0x00,

    /* U+0044 "D" */
    0x2f, 0xff, 0xff, 0xec, 0x71, 0x00, 0x02, 0xff,
    0xcc, 0xce, 0xff, 0xf5, 0x00, 0x2f, 0xc0, 0x00,
    0x01, 0x8f, 0xf4, 0x02, 0xfc, 0x00, 0x00, 0x00,
    0x5f, 0xe0, 0x2f, 0xc0, 0x00, 0x00, 0x00, 0xbf,
    0x52, 0xfc, 0x00, 0x00, 0x00, 0x05, 0xfa, 0x2f,
    0xc0, 0x00, 0x00, 0x00, 0x1f, 0xc2, 0xfc, 0x00,
    0x00, 0x00, 0x00, 0xfd, 0x2f, 0xc0, 0x00, 0x00,
    0x00, 0x0f, 0xd2, 0xfc, 0x00, 0x00, 0x00, 0x01,
    0xfc, 0x2f, 0xc0, 0x00, 0x00, 0x00, 0x5f, 0x92,
    0xfc, 0x00, 0x00, 0x00, 0x0b, 0xf4, 0x2f, 0xc0,
    0x00, 0x00, 0x05, 0xfd, 0x02, 0xfc, 0x00, 0x00,
    0x18, 0xff, 0x30, 0x2f, 0xfc, 0xcc, 0xef, 0xfe,
    0x40, 0x02, 0xff, 0xff, 0xfe, 0xc7, 0x10, 0x00,

    /* U+0045 "E" */
    0x2f, 0xff, 0xff, 0xff, 0xff, 0x22, 0xff, 0xcc,
    0xcc, 0xcc, 0xc1, 0x2f, 0xc0, 0x00, 0x00, 0x00,
    0x02, 0xfc, 0x00, 0x00, 0x00, 0x00, 0x2f, 0xc0,
    0x00, 0x00, 0x00, 0x02, 0xfc, 0x00, 0x00, 0x00,
    0x00, 0x2f, 0xc0, 0x00, 0x00, 0x00, 0x02, 0xff,
    0xcc, 0xcc, 0xcc, 0x80, 0x2f, 0xff, 0xff, 0xff,
    0xfa, 0x02, 0xfc, 0x00, 0x00, 0x00, 0x00, 0x2f,
    0xc0, 0x00, 0x00, 0x00, 0x02, 0xfc, 0x00, 0x00,
    0x00, 0x00, 0x2f, 0xc0, 0x00, 0x00, 0x00, 0x02,
    0xfc, 0x00, 0x00, 0x00, 0x00, 0x2f, 0xfc, 0xcc,
    0xcc, 0xcc, 0x32, 0xff, 0xff, 0xff, 0xff, 0xf4,

    /* U+0046 "F" */
    0x2f, 0xff, 0xff, 0xff, 0xff, 0x12, 0xff, 0xcc,
    0xcc, 0xcc, 0xc0, 0x2f, 0xc0, 0x00, 0x00, 0x00,
    0x02, 0xfc, 0x00, 0x00, 0x00, 0x00, 0x2f, 0xc0,
    0x00, 0x00, 0x00, 0x02, 0xfc, 0x00, 0x00, 0x00,
    0x00, 0x2f, 0xc0, 0x00, 0x00, 0x00, 0x02, 0xff,
    0xcc, 0xcc, 0xcc, 0x40, 0x2f, 0xff, 0xff, 0xff,
    0xf6, 0x02, 0xfc, 0x00, 0x00, 0x00, 0x00, 0x2f,
    0xc0, 0x00, 0x00, 0x00, 0x02, 0xfc, 0x00, 0x00,
    0x00, 0x00, 0x2f, 0xc0, 0x00, 0x00, 0x00, 0x02,
    0xfc, 0x00, 0x00, 0x00, 0x00, 0x2f, 0xc0, 0x00,
    0x00, 0x00, 0x02, 0xfc, 0x00, 0x00, 0x00, 0x00,

    /* U+0047 "G" */
    0x00, 0x01, 0x7c, 0xff, 0xc7, 0x10, 0x00, 0x00,
    0x3e, 0xff, 0xef, 0xff, 0xe3, 0x00, 0x02, 0xff,
    0xa2, 0x00, 0x2a, 0xff, 0x20, 0x0b, 0xf8, 0x00,
    0x00, 0x00, 0xaf, 0xb0, 0x2f, 0xd0, 0x00, 0x00,
    0x00, 0x1f, 0xf1, 0x7f, 0x80, 0x00, 0x00, 0x00,
    0x01, 0x20, 0x9f, 0x40, 0x00, 0x00, 0x00, 0x00,
    0x00, 0xbf, 0x20, 0x00, 0x00, 0x00, 0x00, 0x00,
    0xbf, 0x20, 0x00, 0x08, 0xff, 0xff, 0xf5, 0x9f,
    0x40, 0x00, 0x06, 0xcc, 0xce, 0xf5, 0x7f, 0x80,
    0x00, 0x00, 0x00, 0x0a, 0xf4, 0x2f, 0xd0, 0x00,
    0x00, 0x00, 0x0e, 0xf1, 0x0b, 0xf9, 0x00, 0x00,
    0x00, 0x7f, 0xc0, 0x02, 0xff, 0xa2, 0x00, 0x18,
    0xff, 0x30, 0x00, 0x3e, 0xff, 0xfe, 0xff, 0xf5,
    0x00, 0x00, 0x01, 0x7c, 0xef, 0xd8, 0x10, 0x00,

    /* U+0048 "H" */
    0x2f, 0xc0, 0x00, 0x00, 0x00, 0x3f, 0xc2, 0xfc,
    0x00, 0x00, 0x00, 0x03, 0xfc, 0x2f, 0xc0, 0x00,
    0x00, 0x00, 0x3f, 0xc2, 0xfc, 0x00, 0x00, 0x00,
    0x03, 0xfc, 0x2f, 0xc0, 0x00, 0x00, 0x00, 0x3f,
    0xc2, 0xfc, 0x00, 0x00, 0x00, 0x03, 0xfc, 0x2f,
    0xc0, 0x00, 0x00, 0x00, 0x3f, 0xc2, 0xff, 0xff,
    0xff, 0xff, 0xff, 0xfc, 0x2f, 0xfc, 0xcc, 0xcc,
    0xcc, 0xdf, 0xc2, 0xfc, 0x00, 0x00, 0x00, 0x03,
    0xfc, 0x2f, 0xc0, 0x00, 0x00, 0x00, 0x3f, 0xc2,
    0xfc, 0x00, 0x00, 0x00, 0x03, 0xfc, 0x2f, 0xc0,
    0x00, 0x00, 0x00, 0x3f, 0xc2, 0xfc, 0x00, 0x00,
    0x00, 0x03, 0xfc, 0x2f, 0xc0, 0x00, 0x00, 0x00,
    0x3f, 0xc2, 0xfc, 0x00, 0x00, 0x00, 0x03, 0xfc,

    /* U+0049 "I" */
    0x2f, 0xc2, 0xfc, 0x2f, 0xc2, 0xfc, 0x2f, 0xc2,
    0xfc, 0x2f, 0xc2, 0xfc, 0x2f, 0xc2, 0xfc, 0x2f,
    0xc2, 0xfc, 0x2f, 0xc2, 0xfc, 0x2f, 0xc2, 0xfc,

    /* U+004A "J" */
    0x00, 0x00, 0x00, 0x0d, 0xf2, 0x00, 0x00, 0x00,
    0x0d, 0xf2, 0x00, 0x00, 0x00, 0x0d, 0xf2, 0x00,
    0x00, 0x00, 0x0d, 0xf2, 0x00, 0x00, 0x00, 0x0d,
    0xf2, 0x00, 0x00, 0x00, 0x0d, 0xf2, 0x00, 0x00,
    0x00, 0x0d, 0xf2, 0x00, 0x00, 0x00, 0x0d, 0xf2,
    0x00, 0x00, 0x00, 0x0d, 0xf2, 0x00, 0x00, 0x00,
    0x0d, 0xf2, 0x88, 0x00, 0x00, 0x0d, 0xf2, 0xff,
    0x00, 0x00, 0x0d, 0xf1, 0xdf, 0x30, 0x00, 0x0f,
    0xf0, 0x8f, 0xc1, 0x00, 0xaf, 0xb0, 0x1d, 0xff,
    0xdf, 0xfe, 0x20, 0x01, 0x8e, 0xfe, 0xa2, 0x00,

    /* U+004B "K" */
    0x2f, 0xc0, 0x00, 0x00, 0x07, 0xfe, 0x22, 0xfc,
    0x00, 0x00, 0x05, 0xff, 0x30, 0x2f, 0xc0, 0x00,
    0x04, 0xff, 0x40, 0x02, 0xfc, 0x00, 0x02, 0xff,
    0x60, 0x00, 0x2f, 0xc0, 0x01, 0xef, 0x80, 0x00,
    0x02, 0xfc, 0x00, 0xdf, 0x90, 0x00, 0x00, 0x2f,
    0xc0, 0xbf, 0xd0, 0x00, 0x00, 0x02, 0xfc, 0x8f,
    0xfc, 0x00, 0x00, 0x00, 0x2f, 0xff, 0xce, 0xf6,
    0x00, 0x00, 0x02, 0xff, 0xd1, 0x3f, 0xf2, 0x00,
    0x00, 0x2f, 0xf1, 0x00, 0x8f, 0xc0, 0x00, 0x02,
    0xfe, 0x00, 0x00, 0xdf, 0x70, 0x00, 0x2f, 0xc0,
    0x00, 0x02, 0xff, 0x20, 0x02, 0xfc, 0x00, 0x00,
    0x07, 0xfc, 0x00, 0x2f, 0xc0, 0x00, 0x00, 0x0c,
    0xf8, 0x02, 0xfc, 0x00, 0x00, 0x00, 0x2f, 0xf3,

    /* U+004C "L" */
    0x2f, 0xc0, 0x00, 0x00, 0x00, 0x2f, 0xc0, 0x00,
    0x00, 0x00, 0x2f, 0xc0, 0x00, 0x00, 0x00, 0x2f,
    0xc0, 0x00, 0x00, 0x00, 0x2f, 0xc0, 0x00, 0x00,
    0x00, 0x2f, 0xc0, 0x00, 0x00, 0x00, 0x2f, 0xc0,
    0x00, 0x00, 0x00, 0x2f, 0xc0, 0x00, 0x00, 0x00,
    0x2f, 0xc0, 0x00, 0x00, 0x00, 0x2f, 0xc0, 0x00,
    0x00, 0x00, 0x2f, 0xc0, 0x00, 0x00, 0x00, 0x2f,
    0xc0, 0x00, 0x00, 0x00, 0x2f, 0xc0, 0x00, 0x00,
    0x00, 0x2f, 0xc0, 0x00, 0x00, 0x00, 0x2f, 0xfc,
    0xcc, 0xcc, 0xca, 0x2f, 0xff, 0xff, 0xff, 0xfe,

    /* U+004D "M" */
    0x2f, 0xfc, 0x00, 0x00, 0x00, 0x00, 0x0d, 0xff,
    0x22, 0xff, 0xf2, 0x00, 0x00, 0x00, 0x03, 0xff,
    0xf2, 0x2f, 0xef, 0x80, 0x00, 0x00, 0x00, 0x9f,
    0xef, 0x22, 0xfa, 0xfe, 0x00, 0x00, 0x00, 0x0e,
    0xdb, 0xf2, 0x2f, 0xaa, 0xf4, 0x00, 0x00, 0x04,
    0xf8, 0xcf, 0x22, 0xfa, 0x4f, 0xa0, 0x00, 0x00,
    0xaf, 0x3c, 0xf2, 0x2f, 0xb0, 0xef, 0x10, 0x00,
    0x1f, 0xd0, 0xcf, 0x22, 0xfb, 0x09, 0xf6, 0x00,
    0x06, 0xf7, 0x0c, 0xf2, 0x2f, 0xb0, 0x3f, 0xc0,
    0x00, 0xcf, 0x20, 0xcf, 0x22, 0xfb, 0x00, 0xdf,
    0x20, 0x2f, 0xb0, 0x0c, 0xf2, 0x2f, 0xb0, 0x07,
    0xf8, 0x07, 0xf6, 0x00, 0xcf, 0x22, 0xfb, 0x00,
    0x1f, 0xd0, 0xdf, 0x00, 0x0c, 0xf2, 0x2f, 0xb0,
    0x00, 0xbf, 0x4f, 0xa0, 0x00, 0xcf, 0x22, 0xfb,
    0x00, 0x04, 0xfd, 0xf4, 0x00, 0x0c, 0xf2, 0x2f,
    0xb0, 0x00, 0x0e, 0xfe, 0x00, 0x00, 0xcf, 0x22,
    0xfb, 0x00, 0x00, 0x8f, 0x80, 0x00, 0x0c, 0xf2,

    /* U+004E "N" */
    0x2f, 0xf7, 0x00, 0x00, 0x00, 0x0f, 0xf2, 0xff,
    0xf1, 0x00, 0x00, 0x00, 0xff, 0x2f, 0xff, 0xa0,
    0x00, 0x00, 0x0f, 0xf2, 0xfb, 0xdf, 0x40, 0x00,
    0x00, 0xff, 0x2f, 0xb5, 0xfd, 0x00, 0x00, 0x0f,
    0xf2, 0xfc, 0x0c, 0xf8, 0x00, 0x00, 0xff, 0x2f,
    0xc0, 0x3f, 0xf2, 0x00, 0x0f, 0xf2, 0xfc, 0x00,
    0x9f, 0xb0, 0x00, 0xff, 0x2f, 0xc0, 0x00, 0xef,
    0x50, 0x0f, 0xf2, 0xfc, 0x00, 0x05, 0xfe, 0x10,
    0xff, 0x2f, 0xc0, 0x00, 0x0b, 0xf9, 0x0f, 0xf2,
    0xfc, 0x00, 0x00, 0x2f, 0xf2, 0xff, 0x2f, 0xc0,
    0x00, 0x00, 0x8f, 0xae, 0xf2, 0xfc, 0x00, 0x00,
    0x00, 0xdf, 0xff, 0x2f, 0xc0, 0x00, 0x00, 0x04,
    0xff, 0xf2, 0xfc, 0x00, 0x00, 0x00, 0x0a, 0xff,

    /* U+004F "O" */
    0x00, 0x00, 0x7c, 0xef, 0xc7, 0x10, 0x00, 0x00,
    0x2e, 0xff, 0xee, 0xff, 0xe3, 0x00, 0x01, 0xff,
    0xa2, 0x00, 0x29, 0xff, 0x20, 0x0b, 0xf9, 0x00,
    0x00, 0x00, 0x8f, 0xc0, 0x2f, 0xd0, 0x00, 0x00,
    0x00, 0x0d, 0xf2, 0x7f, 0x80, 0x00, 0x00, 0x00,
    0x07, 0xf8, 0x9f, 0x40, 0x00, 0x00, 0x00, 0x03,
    0xfa, 0xbf, 0x20, 0x00, 0x00, 0x00, 0x02, 0xfc,
    0xbf, 0x20, 0x00, 0x00, 0x00, 0x02, 0xfc, 0x9f,
    0x40, 0x00, 0x00, 0x00, 0x03, 0xfa, 0x7f, 0x80,
    0x00, 0x00, 0x00, 0x07, 0xf8, 0x2f, 0xd0, 0x00,
    0x00, 0x00, 0x0d, 0xf2, 0x0b, 0xf9, 0x00, 0x00,
    0x00, 0x8f, 0xc0, 0x01, 0xff, 0xa2, 0x00, 0x29,
    0xff, 0x20, 0x00, 0x2e, 0xff, 0xfe, 0xff, 0xe3,
    0x00, 0x00, 0x00, 0x7c, 0xef, 0xc7, 0x10, 0x00,

    /* U+0050 "P" */
    0x2f, 0xff, 0xff, 0xfd, 0x81, 0x00, 0x2f, 0xfc,
    0xcc, 0xdf, 0xfe, 0x10, 0x2f, 0xc0, 0x00, 0x01,
    0xaf, 0xb0, 0x2f, 0xc0, 0x00, 0x00, 0x0e, 0xf1,
    0x2f, 0xc0, 0x00, 0x00, 0x0b, 0xf3, 0x2f, 0xc0,
    0x00, 0x00, 0x0b, 0xf3, 0x2f, 0xc0, 0x00, 0x00,
    0x0e, 0xf1, 0x2f, 0xc0, 0x00, 0x00, 0xaf, 0xb0,
    0x2f, 0xfc, 0xcc, 0xdf, 0xfe, 0x10, 0x2f, 0xff,
    0xff, 0xfd, 0x81, 0x00, 0x2f, 0xc0, 0x00, 0x00,
    0x00, 0x00, 0x2f, 0xc0, 0x00, 0x00, 0x00, 0x00,
    0x2f, 0xc0, 0x00, 0x00, 0x00, 0x00, 0x2f, 0xc0,
    0x00, 0x00, 0x00, 0x00, 0x2f, 0xc0, 0x00, 0x00,
    0x00, 0x00, 0x2f, 0xc0, 0x00, 0x00, 0x00, 0x00,

    /* U+0051 "Q" */
    0x00, 0x00, 0x7c, 0xef, 0xc7, 0x10, 0x00, 0x00,
    0x2e, 0xff, 0xee, 0xff, 0xe3, 0x00, 0x01, 0xff,
    0xa2, 0x00, 0x29, 0xff, 0x20, 0x0b, 0xf9, 0x00,
    0x00, 0x00, 0x8f, 0xc0, 0x2f, 0xd0, 0x00, 0x00,
    0x00, 0x0d, 0xf2, 0x7f, 0x80, 0x00, 0x00, 0x00,
    0x07, 0xf8, 0x9f, 0x40, 0x00, 0x00, 0x00, 0x03,
    0xfa, 0xbf, 0x20, 0x00, 0x00, 0x00, 0x02, 0xfc,
    0xbf, 0x20, 0x00, 0x00, 0x00, 0x02, 0xfc, 0x9f,
    0x40, 0x00, 0x00, 0x00, 0x03, 0xfa, 0x7f, 0x80,
    0x00, 0x01, 0x00, 0x07, 0xf8, 0x2f, 0xd0, 0x00,
    0x3f, 0xd0, 0x0d, 0xf2, 0x0b, 0xf9, 0x00, 0x07,
    0xf9, 0x8f, 0xc0, 0x01, 0xff, 0xa2, 0x00, 0xdf,
    0xff, 0x20, 0x00, 0x2e, 0xff, 0xfe, 0xff, 0xf4,
    0x00, 0x00, 0x00, 0x7c, 0xef, 0xcc, 0xfb, 0x00,
    0x00, 0x00, 0x00, 0x00, 0x00, 0x9f, 0x60, 0x00,
    0x00, 0x00, 0x00, 0x00, 0x07, 0x70,

    /* U+0052 "R" */
    0x2f, 0xff, 0xff, 0xfd, 0x81, 0x00, 0x2f, 0xfc,
    0xcc, 0xdf, 0xfe, 0x20, 0x2f, 0xc0, 0x00, 0x00,
    0xaf, 0xb0, 0x2f, 0xc0, 0x00, 0x00, 0x0e, 0xf1,
    0x2f, 0xc0, 0x00, 0x00, 0x0b, 0xf3, 0x2f, 0xc0,
    0x00, 0x00, 0x0b, 0xf3, 0x2f, 0xc0, 0x00, 0x00,
    0x1f, 0xf1, 0x2f, 0xc0, 0x00, 0x03, 0xcf, 0xa0,
    0x2f, 0xff, 0xff, 0xff, 0xfc, 0x10, 0x2f, 0xfc,
    0xcc, 0xff, 0xd0, 0x00, 0x2f, 0xc0, 0x00, 0x3f,
    0xe1, 0x00, 0x2f, 0xc0, 0x00, 0x0a, 0xf8, 0x00,
    0x2f, 0xc0, 0x00, 0x02, 0xff, 0x10, 0x2f, 0xc0,
    0x00, 0x00, 0xaf, 0x90, 0x2f, 0xc0, 0x00, 0x00,
    0x2f, 0xf1, 0x2f, 0xc0, 0x00, 0x00, 0x0a, 0xf9,

    /* U+0053 "S" */
    0x00, 0x18, 0xdf, 0xfc, 0x60, 0x00, 0x03, 0xef,
    0xfd, 0xdf, 0xfc, 0x00, 0x0e, 0xf7, 0x00, 0x02,
    0xcf, 0x90, 0x4f, 0xb0, 0x00, 0x00, 0x1f, 0xf0,
    0x5f, 0x90, 0x00, 0x00, 0x01, 0x20, 0x2f, 0xe1,
    0x00, 0x00, 0x00, 0x00, 0x0a, 0xff, 0x82, 0x00,
    0x00, 0x00, 0x00, 0x7f, 0xff, 0xe9, 0x30, 0x00,
    0x00, 0x00, 0x5a, 0xff, 0xfa, 0x00, 0x00, 0x00,
    0x00, 0x05, 0xdf, 0xb0, 0x00, 0x00, 0x00, 0x00,
    0x0d, 0xf2, 0x45, 0x10, 0x00, 0x00, 0x0a, 0xf3,
    0xaf, 0x70, 0x00, 0x00, 0x0d, 0xf2, 0x4f, 0xf5,
    0x00, 0x02, 0xbf, 0xb0, 0x07, 0xff, 0xfd, 0xef,
    0xfd, 0x10, 0x00, 0x3a, 0xef, 0xec, 0x70, 0x00,

    /* U+0054 "T" */
    0xff, 0xff, 0xff, 0xff, 0xff, 0xf8, 0xcc, 0xcc,
    0xdf, 0xfc, 0xcc, 0xc6, 0x00, 0x00, 0x3f, 0xc0,
    0x00, 0x00, 0x00, 0x00, 0x3f, 0xc0, 0x00, 0x00,
    0x00, 0x00, 0x3f, 0xc0, 0x00, 0x00, 0x00, 0x00,
    0x3f, 0xc0, 0x00, 0x00, 0x00, 0x00, 0x3f, 0xc0,
    0x00, 0x00, 0x00, 0x00, 0x3f, 0xc0, 0x00, 0x00,
    0x00, 0x00, 0x3f, 0xc0, 0x00, 0x00, 0x00, 0x00,
    0x3f, 0xc0, 0x00, 0x00, 0x00, 0x00, 0x3f, 0xc0,
    0x00, 0x00, 0x00, 0x00, 0x3f, 0xc0, 0x00, 0x00,
    0x00, 0x00, 0x3f, 0xc0, 0x00, 0x00, 0x00, 0x00,
    0x3f, 0xc0, 0x00, 0x00, 0x00, 0x00, 0x3f, 0xc0,
    0x00, 0x00, 0x00, 0x00, 0x3f, 0xc0, 0x00, 0x00,

    /* U+0055 "U" */
    0x2f, 0xc0, 0x00, 0x00, 0x00, 0x2f, 0xc2, 0xfc,
    0x00, 0x00, 0x00, 0x02, 0xfc, 0x2f, 0xc0, 0x00,
    0x00, 0x00, 0x2f, 0xc2, 0xfc, 0x00, 0x00, 0x00,
    0x02, 0xfc, 0x2f, 0xc0, 0x00, 0x00, 0x00, 0x2f,
    0xc2, 0xfc, 0x00, 0x00, 0x00, 0x02, 0xfc, 0x2f,
    0xc0, 0x00, 0x00, 0x00, 0x2f, 0xc2, 0xfc, 0x00,
    0x00, 0x00, 0x02, 0xfc, 0x2f, 0xc0, 0x00, 0x00,
    0x00, 0x2f, 0xc2, 0xfc, 0x00, 0x00, 0x00, 0x02,
    0xfc, 0x2f, 0xd0, 0x00, 0x00, 0x00, 0x3f, 0xc0,
    0xff, 0x00, 0x00, 0x00, 0x06, 0xfa, 0x0b, 0xf7,
    0x00, 0x00, 0x00, 0xdf, 0x50, 0x3f, 0xf8, 0x10,
    0x02, 0xbf, 0xd0, 0x00, 0x6f, 0xff, 0xee, 0xff,
    0xd2, 0x00, 0x00, 0x29, 0xdf, 0xec, 0x70, 0x00,

    /* U+0056 "V" */
    0x4f, 0xb0, 0x00, 0x00, 0x00, 0x04, 0xfc, 0x0e,
    0xf1, 0x00, 0x00, 0x00, 0x09, 0xf6, 0x09, 0xf6,
    0x00, 0x00, 0x00, 0x0e, 0xf1, 0x03, 0xfc, 0x00,
    0x00, 0x00, 0x4f, 0xb0, 0x00, 0xef, 0x10, 0x00,
    0x00, 0x9f, 0x60, 0x00, 0x8f, 0x70, 0x00, 0x00,
    0xef, 0x10, 0x00, 0x3f, 0xc0, 0x00, 0x04, 0xfb,
    0x00, 0x00, 0x0d, 0xf2, 0x00, 0x09, 0xf5, 0x00,
    0x00, 0x07, 0xf7, 0x00, 0x0e, 0xf0, 0x00, 0x00,
    0x02, 0xfc, 0x00, 0x4f, 0xa0, 0x00, 0x00, 0x00,
    0xcf, 0x20, 0x9f, 0x40, 0x00, 0x00, 0x00, 0x6f,
    0x70, 0xee, 0x00, 0x00, 0x00, 0x00, 0x1f, 0xb3,
    0xf9, 0x00, 0x00, 0x00, 0x00, 0x0b, 0xf8, 0xf4,
    0x00, 0x00, 0x00, 0x00, 0x06, 0xff, 0xe0, 0x00,
    0x00, 0x00, 0x00, 0x00, 0xff, 0x90, 0x00, 0x00,

    /* U+0057 "W" */
    0x5f, 0xa0, 0x00, 0x00, 0x0e, 0xf9, 0x00, 0x00,
    0x00, 0xff, 0x01, 0xfe, 0x00, 0x00, 0x02, 0xff,
    0xd0, 0x00, 0x00, 0x3f, 0xc0, 0x0d, 0xf2, 0x00,
    0x00, 0x6f, 0xef, 0x10, 0x00, 0x07, 0xf7, 0x00,
    0x8f, 0x60, 0x00, 0x0a, 0xf8, 0xf5, 0x00, 0x00,
    0xbf, 0x30, 0x04, 0xf9, 0x00, 0x00, 0xee, 0x3f,
    0x90, 0x00, 0x0f, 0xf0, 0x00, 0x0f, 0xd0, 0x00,
    0x2f, 0xa0, 0xfd, 0x00, 0x03, 0xfb, 0x00, 0x00,
    0xcf, 0x10, 0x06, 0xf6, 0x0c, 0xf1, 0x00, 0x7f,
    0x70, 0x00, 0x08, 0xf5, 0x00, 0xaf, 0x20, 0x8f,
    0x50, 0x0b, 0xf3, 0x00, 0x00, 0x4f, 0x90, 0x0e,
    0xe0, 0x03, 0xf9, 0x00, 0xee, 0x00, 0x00, 0x00,
    0xfd, 0x02, 0xfa, 0x00, 0x0f, 0xd0, 0x3f, 0xa0,
    0x00, 0x00, 0x0b, 0xf1, 0x6f, 0x60, 0x00, 0xbf,
    0x16, 0xf6, 0x00, 0x00, 0x00, 0x7f, 0x5a, 0xf2,
    0x00, 0x07, 0xf4, 0xaf, 0x20, 0x00, 0x00, 0x03,
    0xf8, 0xde, 0x00, 0x00, 0x3f, 0x8d, 0xe0, 0x00,
    0x00, 0x00, 0x0f, 0xcf, 0x90, 0x00, 0x00, 0xec,
    0xf9, 0x00, 0x00, 0x00, 0x00, 0xbf, 0xf5, 0x00,
    0x00, 0x0b, 0xff, 0x50, 0x00, 0x00, 0x00, 0x06,
    0xff, 0x10, 0x00, 0x00, 0x6f, 0xf1, 0x00, 0x00,

    /* U+0058 "X" */
    0x0b, 0xf7, 0x00, 0x00, 0x00, 0x2f, 0xf2, 0x02,
    0xff, 0x20, 0x00, 0x00, 0xbf, 0x70, 0x00, 0x6f,
    0xc0, 0x00, 0x06, 0xfc, 0x00, 0x00, 0x0c, 0xf7,
    0x00, 0x1f, 0xf2, 0x00, 0x00, 0x02, 0xff, 0x10,
    0xbf, 0x70, 0x00, 0x00, 0x00, 0x7f, 0xa4, 0xfc,
    0x00, 0x00, 0x00, 0x00, 0x0c, 0xfe, 0xf2, 0x00,
    0x00, 0x00, 0x00, 0x02, 0xff, 0xa0, 0x00, 0x00,
    0x00, 0x00, 0x06, 0xff, 0xd0, 0x00, 0x00, 0x00,
    0x00, 0x1f, 0xeb, 0xf7, 0x00, 0x00, 0x00, 0x00,
    0xbf, 0x61, 0xff, 0x20, 0x00, 0x00, 0x06, 0xfc,
    0x00, 0x7f, 0xc0, 0x00, 0x00, 0x2f, 0xf2, 0x00,
    0x0c, 0xf7, 0x00, 0x00, 0xbf, 0x70, 0x00, 0x02,
    0xff, 0x20, 0x06, 0xfc, 0x00, 0x00, 0x00, 0x8f,
    0xb0, 0x2f, 0xf2, 0x00, 0x00, 0x00, 0x0d, 0xf6,

    /* U+0059 "Y" */
    0x2f, 0xf1, 0x00, 0x00, 0x00, 0x0d, 0xf6, 0x09,
    0xfa, 0x00, 0x00, 0x00, 0x6f, 0xd0, 0x01, 0xef,
    0x40, 0x00, 0x01, 0xef, 0x30, 0x00, 0x6f, 0xd0,
    0x00, 0x09, 0xfa, 0x00, 0x00, 0x0c, 0xf6, 0x00,
    0x2f, 0xf1, 0x00, 0x00, 0x03, 0xfe, 0x10, 0xbf,
    0x70, 0x00, 0x00, 0x00, 0x9f, 0x84, 0xfd, 0x00,
    0x00, 0x00, 0x00, 0x1e, 0xfc, 0xf4, 0x00, 0x00,
    0x00, 0x00, 0x06, 0xff, 0xa0, 0x00, 0x00, 0x00,
    0x00, 0x00, 0xef, 0x20, 0x00, 0x00, 0x00, 0x00,
    0x00, 0xdf, 0x10, 0x00, 0x00, 0x00, 0x00, 0x00,
    0xdf, 0x10, 0x00, 0x00, 0x00, 0x00, 0x00, 0xdf,
    0x10, 0x00, 0x00, 0x00, 0x00, 0x00, 0xdf, 0x10,
    0x00, 0x00, 0x00, 0x00, 0x00, 0xdf, 0x10, 0x00,
    0x00, 0x00, 0x00, 0x00, 0xdf, 0x10, 0x00, 0x00,

    /* U+005A "Z" */
    0xcf, 0xff, 0xff, 0xff, 0xff, 0xe9, 0xcc, 0xcc,
    0xcc, 0xce, 0xfc, 0x00, 0x00, 0x00, 0x00, 0xdf,
    0x30, 0x00, 0x00, 0x00, 0x8f, 0x80, 0x00, 0x00,
    0x00, 0x3f, 0xd0, 0x00, 0x00, 0x00, 0x0d, 0xf4,
    0x00, 0x00, 0x00, 0x07, 0xfa, 0x00, 0x00, 0x00,
    0x02, 0xfe, 0x10, 0x00, 0x00, 0x00, 0xcf, 0x50,
    0x00, 0x00, 0x00, 0x6f, 0xb0, 0x00, 0x00, 0x00,
    0x1f, 0xf1, 0x00, 0x00, 0x00, 0x0b, 0xf6, 0x00,
    0x00, 0x00, 0x05, 0xfc, 0x00, 0x00, 0x00, 0x01,
    0xef, 0x20, 0x00, 0x00, 0x00, 0x9f, 0xfb, 0xbb,
    0xbb, 0xbb, 0xba, 0xff, 0xff, 0xff, 0xff, 0xff,

    /* U+005B "[" */
    0x69, 0x99, 0x3b, 0xff, 0xf6, 0xbf, 0x10, 0x0b,
    0xf1, 0x00, 0xbf, 0x10, 0x0b, 0xf1, 0x00, 0xbf,
    0x10, 0x0b, 0xf1, 0x00, 0xbf, 0x10, 0x0b, 0xf1,
    0x00, 0xbf, 0x10, 0x0b, 0xf1, 0x00, 0xbf, 0x10,
    0x0b, 0xf1, 0x00, 0xbf, 0x10, 0x0b, 0xf1, 0x00,
    0xbf, 0x10, 0x0b, 0xf1, 0x00, 0xbf, 0xaa, 0x4b,
    0xff, 0xf6,

    /* U+005C "\\" */
    0x6f, 0x40, 0x00, 0x00, 0x2f, 0x80, 0x00, 0x00,
    0x0e, 0xd0, 0x00, 0x00, 0x0a, 0xf1, 0x00, 0x00,
    0x05, 0xf5, 0x00, 0x00, 0x01, 0xf9, 0x00, 0x00,
    0x00, 0xdd, 0x00, 0x00, 0x00, 0x9f, 0x10, 0x00,
    0x00, 0x5f, 0x50, 0x00, 0x00, 0x1f, 0xa0, 0x00,
    0x00, 0x0d, 0xe0, 0x00, 0x00, 0x08, 0xf2, 0x00,
    0x00, 0x04, 0xf6, 0x00, 0x00, 0x00, 0xfa, 0x00,
    0x00, 0x00, 0xce, 0x00, 0x00, 0x00, 0x8f, 0x20,
    0x00, 0x00, 0x4f, 0x70, 0x00, 0x00, 0x0f, 0xb0,
    0x00, 0x00, 0x0b, 0xf0,

    /* U+005D "]" */
    0x79, 0x99, 0x3b, 0xff, 0xf5, 0x00, 0x6f, 0x50,
    0x06, 0xf5, 0x00, 0x6f, 0x50, 0x06, 0xf5, 0x00,
    0x6f, 0x50, 0x06, 0xf5, 0x00, 0x6f, 0x50, 0x06,
    0xf5, 0x00, 0x6f, 0x50, 0x06, 0xf5, 0x00, 0x6f,
    0x50, 0x06, 0xf5, 0x00, 0x6f, 0x50, 0x06, 0xf5,
    0x00, 0x6f, 0x50, 0x06, 0xf5, 0x7a, 0xcf, 0x5b,
    0xff, 0xf5,

    /* U+005E "^" */
    0x00, 0x03, 0xcc, 0x10, 0x00, 0x00, 0x0a, 0xff,
    0x80, 0x00, 0x00, 0x2f, 0x9b, 0xf1, 0x00, 0x00,
    0x9f, 0x24, 0xf7, 0x00, 0x01, 0xfb, 0x00, 0xde,
    0x00, 0x08, 0xf4, 0x00, 0x6f, 0x60, 0x0d, 0xc0,
    0x00, 0x0d, 0xb0,

    /* U+005F "_" */
    0xcc, 0xcc, 0xcc, 0xcc, 0xc7, 0xff, 0xff, 0xff,
    0xff, 0xf9,

    /* U+0060 "`" */
    0x02, 0x10, 0x01, 0xfd, 0x00, 0x07, 0xf5, 0x00,
    0x0c, 0xc0,

    /* U+0061 "a" */
    0x00, 0x08, 0xcf, 0xec, 0x40, 0x00, 0x1d, 0xfe,
    0xbb, 0xff, 0x60, 0x08, 0xfb, 0x00, 0x02, 0xfe,
    0x00, 0x02, 0x00, 0x00, 0x0b, 0xf1, 0x00, 0x00,
    0x00, 0x13, 0xdf, 0x20, 0x02, 0x9c, 0xff, 0xff,
    0xf2, 0x06, 0xff, 0xc9, 0x74, 0xbf, 0x20, 0xef,
    0x30, 0x00, 0x0a, 0xf2, 0x0f, 0xd0, 0x00, 0x00,
    0xef, 0x20, 0xef, 0x30, 0x00, 0x9f, 0xf2, 0x06,
    0xff, 0xcb, 0xee, 0xbf, 0x20, 0x05, 0xcf, 0xfa,
    0x1a, 0xf2,

    /* U+0062 "b" */
    0x6f, 0x70, 0x00, 0x00, 0x00, 0x06, 0xf7, 0x00,
    0x00, 0x00, 0x00, 0x6f, 0x70, 0x00, 0x00, 0x00,
    0x06, 0xf7, 0x00, 0x00, 0x00, 0x00, 0x6f, 0x72,
    0xbf, 0xeb, 0x30, 0x06, 0xf9, 0xee, 0xbd, 0xff,
    0x40, 0x6f, 0xfa, 0x00, 0x05, 0xfe, 0x16, 0xfe,
    0x00, 0x00, 0x09, 0xf6, 0x6f, 0x90, 0x00, 0x00,
    0x4f, 0xa6, 0xf7, 0x00, 0x00, 0x01, 0xfc, 0x6f,
    0x70, 0x00, 0x00, 0x1f, 0xb6, 0xfa, 0x00, 0x00,
    0x04, 0xfa, 0x6f, 0xe0, 0x00, 0x00, 0xaf, 0x66,
    0xff, 0xa0, 0x00, 0x6f, 0xe0, 0x6f, 0x7e, 0xeb,
    0xdf, 0xf4, 0x06, 0xf6, 0x2b, 0xfe, 0xb3, 0x00,

    /* U+0063 "c" */
    0x00, 0x3a, 0xef, 0xd7, 0x00, 0x05, 0xff, 0xdb,
    0xef, 0xc1, 0x1f, 0xf4, 0x00, 0x0a, 0xf9, 0x8f,
    0x80, 0x00, 0x00, 0x95, 0xcf, 0x20, 0x00, 0x00,
    0x00, 0xef, 0x00, 0x00, 0x00, 0x00, 0xef, 0x00,
    0x00, 0x00, 0x00, 0xcf, 0x20, 0x00, 0x00, 0x00,
    0x8f, 0x70, 0x00, 0x00, 0xb6, 0x1f, 0xf4, 0x00,
    0x09, 0xf9, 0x05, 0xff, 0xdb, 0xef, 0xc1, 0x00,
    0x3a, 0xef, 0xd7, 0x00,

    /* U+0064 "d" */
    0x00, 0x00, 0x00, 0x00, 0x9f, 0x30, 0x00, 0x00,
    0x00, 0x09, 0xf3, 0x00, 0x00, 0x00, 0x00, 0x9f,
    0x30, 0x00, 0x00, 0x00, 0x09, 0xf3, 0x00, 0x4b,
    0xff, 0xa1, 0x9f, 0x30, 0x6f, 0xfc, 0xcf, 0xda,
    0xf3, 0x2f, 0xf4, 0x00, 0x1b, 0xff, 0x38, 0xf7,
    0x00, 0x00, 0x1f, 0xf3, 0xcf, 0x10, 0x00, 0x00,
    0xcf, 0x3e, 0xf0, 0x00, 0x00, 0x0a, 0xf3, 0xef,
    0x00, 0x00, 0x00, 0xaf, 0x3c, 0xf2, 0x00, 0x00,
    0x0c, 0xf3, 0x8f, 0x70, 0x00, 0x02, 0xff, 0x32,
    0xff, 0x40, 0x01, 0xcf, 0xf3, 0x06, 0xff, 0xdc,
    0xfd, 0x9f, 0x30, 0x04, 0xcf, 0xfa, 0x18, 0xf3,

    /* U+0065 "e" */
    0x00, 0x3a, 0xef, 0xd7, 0x00, 0x00, 0x5f, 0xfd,
    0xbf, 0xfb, 0x00, 0x1f, 0xe3, 0x00, 0x0b, 0xf7,
    0x07, 0xf6, 0x00, 0x00, 0x1f, 0xe0, 0xcf, 0x00,
    0x00, 0x00, 0xcf, 0x1e, 0xff, 0xff, 0xff, 0xff,
    0xf3, 0xef, 0x99, 0x99, 0x99, 0x99, 0x2c, 0xf1,
    0x00, 0x00, 0x00, 0x00, 0x8f, 0x60, 0x00, 0x00,
    0x51, 0x01, 0xff, 0x40, 0x00, 0x7f, 0xd0, 0x05,
    0xff, 0xdb, 0xdf, 0xf3, 0x00, 0x03, 0xae, 0xfe,
    0x92, 0x00,

    /* U+0066 "f" */
    0x00, 0x00, 0x47, 0x61, 0x00, 0x0a, 0xff, 0xf3,
    0x00, 0x5f, 0xd5, 0x50, 0x00, 0x8f, 0x60, 0x00,
    0x00, 0x8f, 0x50, 0x00, 0xcf, 0xff, 0xff, 0xf0,
    0x7a, 0xff, 0xfa, 0x90, 0x00, 0x8f, 0x50, 0x00,
    0x00, 0x8f, 0x50, 0x00, 0x00, 0x8f, 0x50, 0x00,
    0x00, 0x8f, 0x50, 0x00, 0x00, 0x8f, 0x50, 0x00,
    0x00, 0x8f, 0x50, 0x00, 0x00, 0x8f, 0x50, 0x00,
    0x00, 0x8f, 0x50, 0x00, 0x00, 0x8f, 0x50, 0x00,
    0x00, 0x8f, 0x50, 0x00,

    /* U+0067 "g" */
    0x00, 0x4b, 0xef, 0xb1, 0x8f, 0x40, 0x5f, 0xfd,
    0xcf, 0xd9, 0xf4, 0x1f, 0xf4, 0x00, 0x1c, 0xff,
    0x48, 0xf7, 0x00, 0x00, 0x1f, 0xf4, 0xcf, 0x20,
    0x00, 0x00, 0xcf, 0x4e, 0xf0, 0x00, 0x00, 0x09,
    0xf4, 0xef, 0x00, 0x00, 0x00, 0x9f, 0x4c, 0xf1,
    0x00, 0x00, 0x0b, 0xf4, 0x9f, 0x70, 0x00, 0x01,
    0xff, 0x42, 0xff, 0x30, 0x00, 0xbf, 0xf4, 0x07,
    0xff, 0xcb, 0xed, 0xaf, 0x40, 0x05, 0xcf, 0xfa,
    0x19, 0xf4, 0x00, 0x00, 0x00, 0x00, 0xbf, 0x22,
    0xa8, 0x00, 0x00, 0x4f, 0xe0, 0x0c, 0xfe, 0xbb,
    0xdf, 0xf4, 0x00, 0x07, 0xcf, 0xfe, 0xa2, 0x00,

    /* U+0068 "h" */
    0x6f, 0x70, 0x00, 0x00, 0x00, 0x6f, 0x70, 0x00,
    0x00, 0x00, 0x6f, 0x70, 0x00, 0x00, 0x00, 0x6f,
    0x70, 0x00, 0x00, 0x00, 0x6f, 0x73, 0xbf, 0xea,
    0x20, 0x6f, 0xaf, 0xdc, 0xff, 0xe1, 0x6f, 0xf6,
    0x00, 0x1c, 0xf7, 0x6f, 0xb0, 0x00, 0x04, 0xfb,
    0x6f, 0x80, 0x00, 0x01, 0xfc, 0x6f, 0x70, 0x00,
    0x01, 0xfc, 0x6f, 0x70, 0x00, 0x01, 0xfc, 0x6f,
    0x70, 0x00, 0x01, 0xfc, 0x6f, 0x70, 0x00, 0x01,
    0xfc, 0x6f, 0x70, 0x00, 0x01, 0xfc, 0x6f, 0x70,
    0x00, 0x01, 0xfc, 0x6f, 0x70, 0x00, 0x01, 0xfc,

    /* U+0069 "i" */
    0x17, 0x2a, 0xfc, 0x6f, 0x80, 0x00, 0x00, 0x06,
    0xf7, 0x6f, 0x76, 0xf7, 0x6f, 0x76, 0xf7, 0x6f,
    0x76, 0xf7, 0x6f, 0x76, 0xf7, 0x6f, 0x76, 0xf7,
    0x6f, 0x70,

    /* U+006A "j" */
    0x00, 0x17, 0x20, 0x0a, 0xfb, 0x00, 0x6f, 0x70,
    0x00, 0x00, 0x00, 0x00, 0x00, 0x06, 0xf7, 0x00,
    0x6f, 0x70, 0x06, 0xf7, 0x00, 0x6f, 0x70, 0x06,
    0xf7, 0x00, 0x6f, 0x70, 0x06, 0xf7, 0x00, 0x6f,
    0x70, 0x06, 0xf7, 0x00, 0x6f, 0x70, 0x06, 0xf7,
    0x00, 0x6f, 0x70, 0x06, 0xf7, 0x00, 0xaf, 0x53,
    0xdf, 0xe1, 0x4f, 0xc3, 0x00,

    /* U+006B "k" */
    0x6f, 0x70, 0x00, 0x00, 0x00, 0x06, 0xf7, 0x00,
    0x00, 0x00, 0x00, 0x6f, 0x70, 0x00, 0x00, 0x00,
    0x06, 0xf7, 0x00, 0x00, 0x00, 0x00, 0x6f, 0x70,
    0x00, 0x0c, 0xf6, 0x06, 0xf7, 0x00, 0x0b, 0xf7,
    0x00, 0x6f, 0x70, 0x0a, 0xf9, 0x00, 0x06, 0xf7,
    0x09, 0xfa, 0x00, 0x00, 0x6f, 0x78, 0xfb, 0x00,
    0x00, 0x06, 0xfe, 0xff, 0x50, 0x00, 0x00, 0x6f,
    0xfe, 0xfe, 0x10, 0x00, 0x06, 0xfb, 0x08, 0xfc,
    0x00, 0x00, 0x6f, 0x70, 0x0c, 0xf9, 0x00, 0x06,
    0xf7, 0x00, 0x1e, 0xf5, 0x00, 0x6f, 0x70, 0x00,
    0x4f, 0xf2, 0x06, 0xf7, 0x00, 0x00, 0x8f, 0xd0,

    /* U+006C "l" */
    0x6f, 0x76, 0xf7, 0x6f, 0x76, 0xf7, 0x6f, 0x76,
    0xf7, 0x6f, 0x76, 0xf7, 0x6f, 0x76, 0xf7, 0x6f,
    0x76, 0xf7, 0x6f, 0x76, 0xf7, 0x6f, 0x76, 0xf7,

    /* U+006D "m" */
    0x6f, 0x64, 0xcf, 0xd5, 0x01, 0xae, 0xfb, 0x20,
    0x6f, 0x9e, 0x99, 0xff, 0x4e, 0xc8, 0xbf, 0xf1,
    0x6f, 0xf2, 0x00, 0x2f, 0xfa, 0x00, 0x07, 0xf8,
    0x6f, 0x90, 0x00, 0x0c, 0xf3, 0x00, 0x02, 0xfb,
    0x6f, 0x70, 0x00, 0x0b, 0xf2, 0x00, 0x01, 0xfc,
    0x6f, 0x70, 0x00, 0x0b, 0xf2, 0x00, 0x01, 0xfc,
    0x6f, 0x70, 0x00, 0x0b, 0xf2, 0x00, 0x01, 0xfc,
    0x6f, 0x70, 0x00, 0x0b, 0xf2, 0x00, 0x01, 0xfc,
    0x6f, 0x70, 0x00, 0x0b, 0xf2, 0x00, 0x01, 0xfc,
    0x6f, 0x70, 0x00, 0x0b, 0xf2, 0x00, 0x01, 0xfc,
    0x6f, 0x70, 0x00, 0x0b, 0xf2, 0x00, 0x01, 0xfc,
    0x6f, 0x70, 0x00, 0x0b, 0xf2, 0x00, 0x01, 0xfc,

    /* U+006E "n" */
    0x6f, 0x63, 0xbf, 0xea, 0x20, 0x6f, 0x9f, 0xb9,
    0xdf, 0xe1, 0x6f, 0xf4, 0x00, 0x0b, 0xf7, 0x6f,
    0xa0, 0x00, 0x03, 0xfb, 0x6f, 0x70, 0x00, 0x01,
    0xfc, 0x6f, 0x70, 0x00, 0x01, 0xfc, 0x6f, 0x70,
    0x00, 0x01, 0xfc, 0x6f, 0x70, 0x00, 0x01, 0xfc,
    0x6f, 0x70, 0x00, 0x01, 0xfc, 0x6f, 0x70, 0x00,
    0x01, 0xfc, 0x6f, 0x70, 0x00, 0x01, 0xfc, 0x6f,
    0x70, 0x00, 0x01, 0xfc,

    /* U+006F "o" */
    0x00, 0x3a, 0xef, 0xd7, 0x00, 0x00, 0x5f, 0xfd,
    0xbe, 0xfc, 0x10, 0x1f, 0xf4, 0x00, 0x0a, 0xfa,
    0x08, 0xf8, 0x00, 0x00, 0x0e, 0xf1, 0xcf, 0x20,
    0x00, 0x00, 0x8f, 0x5e, 0xf0, 0x00, 0x00, 0x06,
    0xf7, 0xef, 0x00, 0x00, 0x00, 0x6f, 0x7c, 0xf2,
    0x00, 0x00, 0x08, 0xf6, 0x8f, 0x70, 0x00, 0x00,
    0xef, 0x11, 0xff, 0x40, 0x00, 0xaf, 0xa0, 0x05,
    0xff, 0xdb, 0xef, 0xd1, 0x00, 0x03, 0xae, 0xfd,
    0x70, 0x00,

    /* U+0070 "p" */
    0x6f, 0x63, 0xcf, 0xeb, 0x30, 0x06, 0xf9, 0xfc,
    0x9b, 0xff, 0x40, 0x6f, 0xf8, 0x00, 0x03, 0xfe,
    0x16, 0xfd, 0x00, 0x00, 0x08, 0xf6, 0x6f, 0x90,
    0x00, 0x00, 0x3f, 0xa6, 0xf7, 0x00, 0x00, 0x01,
    0xfc, 0x6f, 0x70, 0x00, 0x00, 0x2f, 0xb6, 0xfa,
    0x00, 0x00, 0x04, 0xfa, 0x6f, 0xe0, 0x00, 0x00,
    0xaf, 0x66, 0xff, 0xa0, 0x00, 0x6f, 0xe0, 0x6f,
    0x8e, 0xeb, 0xdf, 0xf4, 0x06, 0xf7, 0x2b, 0xfe,
    0xb3, 0x00, 0x6f, 0x70, 0x00, 0x00, 0x00, 0x06,
    0xf7, 0x00, 0x00, 0x00, 0x00, 0x6f, 0x70, 0x00,
    0x00, 0x00, 0x06, 0xf7, 0x00, 0x00, 0x00, 0x00,

    /* U+0071 "q" */
    0x00, 0x4b, 0xff, 0xa1, 0x8f, 0x30, 0x6f, 0xfc,
    0xcf, 0xd9, 0xf3, 0x2f, 0xf4, 0x00, 0x1b, 0xff,
    0x38, 0xf7, 0x00, 0x00, 0x1f, 0xf3, 0xcf, 0x10,
    0x00, 0x00, 0xcf, 0x3e, 0xf0, 0x00, 0x00, 0x0a,
    0xf3, 0xef, 0x00, 0x00, 0x00, 0xaf, 0x3c, 0xf2,
    0x00, 0x00, 0x0c, 0xf3, 0x8f, 0x70, 0x00, 0x02,
    0xff, 0x32, 0xff, 0x40, 0x01, 0xcf, 0xf3, 0x06,
    0xff, 0xdc, 0xfd, 0xaf, 0x30, 0x04, 0xcf, 0xfa,
    0x19, 0xf3, 0x00, 0x00, 0x00, 0x00, 0x9f, 0x30,
    0x00, 0x00, 0x00, 0x09, 0xf3, 0x00, 0x00, 0x00,
    0x00, 0x9f, 0x30, 0x00, 0x00, 0x00, 0x09, 0xf3,

    /* U+0072 "r" */
    0x6f, 0x65, 0xdf, 0x66, 0xfb, 0xfc, 0xb5, 0x6f,
    0xf5, 0x00, 0x06, 0xfa, 0x00, 0x00, 0x6f, 0x70,
    0x00, 0x06, 0xf7, 0x00, 0x00, 0x6f, 0x70, 0x00,
    0x06, 0xf7, 0x00, 0x00, 0x6f, 0x70, 0x00, 0x06,
    0xf7, 0x00, 0x00, 0x6f, 0x70, 0x00, 0x06, 0xf7,
    0x00, 0x00,

    /* U+0073 "s" */
    0x00, 0x8d, 0xfe, 0xb2, 0x00, 0x0c, 0xfd, 0xac,
    0xff, 0x20, 0x6f, 0xa0, 0x00, 0x5f, 0x90, 0x8f,
    0x60, 0x00, 0x02, 0x00, 0x4f, 0xd4, 0x00, 0x00,
    0x00, 0x09, 0xff, 0xfc, 0x71, 0x00, 0x00, 0x28,
    0xcf, 0xfe, 0x30, 0x00, 0x00, 0x00, 0x7f, 0xd0,
    0x26, 0x00, 0x00, 0x0e, 0xf0, 0xbf, 0x60, 0x00,
    0x5f, 0xd0, 0x3f, 0xfd, 0xbd, 0xff, 0x40, 0x02,
    0xae, 0xfe, 0xa3, 0x00,

    /* U+0074 "t" */
    0x01, 0xfc, 0x00, 0x00, 0x1f, 0xc0, 0x00, 0x01,
    0xfc, 0x00, 0x0c, 0xff, 0xff, 0xf2, 0x7b, 0xff,
    0xaa, 0x10, 0x1f, 0xc0, 0x00, 0x01, 0xfc, 0x00,
    0x00, 0x1f, 0xc0, 0x00, 0x01, 0xfc, 0x00, 0x00,
    0x1f, 0xc0, 0x00, 0x01, 0xfc, 0x00, 0x00, 0x1f,
    0xc0, 0x00, 0x00, 0xfe, 0x00, 0x00, 0x0a, 0xfd,
    0xb2, 0x00, 0x1a, 0xef, 0x40,

    /* U+0075 "u" */
    0x6f, 0x70, 0x00, 0x01, 0xfc, 0x6f, 0x70, 0x00,
    0x01, 0xfc, 0x6f, 0x70, 0x00, 0x01, 0xfc, 0x6f,
    0x70, 0x00, 0x01, 0xfc, 0x6f, 0x70, 0x00, 0x01,
    0xfc, 0x6f, 0x70, 0x00, 0x01, 0xfc, 0x6f, 0x70,
    0x00, 0x01, 0xfc, 0x5f, 0x70, 0x00, 0x01, 0xfc,
    0x4f, 0xa0, 0x00, 0x05, 0xfc, 0x1f, 0xf4, 0x00,
    0x2d, 0xfc, 0x09, 0xff, 0xcc, 0xf7, 0xfc, 0x00,
    0x7d, 0xfd, 0x60, 0xfc,

    /* U+0076 "v" */
    0x4f, 0xb0, 0x00, 0x00, 0x0e, 0xf1, 0x0e, 0xf1,
    0x00, 0x00, 0x4f, 0xb0, 0x08, 0xf6, 0x00, 0x00,
    0xaf, 0x50, 0x02, 0xfc, 0x00, 0x00, 0xff, 0x00,
    0x00, 0xcf, 0x10, 0x05, 0xf9, 0x00, 0x00, 0x7f,
    0x70, 0x0a, 0xf3, 0x00, 0x00, 0x1f, 0xc0, 0x0f,
    0xd0, 0x00, 0x00, 0x0b, 0xf2, 0x5f, 0x80, 0x00,
    0x00, 0x05, 0xf6, 0xaf, 0x20, 0x00, 0x00, 0x00,
    0xfb, 0xec, 0x00, 0x00, 0x00, 0x00, 0x9f, 0xf6,
    0x00, 0x00, 0x00, 0x00, 0x3f, 0xf1, 0x00, 0x00,

    /* U+0077 "w" */
    0x2f, 0xc0, 0x00, 0x08, 0xfb, 0x00, 0x00, 0x9f,
    0x50, 0xdf, 0x10, 0x00, 0xcf, 0xf0, 0x00, 0x0e,
    0xf0, 0x09, 0xf5, 0x00, 0x0f, 0xdf, 0x30, 0x02,
    0xfb, 0x00, 0x4f, 0x90, 0x04, 0xf6, 0xf8, 0x00,
    0x6f, 0x70, 0x00, 0xfe, 0x00, 0x8f, 0x0d, 0xc0,
    0x0b, 0xf2, 0x00, 0x0b, 0xf2, 0x0d, 0xc0, 0x9f,
    0x00, 0xfd, 0x00, 0x00, 0x6f, 0x61, 0xf8, 0x05,
    0xf4, 0x3f, 0x90, 0x00, 0x01, 0xfa, 0x4f, 0x40,
    0x1f, 0x77, 0xf4, 0x00, 0x00, 0x0d, 0xd8, 0xf0,
    0x00, 0xcb, 0xbf, 0x00, 0x00, 0x00, 0x8f, 0xdb,
    0x00, 0x08, 0xee, 0xb0, 0x00, 0x00, 0x04, 0xff,
    0x70, 0x00, 0x4f, 0xf6, 0x00, 0x00, 0x00, 0x0f,
    0xf2, 0x00, 0x00, 0xff, 0x20, 0x00,

    /* U+0078 "x" */
    0x0c, 0xf5, 0x00, 0x00, 0xcf, 0x40, 0x2f, 0xe1,
    0x00, 0x7f, 0xa0, 0x00, 0x7f, 0x90, 0x1f, 0xe1,
    0x00, 0x00, 0xcf, 0x29, 0xf5, 0x00, 0x00, 0x03,
    0xfe, 0xfb, 0x00, 0x00, 0x00, 0x0a, 0xff, 0x10,
    0x00, 0x00, 0x00, 0xcf, 0xf2, 0x00, 0x00, 0x00,
    0x6f, 0x9f, 0xc0, 0x00, 0x00, 0x1e, 0xe0, 0x7f,
    0x70, 0x00, 0x0b, 0xf6, 0x00, 0xdf, 0x20, 0x05,
    0xfb, 0x00, 0x04, 0xfc, 0x01, 0xef, 0x20, 0x00,
    0x0a, 0xf7,

    /* U+0079 "y" */
    0x4f, 0xc0, 0x00, 0x00, 0x0e, 0xf1, 0x0e, 0xf1,
    0x00, 0x00, 0x4f, 0xa0, 0x08, 0xf7, 0x00, 0x00,
    0xaf, 0x40, 0x02, 0xfd, 0x00, 0x00, 0xfe, 0x00,
    0x00, 0xcf, 0x20, 0x06, 0xf8, 0x00, 0x00, 0x6f,
    0x80, 0x0b, 0xf2, 0x00, 0x00, 0x0f, 0xe0, 0x1f,
    0xc0, 0x00, 0x00, 0x0a, 0xf3, 0x6f, 0x60, 0x00,
    0x00, 0x03, 0xf8, 0xbf, 0x10, 0x00, 0x00, 0x00,
    0xdd, 0xfa, 0x00, 0x00, 0x00, 0x00, 0x7f, 0xf4,
    0x00, 0x00, 0x00, 0x00, 0x2f, 0xe0, 0x00, 0x00,
    0x00, 0x00, 0x5f, 0x80, 0x00, 0x00, 0x00, 0x00,
    0xdf, 0x20, 0x00, 0x00, 0x02, 0xcd, 0xf9, 0x00,
    0x00, 0x00, 0x06, 0xfe, 0x80, 0x00, 0x00, 0x00,

    /* U+007A "z" */
    0x8f, 0xff, 0xff, 0xff, 0xf1, 0x6d, 0xdd, 0xdd,
    0xef, 0xf0, 0x00, 0x00, 0x00, 0xcf, 0x60, 0x00,
    0x00, 0x08, 0xfa, 0x00, 0x00, 0x00, 0x4f, 0xe1,
    0x00, 0x00, 0x01, 0xef, 0x30, 0x00, 0x00, 0x0b,
    0xf8, 0x00, 0x00, 0x00, 0x7f, 0xc0, 0x00, 0x00,
    0x03, 0xff, 0x10, 0x00, 0x00, 0x0d, 0xf5, 0x00,
    0x00, 0x00, 0x9f, 0xfd, 0xdd, 0xdd, 0xd4, 0xbf,
    0xff, 0xff, 0xff, 0xf5,

    /* U+007B "{" */
    0x00, 0x00, 0x26, 0x50, 0x00, 0x6f, 0xfb, 0x00,
    0x0f, 0xf5, 0x10, 0x03, 0xf9, 0x00, 0x00, 0x4f,
    0x70, 0x00, 0x04, 0xf6, 0x00, 0x00, 0x4f, 0x60,
    0x00, 0x05, 0xf6, 0x00, 0x01, 0xcf, 0x30, 0x0f,
    0xff, 0x70, 0x00, 0xff, 0xf5, 0x00, 0x00, 0x3d,
    0xf2, 0x00, 0x00, 0x6f, 0x60, 0x00, 0x04, 0xf6,
    0x00, 0x00, 0x4f, 0x60, 0x00, 0x04, 0xf6, 0x00,
    0x00, 0x3f, 0x70, 0x00, 0x01, 0xfc, 0x00, 0x00,
    0x0b, 0xfd, 0x60, 0x00, 0x19, 0xea,

    /* U+007C "|" */
    0x5f, 0x45, 0xf4, 0x5f, 0x45, 0xf4, 0x5f, 0x45,
    0xf4, 0x5f, 0x45, 0xf4, 0x5f, 0x45, 0xf4, 0x5f,
    0x45, 0xf4, 0x5f, 0x45, 0xf4, 0x5f, 0x45, 0xf4,
    0x5f, 0x45, 0xf4, 0x5f, 0x45, 0xf4, 0x5f, 0x45,
    0xf4, 0x5f, 0x45, 0xf4, 0x5f, 0x45, 0xf4,

    /* U+007D "}" */
    0x56, 0x10, 0x00, 0x0b, 0xff, 0x50, 0x00, 0x15,
    0xfe, 0x00, 0x00, 0x09, 0xf2, 0x00, 0x00, 0x7f,
    0x30, 0x00, 0x07, 0xf3, 0x00, 0x00, 0x7f, 0x30,
    0x00, 0x07, 0xf5, 0x00, 0x00, 0x4f, 0xb1, 0x00,
    0x00, 0x7f, 0xfe, 0x00, 0x05, 0xff, 0xf0, 0x03,
    0xfc, 0x20, 0x00, 0x6f, 0x50, 0x00, 0x07, 0xf3,
    0x00, 0x00, 0x7f, 0x30, 0x00, 0x07, 0xf3, 0x00,
    0x00, 0x8f, 0x30, 0x00, 0x0d, 0xf0, 0x00, 0x7d,
    0xfa, 0x00, 0x0b, 0xe9, 0x00, 0x00,

    /* U+007E "~" */
    0x02, 0xbf, 0xd6, 0x00, 0x05, 0x91, 0x0d, 0xfd,
    0xef, 0xa0, 0x0c, 0xf1, 0x2f, 0xa0, 0x1b, 0xfe,
    0xdf, 0xb0, 0x29, 0x40, 0x00, 0x7e, 0xfa, 0x10,

    /* U+00A0 " " */

    /* U+00A1 "¡" */
    0x1d, 0xd1, 0x4f, 0xf5, 0x0b, 0xb0, 0x00, 0x00,
    0x00, 0x00, 0x0a, 0xb0, 0x0e, 0xf0, 0x0e, 0xf0,
    0x0e, 0xf0, 0x0f, 0xf0, 0x0f, 0xf0, 0x0f, 0xf0,
    0x0f, 0xf0, 0x0f, 0xf0, 0x0f, 0xf0, 0x0f, 0xf1,

    /* U+00A2 "¢" */
    0x00, 0x00, 0x7c, 0x00, 0x00, 0x00, 0x00, 0x7c,
    0x00, 0x00, 0x00, 0x3a, 0xff, 0xd7, 0x00, 0x05,
    0xff, 0xff, 0xef, 0xc1, 0x1f, 0xf4, 0x7c, 0x0a,
    0xf9, 0x8f, 0x80, 0x7c, 0x00, 0x95, 0xcf, 0x20,
    0x7c, 0x00, 0x00, 0xef, 0x00, 0x7c, 0x00, 0x00,
    0xef, 0x00, 0x7c, 0x00, 0x00, 0xcf, 0x20, 0x7c,
    0x00, 0x00, 0x8f, 0x70, 0x7c, 0x00, 0xb6, 0x1f,
    0xf4, 0x7c, 0x09, 0xf9, 0x05, 0xff, 0xff, 0xef,
    0xc1, 0x00, 0x3a, 0xff, 0xd7, 0x00, 0x00, 0x00,
    0x7c, 0x00, 0x00, 0x00, 0x00, 0x7c, 0x00, 0x00,

    /* U+00A3 "£" */
    0x00, 0x03, 0xae, 0xfc, 0x50, 0x00, 0x04, 0xff,
    0xdd, 0xff, 0x80, 0x00, 0xef, 0x50, 0x02, 0xef,
    0x30, 0x4f, 0xa0, 0x00, 0x05, 0xf8, 0x06, 0xf7,
    0x00, 0x00, 0x02, 0x00, 0x6f, 0x70, 0x00, 0x00,
    0x00, 0x06, 0xf7, 0x00, 0x00, 0x00, 0x08, 0xff,
    0xf9, 0x99, 0x94, 0x00, 0xef, 0xff, 0xff, 0xff,
    0x70, 0x00, 0x4f, 0x90, 0x00, 0x00, 0x00, 0x04,
    0xf9, 0x00, 0x00, 0x00, 0x00, 0x3f, 0x90, 0x00,
    0x00, 0x00, 0x03, 0xf9, 0x00, 0x00, 0x04, 0x30,
    0x8f, 0x20, 0x00, 0x01, 0xfa, 0xff, 0xec, 0xcc,
    0xcc, 0xdf, 0x6e, 0xff, 0xff, 0xff, 0xfe, 0xa0,

    /* U+00A4 "¤" */
    0x00, 0x00, 0x00, 0x00, 0x00, 0x00, 0x04, 0xe3,
    0x29, 0xef, 0xea, 0x31, 0xd6, 0x6f, 0xff, 0xfd,
    0xbd, 0xff, 0xff, 0x90, 0xbf, 0xf4, 0x00, 0x03,
    0xef, 0xf0, 0x0d, 0xf2, 0x00, 0x00, 0x01, 0xff,
    0x03, 0xf8, 0x00, 0x00, 0x00, 0x07, 0xf5, 0x7f,
    0x30, 0x00, 0x00, 0x00, 0x2f, 0x98, 0xf2, 0x00,
    0x00, 0x00, 0x00, 0xfa, 0x7f, 0x40, 0x00, 0x00,
    0x00, 0x2f, 0x93, 0xf9, 0x00, 0x00, 0x00, 0x07,
    0xf5, 0x0d, 0xf3, 0x00, 0x00, 0x01, 0xff, 0x00,
    0xef, 0xf4, 0x00, 0x03, 0xff, 0xf1, 0x8f, 0xff,
    0xfe, 0xcd, 0xff, 0xff, 0xb1, 0xa0, 0x29, 0xef,
    0xea, 0x30, 0x93,

    /* U+00A5 "¥" */
    0x7f, 0xa0, 0x00, 0x00, 0x2f, 0xf1, 0x0e, 0xf2,
    0x00, 0x00, 0x8f, 0x80, 0x07, 0xf8, 0x00, 0x00,
    0xff, 0x10, 0x01, 0xff, 0x00, 0x07, 0xf9, 0x00,
    0x00, 0x8f, 0x70, 0x0e, 0xf1, 0x00, 0x00, 0x1f,
    0xd0, 0x5f, 0x90, 0x00, 0x00, 0x09, 0xf5, 0xcf,
    0x20, 0x00, 0x01, 0x23, 0xff, 0xfc, 0x22, 0x00,
    0x08, 0xff, 0xff, 0xff, 0xff, 0x10, 0x02, 0x55,
    0x9f, 0xf5, 0x55, 0x00, 0x01, 0x22, 0x5f, 0xe2,
    0x22, 0x00, 0x08, 0xff, 0xff, 0xff, 0xff, 0x10,
    0x02, 0x55, 0x8f, 0xf5, 0x55, 0x00, 0x00, 0x00,
    0x3f, 0xc0, 0x00, 0x00, 0x00, 0x00, 0x3f, 0xc0,
    0x00, 0x00, 0x00, 0x00, 0x3f, 0xc0, 0x00, 0x00,

    /* U+00A6 "¦" */
    0x0f, 0xb0, 0xfb, 0x0f, 0xb0, 0xfb, 0x0f, 0xb0,
    0xfb, 0x0f, 0xb0, 0x32, 0x00, 0x00, 0x00, 0x00,
    0x00, 0x32, 0x0f, 0xb0, 0xfb, 0x0f, 0xb0, 0xfb,
    0x0f, 0xb0, 0xfb, 0x0f, 0xb0,

    /* U+00A7 "§" */
    0x00, 0x3b, 0xee, 0xb3, 0x00, 0x04, 0xff, 0xbb,
    0xff, 0x20, 0x0a, 0xf4, 0x00, 0x3f, 0xa0, 0x0b,
    0xf1, 0x00, 0x07, 0x60, 0x07, 0xf8, 0x00, 0x00,
    0x00, 0x00, 0xbf, 0xb1, 0x00, 0x00, 0x0b, 0xfc,
    0xff, 0x70, 0x00, 0x8f, 0x20, 0x4d, 0xfd, 0x20,
    0xbe, 0x00, 0x00, 0x7f, 0xe0, 0x9f, 0x30, 0x00,
    0x05, 0xf8, 0x1e, 0xe4, 0x00, 0x00, 0xfa, 0x02,
    0xdf, 0xa1, 0x03, 0xf6, 0x00, 0x07, 0xff, 0xae,
    0x90, 0x00, 0x00, 0x1b, 0xfb, 0x00, 0x00, 0x00,
    0x00, 0x8f, 0x60, 0x17, 0x50, 0x00, 0x1f, 0xa0,
    0x1f, 0xd1, 0x00, 0x5f, 0x90, 0x08, 0xfe, 0xbb,
    0xff, 0x30, 0x00, 0x6d, 0xfe, 0xb3, 0x00,

    /* U+00A8 "¨" */
    0x04, 0x50, 0x02, 0x70, 0x1f, 0xf3, 0x0c, 0xf8,
    0x0c, 0xd1, 0x08, 0xf4,

    /* U+00A9 "©" */
    0x00, 0x00, 0x05, 0xae, 0xfe, 0xb6, 0x00, 0x00,
    0x00, 0x00, 0x2c, 0xff, 0xfd, 0xef, 0xfe, 0x30,
    0x00, 0x00, 0x2e, 0xfb, 0x40, 0x00, 0x29, 0xff,
    0x40, 0x00, 0x0d, 0xf7, 0x02, 0x9b, 0xa5, 0x05,
    0xff, 0x20, 0x07, 0xf9, 0x04, 0xff, 0xff, 0xf9,
    0x06, 0xfa, 0x00, 0xdf, 0x11, 0xff, 0x50, 0x3c,
    0xf5, 0x0d, 0xf1, 0x1f, 0xb0, 0x7f, 0x60, 0x00,
    0x1f, 0xb0, 0x8f, 0x43, 0xf8, 0x0b, 0xf0, 0x00,
    0x00, 0x00, 0x05, 0xf6, 0x3f, 0x80, 0xbf, 0x00,
    0x00, 0x00, 0x00, 0x5f, 0x61, 0xfb, 0x08, 0xf5,
    0x00, 0x04, 0xf8, 0x08, 0xf4, 0x0d, 0xf1, 0x1f,
    0xf5, 0x03, 0xdf, 0x30, 0xdf, 0x00, 0x7f, 0x90,
    0x5f, 0xff, 0xff, 0x80, 0x6f, 0xa0, 0x00, 0xdf,
    0x70, 0x29, 0xca, 0x50, 0x5f, 0xf2, 0x00, 0x02,
    0xef, 0xb3, 0x00, 0x02, 0xaf, 0xf4, 0x00, 0x00,
    0x02, 0xcf, 0xff, 0xde, 0xff, 0xe3, 0x00, 0x00,
    0x00, 0x00, 0x5a, 0xef, 0xeb, 0x60, 0x00, 0x00,

    /* U+00AA "ª" */
    0x00, 0x7d, 0xfe, 0x91, 0x00, 0x9f, 0xb7, 0x9f,
    0xd0, 0x05, 0x70, 0x00, 0x8f, 0x30, 0x00, 0x14,
    0x6d, 0xf4, 0x05, 0xef, 0xfd, 0xdf, 0x42, 0xfd,
    0x30, 0x07, 0xf4, 0x4f, 0x70, 0x00, 0xbf, 0x41,
    0xfe, 0x87, 0xce, 0xf4, 0x03, 0xcf, 0xe9, 0x6f,
    0x40,

    /* U+00AB "«" */
    0x00, 0x04, 0xfc, 0x02, 0xfe, 0x10, 0x02, 0xfe,
    0x11, 0xdf, 0x30, 0x01, 0xdf, 0x30, 0xbf, 0x60,
    0x00, 0xbf, 0x60, 0x9f, 0x90, 0x00, 0x8f, 0x90,
    0x6f, 0xc0, 0x00, 0x08, 0xf9, 0x06, 0xfc, 0x00,
    0x00, 0x0b, 0xf6, 0x09, 0xf9, 0x00, 0x00, 0x1d,
    0xf3, 0x0b, 0xf6, 0x00, 0x00, 0x2f, 0xe1, 0x1d,
    0xf3, 0x00, 0x00, 0x4f, 0xc0, 0x2f, 0xe1,

    /* U+00AC "¬" */
    0x7a, 0xaa, 0xaa, 0xaa, 0x9b, 0xff, 0xff, 0xff,
    0xfe, 0x00, 0x00, 0x00, 0x0d, 0xe0, 0x00, 0x00,
    0x00, 0xde, 0x00, 0x00, 0x00, 0x0d, 0xe0,

    /* U+00AE "®" */
    0x00, 0x00, 0x01, 0x10, 0x00, 0x00, 0x00, 0x18,
    0xef, 0xfe, 0x80, 0x00, 0x02, 0xdf, 0xa6, 0x6a,
    0xfd, 0x10, 0x0d, 0xe3, 0x00, 0x00, 0x3e, 0xc0,
    0x6f, 0x31, 0xfe, 0xe9, 0x04, 0xf6, 0xcc, 0x01,
    0xf2, 0x1f, 0x50, 0xcb, 0xe8, 0x01, 0xf2, 0x1f,
    0x40, 0x8e, 0xe8, 0x01, 0xfe, 0xfe, 0x00, 0x8e,
    0xcb, 0x01, 0xf2, 0x6e, 0x00, 0xbc, 0x7f, 0x21,
    0xe1, 0x0d, 0x52, 0xf7, 0x1e, 0xd1, 0x00, 0x00,
    0x1d, 0xe0, 0x03, 0xfe, 0x73, 0x37, 0xef, 0x30,
    0x00, 0x2b, 0xff, 0xff, 0xb2, 0x00, 0x00, 0x00,
    0x14, 0x41, 0x00, 0x00,

    /* U+00AF "¯" */
    0x68, 0x88, 0x86, 0xdf, 0xff, 0xfd,

    /* U+00B0 "°" */
    0x02, 0xbf, 0xe7, 0x00, 0x1e, 0xfa, 0xcf, 0x90,
    0x7f, 0x40, 0x0a, 0xf1, 0xaf, 0x00, 0x05, 0xf3,
    0x7f, 0x30, 0x0a, 0xf1, 0x1e, 0xfa, 0xcf, 0x90,
    0x02, 0xbf, 0xe7, 0x00,

    /* U+00B1 "±" */
    0x00, 0x00, 0xed, 0x00, 0x00, 0x00, 0x00, 0xed,
    0x00, 0x00, 0x00, 0x00, 0xed, 0x00, 0x00, 0xbc,
    0xcc, 0xff, 0xcc, 0xc9, 0xef, 0xff, 0xff, 0xff,
    0xfc, 0x00, 0x00, 0xed, 0x00, 0x00, 0x00, 0x00,
    0xed, 0x00, 0x00, 0x00, 0x00, 0xdc, 0x00, 0x00,
    0x00, 0x00, 0x00, 0x00, 0x00, 0xbc, 0xcc, 0xcc,
    0xcc, 0xc9, 0xef, 0xff, 0xff, 0xff, 0xfc,

    /* U+00B2 "²" */
    0x07, 0xdf, 0xd8, 0x00, 0x7f, 0xb7, 0xbf, 0x80,
    0x8a, 0x00, 0x0e, 0xd0, 0x00, 0x00, 0x2f, 0xb0,
    0x00, 0x02, 0xef, 0x20, 0x00, 0x4f, 0xe3, 0x00,
    0x06, 0xfd, 0x20, 0x00, 0x8f, 0xf8, 0x88, 0x81,
    0xcf, 0xff, 0xff, 0xf2,

    /* U+00B3 "³" */
    0x05, 0xcf, 0xe9, 0x10, 0x6f, 0xc7, 0x9f, 0xb0,
    0x7a, 0x00, 0x0c, 0xf0, 0x00, 0x01, 0x4f, 0xb0,
    0x00, 0x4f, 0xfc, 0x10, 0x00, 0x13, 0x6e, 0xe1,
    0x66, 0x00, 0x08, 0xf5, 0xaf, 0xc8, 0xaf, 0xf2,
    0x08, 0xdf, 0xeb, 0x30,

    /* U+00B4 "´" */
    0x01, 0xfd, 0x00, 0x9f, 0x30, 0x1f, 0x90, 0x00,

    /* U+00B5 "µ" */
    0x6f, 0x70, 0x00, 0x00, 0xfc, 0x00, 0x6f, 0x70,
    0x00, 0x00, 0xfc, 0x00, 0x6f, 0x70, 0x00, 0x00,
    0xfc, 0x00, 0x6f, 0x70, 0x00, 0x00, 0xfc, 0x00,
    0x6f, 0x70, 0x00, 0x00, 0xfc, 0x00, 0x6f, 0x70,
    0x00, 0x00, 0xfc, 0x00, 0x6f, 0x70, 0x00, 0x00,
    0xfc, 0x00, 0x6f, 0x80, 0x00, 0x01, 0xfc, 0x00,
    0x6f, 0xf0, 0x00, 0x03, 0xfc, 0x00, 0x6f, 0xf2,
    0x00, 0x0a, 0xfd, 0x00, 0x6f, 0xcf, 0xa8, 0xcc,
    0xbf, 0x91, 0x6f, 0x75, 0xdf, 0xa1, 0x1b, 0xf3,
    0x6f, 0x70, 0x00, 0x00, 0x00, 0x00, 0x6f, 0x70,
    0x00, 0x00, 0x00, 0x00, 0x6f, 0x70, 0x00, 0x00,
    0x00, 0x00, 0x6f, 0x70, 0x00, 0x00, 0x00, 0x00,

    /* U+00B6 "¶" */
    0x00, 0x5b, 0xef, 0xff, 0xff, 0x08, 0xff, 0xff,
    0xce, 0xff, 0x4f, 0xff, 0xff, 0x01, 0xfd, 0xaf,
    0xff, 0xff, 0x01, 0xfd, 0xdf, 0xff, 0xff, 0x01,
    0xfd, 0xdf, 0xff, 0xff, 0x01, 0xfd, 0xaf, 0xff,
    0xff, 0x01, 0xfd, 0x5f, 0xff, 0xff, 0x01, 0xfd,
    0x0a, 0xff, 0xff, 0x01, 0xfd, 0x00, 0x6d, 0xff,
    0x01, 0xfd, 0x00, 0x00, 0x01, 0x01, 0xfd, 0x00,
    0x00, 0x00, 0x01, 0xfd, 0x00, 0x00, 0x00, 0x01,
    0xfd, 0x00, 0x00, 0x00, 0x01, 0xfd, 0x00, 0x00,
    0x00, 0x01, 0xfd, 0x00, 0x00, 0x00, 0x01, 0xfd,

    /* U+00B7 "·" */
    0x0b, 0xb0, 0x5f, 0xf5, 0x1d, 0xd1,

    /* U+00B8 "¸" */
    0x0c, 0x30, 0x00, 0xe9, 0x30, 0x07, 0xaf, 0x00,
    0x04, 0xf1, 0x6f, 0xfa, 0x01, 0x21, 0x00,

    /* U+00B9 "¹" */
    0x09, 0xff, 0x1e, 0xfe, 0xf1, 0xb2, 0xaf, 0x10,
    0x0a, 0xf1, 0x00, 0xaf, 0x10, 0x0a, 0xf1, 0x00,
    0xaf, 0x10, 0x0a, 0xf1, 0x00, 0xaf, 0x10,

    /* U+00BA "º" */
    0x00, 0x3b, 0xef, 0xc4, 0x00, 0x03, 0xff, 0x99,
    0xef, 0x50, 0x0c, 0xf2, 0x00, 0x1e, 0xe0, 0x1f,
    0xb0, 0x00, 0x09, 0xf3, 0x2f, 0x90, 0x00, 0x07,
    0xf4, 0x1f, 0xb0, 0x00, 0x09, 0xf3, 0x0c, 0xf2,
    0x00, 0x1e, 0xe0, 0x03, 0xff, 0x98, 0xef, 0x50,
    0x00, 0x3b, 0xff, 0xc4, 0x00,

    /* U+00BB "»" */
    0x0c, 0xf5, 0x09, 0xf8, 0x00, 0x00, 0x01, 0xef,
    0x30, 0xcf, 0x50, 0x00, 0x00, 0x3f, 0xe1, 0x1e,
    0xf3, 0x00, 0x00, 0x05, 0xfc, 0x03, 0xfe, 0x10,
    0x00, 0x00, 0x8f, 0xa0, 0x6f, 0xc0, 0x00, 0x00,
    0x8f, 0xa0, 0x6f, 0xc0, 0x00, 0x05, 0xfc, 0x03,
    0xfe, 0x10, 0x00, 0x3f, 0xe1, 0x1e, 0xf3, 0x00,
    0x01, 0xef, 0x30, 0xcf, 0x50, 0x00, 0x0c, 0xf5,
    0x09, 0xf8, 0x00, 0x00,

    /* U+00BC "¼" */
    0x04, 0xef, 0x70, 0x00, 0x00, 0x00, 0xdd, 0x00,
    0x2f, 0xbf, 0x70, 0x00, 0x00, 0x08, 0xf3, 0x00,
    0x35, 0x2f, 0x70, 0x00, 0x00, 0x3f, 0x80, 0x00,
    0x00, 0x2f, 0x70, 0x00, 0x00, 0xdd, 0x00, 0x00,
    0x00, 0x2f, 0x70, 0x00, 0x08, 0xf3, 0x00, 0x00,
    0x00, 0x2f, 0x70, 0x00, 0x3f, 0x80, 0x00, 0x00,
    0x00, 0x2f, 0x70, 0x00, 0xdd, 0x00, 0x00, 0x00,
    0x00, 0x2f, 0x70, 0x08, 0xf3, 0x00, 0x6f, 0xf0,
    0x00, 0x19, 0x40, 0x3f, 0x80, 0x00, 0xef, 0xf0,
    0x00, 0x00, 0x00, 0xdd, 0x00, 0x08, 0xfb, 0xf0,
    0x00, 0x00, 0x08, 0xf3, 0x00, 0x1f, 0x79, 0xf0,
    0x00, 0x00, 0x3f, 0x80, 0x00, 0x9e, 0x09, 0xf0,
    0x00, 0x00, 0xdd, 0x00, 0x02, 0xf8, 0x2c, 0xf2,
    0x00, 0x08, 0xf3, 0x00, 0x07, 0xff, 0xff, 0xff,
    0x00, 0x3f, 0x80, 0x00, 0x02, 0x55, 0x5f, 0xf5,
    0x00, 0xab, 0x00, 0x00, 0x00, 0x00, 0x08, 0xc0,

    /* U+00BD "½" */
    0x00, 0x89, 0x40, 0x00, 0x00, 0x00, 0x79, 0x00,
    0x01, 0xdf, 0xf7, 0x00, 0x00, 0x00, 0x4f, 0x70,
    0x00, 0x3c, 0x4f, 0x70, 0x00, 0x00, 0x0e, 0xc0,
    0x00, 0x01, 0x02, 0xf7, 0x00, 0x00, 0x09, 0xf2,
    0x00, 0x00, 0x00, 0x2f, 0x70, 0x00, 0x04, 0xf7,
    0x00, 0x00, 0x00, 0x02, 0xf7, 0x00, 0x00, 0xec,
    0x00, 0x00, 0x00, 0x00, 0x2f, 0x70, 0x00, 0x9f,
    0x20, 0x00, 0x00, 0x00, 0x02, 0xf7, 0x00, 0x4f,
    0x70, 0x02, 0x76, 0x10, 0x00, 0x2f, 0x70, 0x0d,
    0xc0, 0x05, 0xff, 0xff, 0x20, 0x00, 0x00, 0x09,
    0xf3, 0x00, 0xdd, 0x13, 0xf9, 0x00, 0x00, 0x03,
    0xf8, 0x00, 0x00, 0x00, 0x0f, 0x90, 0x00, 0x00,
    0xdd, 0x00, 0x00, 0x00, 0x09, 0xf2, 0x00, 0x00,
    0x8f, 0x30, 0x00, 0x00, 0x07, 0xf6, 0x00, 0x00,
    0x3f, 0x80, 0x00, 0x00, 0x05, 0xf9, 0x00, 0x00,
    0x0d, 0xd0, 0x00, 0x00, 0x04, 0xfd, 0x22, 0x10,
    0x08, 0xf3, 0x00, 0x00, 0x00, 0xdf, 0xff, 0xfc,
    0x00, 0x44, 0x00, 0x00, 0x00, 0x04, 0x55, 0x55,
    0x40,

    /* U+00BE "¾" */
    0x00, 0x01, 0x00, 0x00, 0x00, 0x00, 0x01, 0x10,
    0x01, 0xaf, 0xfd, 0x30, 0x00, 0x00, 0x04, 0xf7,
    0x00, 0x9d, 0x66, 0xec, 0x00, 0x00, 0x00, 0xec,
    0x00, 0x00, 0x00, 0x3e, 0xb0, 0x00, 0x00, 0x9f,
    0x20, 0x00, 0x00, 0xef, 0xd2, 0x00, 0x00, 0x4f,
    0x70, 0x00, 0x00, 0x03, 0x5e, 0xd0, 0x00, 0x0e,
    0xc0, 0x00, 0x00, 0x00, 0x00, 0x8f, 0x20, 0x09,
    0xf2, 0x00, 0x00, 0x09, 0x91, 0x0c, 0xf1, 0x04,
    0xf7, 0x00, 0x00, 0x00, 0x6f, 0xff, 0xf7, 0x00,
    0xdc, 0x00, 0x0a, 0xf9, 0x00, 0x26, 0x62, 0x00,
    0x9f, 0x30, 0x04, 0xff, 0x90, 0x00, 0x00, 0x00,
    0x3f, 0x80, 0x00, 0xca, 0xf9, 0x00, 0x00, 0x00,
    0x0d, 0xd0, 0x00, 0x6f, 0x2f, 0x90, 0x00, 0x00,
    0x08, 0xf3, 0x00, 0x0e, 0x90, 0xf9, 0x00, 0x00,
    0x03, 0xf8, 0x00, 0x08, 0xf4, 0x2f, 0xc1, 0x00,
    0x00, 0xdd, 0x00, 0x00, 0xcf, 0xff, 0xff, 0xa0,
    0x00, 0x8f, 0x30, 0x00, 0x04, 0x55, 0x5f, 0xf3,
    0x00, 0x1c, 0x80, 0x00, 0x00, 0x00, 0x00, 0xc8,
    0x00,

    /* U+00BF "¿" */
    0x00, 0x02, 0xec, 0x00, 0x00, 0x00, 0x7f, 0xf2,
    0x00, 0x00, 0x01, 0xb9, 0x00, 0x00, 0x00, 0x00,
    0x00, 0x00, 0x00, 0x00, 0x11, 0x00, 0x00, 0x00,
    0x1f, 0xc0, 0x00, 0x00, 0x05, 0xfb, 0x00, 0x00,
    0x02, 0xef, 0x60, 0x00, 0x05, 0xff, 0xa0, 0x00,
    0x04, 0xff, 0x60, 0x00, 0x00, 0xbf, 0x60, 0x00,
    0x00, 0x0e, 0xf0, 0x00, 0x00, 0x22, 0xef, 0x00,
    0x00, 0x2f, 0xc9, 0xf9, 0x00, 0x0b, 0xf8, 0x1e,
    0xfd, 0xbe, 0xfd, 0x00, 0x19, 0xef, 0xd8, 0x00,

    /* U+00C0 "À" */
    0x00, 0x00, 0x01, 0x10, 0x00, 0x00, 0x00, 0x00,
    0x00, 0x2f, 0xd0, 0x00, 0x00, 0x00, 0x00, 0x00,
    0x07, 0xf5, 0x00, 0x00, 0x00, 0x00, 0x00, 0x00,
    0xcc, 0x00, 0x00, 0x00, 0x00, 0x00, 0x00, 0x00,
    0x00, 0x00, 0x00, 0x00, 0x00, 0x01, 0xff, 0x80,
    0x00, 0x00, 0x00, 0x00, 0x07, 0xff, 0xd0, 0x00,
    0x00, 0x00, 0x00, 0x0c, 0xf9, 0xf3, 0x00, 0x00,
    0x00, 0x00, 0x2f, 0xa4, 0xf9, 0x00, 0x00, 0x00,
    0x00, 0x7f, 0x60, 0xfe, 0x00, 0x00, 0x00, 0x00,
    0xdf, 0x10, 0xaf, 0x40, 0x00, 0x00, 0x02, 0xfc,
    0x00, 0x5f, 0x90, 0x00, 0x00, 0x08, 0xf6, 0x00,
    0x0f, 0xf0, 0x00, 0x00, 0x0d, 0xf1, 0x00, 0x0a,
    0xf5, 0x00, 0x00, 0x3f, 0xc0, 0x00, 0x05, 0xfa,
    0x00, 0x00, 0x9f, 0xff, 0xff, 0xff, 0xff, 0x00,
    0x00, 0xef, 0xdc, 0xcc, 0xcc, 0xff, 0x50, 0x04,
    0xfc, 0x00, 0x00, 0x00, 0x4f, 0xb0, 0x09, 0xf6,
    0x00, 0x00, 0x00, 0x0e, 0xf1, 0x0e, 0xf1, 0x00,
    0x00, 0x00, 0x09, 0xf6, 0x4f, 0xc0, 0x00, 0x00,
    0x00, 0x04, 0xfc,

    /* U+00C1 "Á" */
    0x00, 0x00, 0x00, 0x02, 0x86, 0x00, 0x00, 0x00,
    0x00, 0x00, 0x09, 0xf4, 0x00, 0x00, 0x00, 0x00,
    0x00, 0x1f, 0x90, 0x00, 0x00, 0x00, 0x00, 0x00,
    0x37, 0x00, 0x00, 0x00, 0x00, 0x00, 0x00, 0x00,
    0x00, 0x00, 0x00, 0x00, 0x00, 0x01, 0xff, 0x80,
    0x00, 0x00, 0x00, 0x00, 0x07, 0xff, 0xd0, 0x00,
    0x00, 0x00, 0x00, 0x0c, 0xf9, 0xf3, 0x00, 0x00,
    0x00, 0x00, 0x2f, 0xa4, 0xf9, 0x00, 0x00, 0x00,
    0x00, 0x7f, 0x60, 0xfe, 0x00, 0x00, 0x00, 0x00,
    0xdf, 0x10, 0xaf, 0x40, 0x00, 0x00, 0x02, 0xfc,
    0x00, 0x5f, 0x90, 0x00, 0x00, 0x08, 0xf6, 0x00,
    0x0f, 0xf0, 0x00, 0x00, 0x0d, 0xf1, 0x00, 0x0a,
    0xf5, 0x00, 0x00, 0x3f, 0xc0, 0x00, 0x05, 0xfa,
    0x00, 0x00, 0x9f, 0xff, 0xff, 0xff, 0xff, 0x00,
    0x00, 0xef, 0xdc, 0xcc, 0xcc, 0xff, 0x50, 0x04,
    0xfc, 0x00, 0x00, 0x00, 0x4f, 0xb0, 0x09, 0xf6,
    0x00, 0x00, 0x00, 0x0e, 0xf1, 0x0e, 0xf1, 0x00,
    0x00, 0x00, 0x09, 0xf6, 0x4f, 0xc0, 0x00, 0x00,
    0x00, 0x04, 0xfc,

    /* U+00C2 "Â" */
    0x00, 0x00, 0x00, 0x68, 0x20, 0x00, 0x00, 0x00,
    0x00, 0x07, 0xfe, 0xd0, 0x00, 0x00, 0x00, 0x00,
    0x4f, 0x82, 0xeb, 0x00, 0x00, 0x00, 0x00, 0x77,
    0x00, 0x38, 0x20, 0x00, 0x00, 0x00, 0x00, 0x00,
    0x00, 0x00, 0x00, 0x00, 0x00, 0x01, 0xff, 0x80,
    0x00, 0x00, 0x00, 0x00, 0x07, 0xff, 0xd0, 0x00,
    0x00, 0x00, 0x00, 0x0c, 0xf9, 0xf3, 0x00, 0x00,
    0x00, 0x00, 0x2f, 0xa4, 0xf9, 0x00, 0x00, 0x00,
    0x00, 0x7f, 0x60, 0xfe, 0x00, 0x00, 0x00, 0x00,
    0xdf, 0x10, 0xaf, 0x40, 0x00, 0x00, 0x02, 0xfc,
    0x00, 0x5f, 0x90, 0x00, 0x00, 0x08, 0xf6, 0x00,
    0x0f, 0xf0, 0x00, 0x00, 0x0d, 0xf1, 0x00, 0x0a,
    0xf5, 0x00, 0x00, 0x3f, 0xc0, 0x00, 0x05, 0xfa,
    0x00, 0x00, 0x9f, 0xff, 0xff, 0xff, 0xff, 0x00,
    0x00, 0xef, 0xdc, 0xcc, 0xcc, 0xff, 0x50, 0x04,
    0xfc, 0x00, 0x00, 0x00, 0x4f, 0xb0, 0x09, 0xf6,
    0x00, 0x00, 0x00, 0x0e, 0xf1, 0x0e, 0xf1, 0x00,
    0x00, 0x00, 0x09, 0xf6, 0x4f, 0xc0, 0x00, 0x00,
    0x00, 0x04, 0xfc,

    /* U+00C3 "Ã" */
    0x00, 0x00, 0x00, 0x00, 0x01, 0x00, 0x00, 0x00,
    0x00, 0x3f, 0xe7, 0x4f, 0x20, 0x00, 0x00, 0x00,
    0xac, 0x7e, 0xfc, 0x00, 0x00, 0x00, 0x00, 0x32,
    0x00, 0x30, 0x00, 0x00, 0x00, 0x00, 0x00, 0x00,
    0x00, 0x00, 0x00, 0x00, 0x00, 0x01, 0xff, 0x80,
    0x00, 0x00, 0x00, 0x00, 0x07, 0xff, 0xd0, 0x00,
    0x00, 0x00, 0x00, 0x0c, 0xf9, 0xf3, 0x00, 0x00,
    0x00, 0x00, 0x2f, 0xa4, 0xf9, 0x00, 0x00, 0x00,
    0x00, 0x7f, 0x60, 0xfe, 0x00, 0x00, 0x00, 0x00,
    0xdf, 0x10, 0xaf, 0x40, 0x00, 0x00, 0x02, 0xfc,
    0x00, 0x5f, 0x90, 0x00, 0x00, 0x08, 0xf6, 0x00,
    0x0f, 0xf0, 0x00, 0x00, 0x0d, 0xf1, 0x00, 0x0a,
    0xf5, 0x00, 0x00, 0x3f, 0xc0, 0x00, 0x05, 0xfa,
    0x00, 0x00, 0x9f, 0xff, 0xff, 0xff, 0xff, 0x00,
    0x00, 0xef, 0xdc, 0xcc, 0xcc, 0xff, 0x50, 0x04,
    0xfc, 0x00, 0x00, 0x00, 0x4f, 0xb0, 0x09, 0xf6,
    0x00, 0x00, 0x00, 0x0e, 0xf1, 0x0e, 0xf1, 0x00,
    0x00, 0x00, 0x09, 0xf6, 0x4f, 0xc0, 0x00, 0x00,
    0x00, 0x04, 0xfc,

    /* U+00C4 "Ä" */
    0x00, 0x00, 0xcd, 0x10, 0x7f, 0x40, 0x00, 0x00,
    0x01, 0xff, 0x30, 0xbf, 0x80, 0x00, 0x00, 0x00,
    0x46, 0x00, 0x27, 0x10, 0x00, 0x00, 0x00, 0x00,
    0x00, 0x00, 0x00, 0x00, 0x00, 0x00, 0x01, 0xff,
    0x80, 0x00, 0x00, 0x00, 0x00, 0x07, 0xff, 0xd0,
    0x00, 0x00, 0x00, 0x00, 0x0c, 0xf9, 0xf3, 0x00,
    0x00, 0x00, 0x00, 0x2f, 0xa4, 0xf9, 0x00, 0x00,
    0x00, 0x00, 0x7f, 0x60, 0xfe, 0x00, 0x00, 0x00,
    0x00, 0xdf, 0x10, 0xaf, 0x40, 0x00, 0x00, 0x02,
    0xfc, 0x00, 0x5f, 0x90, 0x00, 0x00, 0x08, 0xf6,
    0x00, 0x0f, 0xf0, 0x00, 0x00, 0x0d, 0xf1, 0x00,
    0x0a, 0xf5, 0x00, 0x00, 0x3f, 0xc0, 0x00, 0x05,
    0xfa, 0x00, 0x00, 0x9f, 0xff, 0xff, 0xff, 0xff,
    0x00, 0x00, 0xef, 0xdc, 0xcc, 0xcc, 0xff, 0x50,
    0x04, 0xfc, 0x00, 0x00, 0x00, 0x4f, 0xb0, 0x09,
    0xf6, 0x00, 0x00, 0x00, 0x0e, 0xf1, 0x0e, 0xf1,
    0x00, 0x00, 0x00, 0x09, 0xf6, 0x4f, 0xc0, 0x00,
    0x00, 0x00, 0x04, 0xfc,

    /* U+00C5 "Å" */
    0x00, 0x00, 0x00, 0x00, 0x00, 0x00, 0x00, 0x00,
    0x00, 0x06, 0xef, 0xb1, 0x00, 0x00, 0x00, 0x00,
    0x3f, 0x95, 0xea, 0x00, 0x00, 0x00, 0x00, 0x6f,
    0x00, 0x8e, 0x00, 0x00, 0x00, 0x00, 0x4f, 0x62,
    0xdb, 0x00, 0x00, 0x00, 0x00, 0x08, 0xff, 0xd1,
    0x00, 0x00, 0x00, 0x00, 0x00, 0x23, 0x00, 0x00,
    0x00, 0x00, 0x00, 0x01, 0xff, 0x80, 0x00, 0x00,
    0x00, 0x00, 0x07, 0xff, 0xd0, 0x00, 0x00, 0x00,
    0x00, 0x0c, 0xf9, 0xf3, 0x00, 0x00, 0x00, 0x00,
    0x2f, 0xa4, 0xf9, 0x00, 0x00, 0x00, 0x00, 0x7f,
    0x60, 0xfe, 0x00, 0x00, 0x00, 0x00, 0xdf, 0x10,
    0xaf, 0x40, 0x00, 0x00, 0x02, 0xfc, 0x00, 0x5f,
    0x90, 0x00, 0x00, 0x08, 0xf6, 0x00, 0x0f, 0xf0,
    0x00, 0x00, 0x0d, 0xf1, 0x00, 0x0a, 0xf5, 0x00,
    0x00, 0x3f, 0xc0, 0x00, 0x05, 0xfa, 0x00, 0x00,
    0x9f, 0xff, 0xff, 0xff, 0xff, 0x00, 0x00, 0xef,
    0xdc, 0xcc, 0xcc, 0xff, 0x50, 0x04, 0xfc, 0x00,
    0x00, 0x00, 0x4f, 0xb0, 0x09, 0xf6, 0x00, 0x00,
    0x00, 0x0e, 0xf1, 0x0e, 0xf1, 0x00, 0x00, 0x00,
    0x09, 0xf6, 0x4f, 0xc0, 0x00, 0x00, 0x00, 0x04,
    0xfc,

    /* U+00C6 "Æ" */
    0x00, 0x00, 0x00, 0x05, 0xff, 0xff, 0xff, 0xff,
    0xff, 0xf6, 0x00, 0x00, 0x00, 0x0c, 0xf5, 0xef,
    0xcc, 0xcc, 0xcc, 0xc4, 0x00, 0x00, 0x00, 0x4f,
    0xb0, 0xdf, 0x00, 0x00, 0x00, 0x00, 0x00, 0x00,
    0x00, 0xbf, 0x30, 0xdf, 0x00, 0x00, 0x00, 0x00,
    0x00, 0x00, 0x03, 0xfc, 0x00, 0xdf, 0x00, 0x00,
    0x00, 0x00, 0x00, 0x00, 0x0a, 0xf5, 0x00, 0xdf,
    0x00, 0x00, 0x00, 0x00, 0x00, 0x00, 0x1f, 0xe0,
    0x00, 0xdf, 0x00, 0x00, 0x00, 0x00, 0x00, 0x00,
    0x9f, 0x70, 0x00, 0xdf, 0xcc, 0xcc, 0xcc, 0xb0,
    0x00, 0x01, 0xff, 0x10, 0x00, 0xdf, 0xff, 0xff,
    0xff, 0xe0, 0x00, 0x07, 0xf9, 0x00, 0x00, 0xdf,
    0x00, 0x00, 0x00, 0x00, 0x00, 0x0e, 0xff, 0xff,
    0xff, 0xff, 0x00, 0x00, 0x00, 0x00, 0x00, 0x6f,
    0xfa, 0xaa, 0xaa, 0xff, 0x00, 0x00, 0x00, 0x00,
    0x00, 0xdf, 0x30, 0x00, 0x00, 0xdf, 0x00, 0x00,
    0x00, 0x00, 0x05, 0xfc, 0x00, 0x00, 0x00, 0xdf,
    0x00, 0x00, 0x00, 0x00, 0x0c, 0xf5, 0x00, 0x00,
    0x00, 0xdf, 0xcc, 0xcc, 0xcc, 0xc6, 0x3f, 0xe0,
    0x00, 0x00, 0x00, 0xdf, 0xff, 0xff, 0xff, 0xf8,

    /* U+00C7 "Ç" */
    0x00, 0x01, 0x7c, 0xef, 0xd8, 0x10, 0x00, 0x00,
    0x3e, 0xff, 0xee, 0xff, 0xe4, 0x00, 0x01, 0xff,
    0xa2, 0x00, 0x19, 0xff, 0x20, 0x0b, 0xf8, 0x00,
    0x00, 0x00, 0x8f, 0xa0, 0x2f, 0xd0, 0x00, 0x00,
    0x00, 0x0f, 0xf0, 0x7f, 0x80, 0x00, 0x00, 0x00,
    0x01, 0x10, 0x9f, 0x40, 0x00, 0x00, 0x00, 0x00,
    0x00, 0xbf, 0x20, 0x00, 0x00, 0x00, 0x00, 0x00,
    0xbf, 0x20, 0x00, 0x00, 0x00, 0x00, 0x00, 0x9f,
    0x40, 0x00, 0x00, 0x00, 0x00, 0x00, 0x7f, 0x80,
    0x00, 0x00, 0x00, 0x01, 0x20, 0x2f, 0xd0, 0x00,
    0x00, 0x00, 0x0f, 0xf0, 0x0b, 0xf9, 0x00, 0x00,
    0x00, 0x8f, 0xa0, 0x01, 0xff, 0xa2, 0x00, 0x29,
    0xff, 0x20, 0x00, 0x3e, 0xff, 0xff, 0xff, 0xe4,
    0x00, 0x00, 0x01, 0x7c, 0xff, 0xd8, 0x10, 0x00,
    0x00, 0x00, 0x00, 0x9a, 0x10, 0x00, 0x00, 0x00,
    0x00, 0x00, 0x7b, 0xf3, 0x00, 0x00, 0x00, 0x00,
    0x00, 0x12, 0xf6, 0x00, 0x00, 0x00, 0x00, 0x02,
    0xff, 0xb1, 0x00, 0x00,

    /* U+00C8 "È" */
    0x00, 0x01, 0x10, 0x00, 0x00, 0x00, 0x00, 0xcf,
    0x30, 0x00, 0x00, 0x00, 0x02, 0xfa, 0x00, 0x00,
    0x00, 0x00, 0x07, 0xf2, 0x00, 0x00, 0x00, 0x00,
    0x00, 0x00, 0x00, 0x02, 0xff, 0xff, 0xff, 0xff,
    0xf2, 0x2f, 0xfc, 0xcc, 0xcc, 0xcc, 0x12, 0xfc,
    0x00, 0x00, 0x00, 0x00, 0x2f, 0xc0, 0x00, 0x00,
    0x00, 0x02, 0xfc, 0x00, 0x00, 0x00, 0x00, 0x2f,
    0xc0, 0x00, 0x00, 0x00, 0x02, 0xfc, 0x00, 0x00,
    0x00, 0x00, 0x2f, 0xfc, 0xcc, 0xcc, 0xc8, 0x02,
    0xff, 0xff, 0xff, 0xff, 0xa0, 0x2f, 0xc0, 0x00,
    0x00, 0x00, 0x02, 0xfc, 0x00, 0x00, 0x00, 0x00,
    0x2f, 0xc0, 0x00, 0x00, 0x00, 0x02, 0xfc, 0x00,
    0x00, 0x00, 0x00, 0x2f, 0xc0, 0x00, 0x00, 0x00,
    0x02, 0xff, 0xcc, 0xcc, 0xcc, 0xc3, 0x2f, 0xff,
    0xff, 0xff, 0xff, 0x40,

    /* U+00C9 "É" */
    0x00, 0x00, 0x00, 0x77, 0x00, 0x00, 0x00, 0x00,
    0x4f, 0x90, 0x00, 0x00, 0x00, 0x0c, 0xd0, 0x00,
    0x00, 0x00, 0x01, 0x83, 0x00, 0x00, 0x00, 0x00,
    0x00, 0x00, 0x00, 0x02, 0xff, 0xff, 0xff, 0xff,
    0xf2, 0x2f, 0xfc, 0xcc, 0xcc, 0xcc, 0x12, 0xfc,
    0x00, 0x00, 0x00, 0x00, 0x2f, 0xc0, 0x00, 0x00,
    0x00, 0x02, 0xfc, 0x00, 0x00, 0x00, 0x00, 0x2f,
    0xc0, 0x00, 0x00, 0x00, 0x02, 0xfc, 0x00, 0x00,
    0x00, 0x00, 0x2f, 0xfc, 0xcc, 0xcc, 0xc8, 0x02,
    0xff, 0xff, 0xff, 0xff, 0xa0, 0x2f, 0xc0, 0x00,
    0x00, 0x00, 0x02, 0xfc, 0x00, 0x00, 0x00, 0x00,
    0x2f, 0xc0, 0x00, 0x00, 0x00, 0x02, 0xfc, 0x00,
    0x00, 0x00, 0x00, 0x2f, 0xc0, 0x00, 0x00, 0x00,
    0x02, 0xff, 0xcc, 0xcc, 0xcc, 0xc3, 0x2f, 0xff,
    0xff, 0xff, 0xff, 0x40,

    /* U+00CA "Ê" */
    0x00, 0x00, 0x48, 0x40, 0x00, 0x00, 0x00, 0x3f,
    0xdf, 0x30, 0x00, 0x00, 0x1e, 0xd0, 0xbe, 0x10,
    0x00, 0x04, 0x82, 0x01, 0x75, 0x00, 0x00, 0x00,
    0x00, 0x00, 0x00, 0x02, 0xff, 0xff, 0xff, 0xff,
    0xf2, 0x2f, 0xfc, 0xcc, 0xcc, 0xcc, 0x12, 0xfc,
    0x00, 0x00, 0x00, 0x00, 0x2f, 0xc0, 0x00, 0x00,
    0x00, 0x02, 0xfc, 0x00, 0x00, 0x00, 0x00, 0x2f,
    0xc0, 0x00, 0x00, 0x00, 0x02, 0xfc, 0x00, 0x00,
    0x00, 0x00, 0x2f, 0xfc, 0xcc, 0xcc, 0xc8, 0x02,
    0xff, 0xff, 0xff, 0xff, 0xa0, 0x2f, 0xc0, 0x00,
    0x00, 0x00, 0x02, 0xfc, 0x00, 0x00, 0x00, 0x00,
    0x2f, 0xc0, 0x00, 0x00, 0x00, 0x02, 0xfc, 0x00,
    0x00, 0x00, 0x00, 0x2f, 0xc0, 0x00, 0x00, 0x00,
    0x02, 0xff, 0xcc, 0xcc, 0xcc, 0xc3, 0x2f, 0xff,
    0xff, 0xff, 0xff, 0x40,

    /* U+00CB "Ë" */
    0x00, 0x7f, 0x40, 0x3e, 0x90, 0x00, 0x0c, 0xf8,
    0x06, 0xfd, 0x00, 0x00, 0x27, 0x10, 0x07, 0x30,
    0x00, 0x00, 0x00, 0x00, 0x00, 0x00, 0x2f, 0xff,
    0xff, 0xff, 0xff, 0x22, 0xff, 0xcc, 0xcc, 0xcc,
    0xc1, 0x2f, 0xc0, 0x00, 0x00, 0x00, 0x02, 0xfc,
    0x00, 0x00, 0x00, 0x00, 0x2f, 0xc0, 0x00, 0x00,
    0x00, 0x02, 0xfc, 0x00, 0x00, 0x00, 0x00, 0x2f,
    0xc0, 0x00, 0x00, 0x00, 0x02, 0xff, 0xcc, 0xcc,
    0xcc, 0x80, 0x2f, 0xff, 0xff, 0xff, 0xfa, 0x02,
    0xfc, 0x00, 0x00, 0x00, 0x00, 0x2f, 0xc0, 0x00,
    0x00, 0x00, 0x02, 0xfc, 0x00, 0x00, 0x00, 0x00,
    0x2f, 0xc0, 0x00, 0x00, 0x00, 0x02, 0xfc, 0x00,
    0x00, 0x00, 0x00, 0x2f, 0xfc, 0xcc, 0xcc, 0xcc,
    0x32, 0xff, 0xff, 0xff, 0xff, 0xf4,

    /* U+00CC "Ì" */
    0x11, 0x00, 0x8f, 0x70, 0x0d, 0xe0, 0x03, 0xf6,
    0x00, 0x00, 0x02, 0xfc, 0x02, 0xfc, 0x02, 0xfc,
    0x02, 0xfc, 0x02, 0xfc, 0x02, 0xfc, 0x02, 0xfc,
    0x02, 0xfc, 0x02, 0xfc, 0x02, 0xfc, 0x02, 0xfc,
    0x02, 0xfc, 0x02, 0xfc, 0x02, 0xfc, 0x02, 0xfc,
    0x02, 0xfc,

    /* U+00CD "Í" */
    0x00, 0x58, 0x20, 0x1f, 0xd0, 0x08, 0xf3, 0x00,
    0x65, 0x00, 0x00, 0x00, 0x02, 0xfc, 0x00, 0x2f,
    0xc0, 0x02, 0xfc, 0x00, 0x2f, 0xc0, 0x02, 0xfc,
    0x00, 0x2f, 0xc0, 0x02, 0xfc, 0x00, 0x2f, 0xc0,
    0x02, 0xfc, 0x00, 0x2f, 0xc0, 0x02, 0xfc, 0x00,
    0x2f, 0xc0, 0x02, 0xfc, 0x00, 0x2f, 0xc0, 0x02,
    0xfc, 0x00, 0x2f, 0xc0, 0x00,

    /* U+00CE "Î" */
    0x00, 0x28, 0x70, 0x00, 0x00, 0xde, 0xf7, 0x00,
    0x0b, 0xf2, 0x7f, 0x40, 0x28, 0x40, 0x07, 0x70,
    0x00, 0x00, 0x00, 0x00, 0x00, 0x2f, 0xc0, 0x00,
    0x00, 0x2f, 0xc0, 0x00, 0x00, 0x2f, 0xc0, 0x00,
    0x00, 0x2f, 0xc0, 0x00, 0x00, 0x2f, 0xc0, 0x00,
    0x00, 0x2f, 0xc0, 0x00, 0x00, 0x2f, 0xc0, 0x00,
    0x00, 0x2f, 0xc0, 0x00, 0x00, 0x2f, 0xc0, 0x00,
    0x00, 0x2f, 0xc0, 0x00, 0x00, 0x2f, 0xc0, 0x00,
    0x00, 0x2f, 0xc0, 0x00, 0x00, 0x2f, 0xc0, 0x00,
    0x00, 0x2f, 0xc0, 0x00, 0x00, 0x2f, 0xc0, 0x00,
    0x00, 0x2f, 0xc0, 0x00,

    /* U+00CF "Ï" */
    0x3e, 0x80, 0x0d, 0xc0, 0x7f, 0xc0, 0x2f, 0xf1,
    0x07, 0x20, 0x05, 0x50, 0x00, 0x00, 0x00, 0x00,
    0x00, 0x2f, 0xc0, 0x00, 0x00, 0x2f, 0xc0, 0x00,
    0x00, 0x2f, 0xc0, 0x00, 0x00, 0x2f, 0xc0, 0x00,
    0x00, 0x2f, 0xc0, 0x00, 0x00, 0x2f, 0xc0, 0x00,
    0x00, 0x2f, 0xc0, 0x00, 0x00, 0x2f, 0xc0, 0x00,
    0x00, 0x2f, 0xc0, 0x00, 0x00, 0x2f, 0xc0, 0x00,
    0x00, 0x2f, 0xc0, 0x00, 0x00, 0x2f, 0xc0, 0x00,
    0x00, 0x2f, 0xc0, 0x00, 0x00, 0x2f, 0xc0, 0x00,
    0x00, 0x2f, 0xc0, 0x00, 0x00, 0x2f, 0xc0, 0x00,

    /* U+00D0 "Ð" */
    0x00, 0xef, 0xff, 0xff, 0xd9, 0x30, 0x00, 0x00,
    0x0e, 0xfd, 0xcc, 0xdf, 0xff, 0x80, 0x00, 0x00,
    0xef, 0x10, 0x00, 0x05, 0xef, 0x80, 0x00, 0x0e,
    0xf1, 0x00, 0x00, 0x02, 0xef, 0x30, 0x00, 0xef,
    0x10, 0x00, 0x00, 0x06, 0xf9, 0x00, 0x0e, 0xf1,
    0x00, 0x00, 0x00, 0x1f, 0xe0, 0x00, 0xef, 0x10,
    0x00, 0x00, 0x00, 0xdf, 0x08, 0xaf, 0xfb, 0xaa,
    0xa1, 0x00, 0x0b, 0xf2, 0xcf, 0xff, 0xff, 0xff,
    0x20, 0x00, 0xcf, 0x20, 0x0e, 0xf1, 0x00, 0x00,
    0x00, 0x0d, 0xf0, 0x00, 0xef, 0x10, 0x00, 0x00,
    0x01, 0xfe, 0x00, 0x0e, 0xf1, 0x00, 0x00, 0x00,
    0x7f, 0x90, 0x00, 0xef, 0x10, 0x00, 0x00, 0x2f,
    0xf2, 0x00, 0x0e, 0xf1, 0x00, 0x00, 0x6e, 0xf8,
    0x00, 0x00, 0xef, 0xdc, 0xcd, 0xff, 0xf8, 0x00,
    0x00, 0x0e, 0xff, 0xff, 0xed, 0x92, 0x00, 0x00,

    /* U+00D1 "Ñ" */
    0x00, 0x00, 0x00, 0x00, 0x01, 0x00, 0x00, 0x00,
    0x08, 0xfd, 0x48, 0xd0, 0x00, 0x00, 0x00, 0xf9,
    0x9f, 0xf7, 0x00, 0x00, 0x00, 0x04, 0x10, 0x13,
    0x00, 0x00, 0x00, 0x00, 0x00, 0x00, 0x00, 0x00,
    0x02, 0xff, 0x70, 0x00, 0x00, 0x00, 0xff, 0x2f,
    0xff, 0x10, 0x00, 0x00, 0x0f, 0xf2, 0xff, 0xfa,
    0x00, 0x00, 0x00, 0xff, 0x2f, 0xbd, 0xf4, 0x00,
    0x00, 0x0f, 0xf2, 0xfb, 0x5f, 0xd0, 0x00, 0x00,
    0xff, 0x2f, 0xc0, 0xcf, 0x80, 0x00, 0x0f, 0xf2,
    0xfc, 0x03, 0xff, 0x20, 0x00, 0xff, 0x2f, 0xc0,
    0x09, 0xfb, 0x00, 0x0f, 0xf2, 0xfc, 0x00, 0x0e,
    0xf5, 0x00, 0xff, 0x2f, 0xc0, 0x00, 0x5f, 0xe1,
    0x0f, 0xf2, 0xfc, 0x00, 0x00, 0xbf, 0x90, 0xff,
    0x2f, 0xc0, 0x00, 0x02, 0xff, 0x2f, 0xf2, 0xfc,
    0x00, 0x00, 0x08, 0xfa, 0xef, 0x2f, 0xc0, 0x00,
    0x00, 0x0d, 0xff, 0xf2, 0xfc, 0x00, 0x00, 0x00,
    0x4f, 0xff, 0x2f, 0xc0, 0x00, 0x00, 0x00, 0xaf,
    0xf0,

    /* U+00D2 "Ò" */
    0x00, 0x00, 0x5f, 0x90, 0x00, 0x00, 0x00, 0x00,
    0x00, 0x0b, 0xf1, 0x00, 0x00, 0x00, 0x00, 0x00,
    0x01, 0xf8, 0x00, 0x00, 0x00, 0x00, 0x00, 0x00,
    0x11, 0x00, 0x00, 0x00, 0x00, 0x00, 0x00, 0x00,
    0x00, 0x00, 0x00, 0x00, 0x00, 0x7c, 0xef, 0xc7,
    0x10, 0x00, 0x00, 0x2e, 0xff, 0xee, 0xff, 0xe3,
    0x00, 0x01, 0xff, 0xa2, 0x00, 0x29, 0xff, 0x20,
    0x0b, 0xf9, 0x00, 0x00, 0x00, 0x8f, 0xc0, 0x2f,
    0xd0, 0x00, 0x00, 0x00, 0x0d, 0xf2, 0x7f, 0x80,
    0x00, 0x00, 0x00, 0x07, 0xf8, 0x9f, 0x40, 0x00,
    0x00, 0x00, 0x03, 0xfa, 0xbf, 0x20, 0x00, 0x00,
    0x00, 0x02, 0xfc, 0xbf, 0x20, 0x00, 0x00, 0x00,
    0x02, 0xfc, 0x9f, 0x40, 0x00, 0x00, 0x00, 0x03,
    0xfa, 0x7f, 0x80, 0x00, 0x00, 0x00, 0x07, 0xf8,
    0x2f, 0xd0, 0x00, 0x00, 0x00, 0x0d, 0xf2, 0x0b,
    0xf9, 0x00, 0x00, 0x00, 0x8f, 0xc0, 0x01, 0xff,
    0xa2, 0x00, 0x29, 0xff, 0x20, 0x00, 0x2e, 0xff,
    0xfe, 0xff, 0xe3, 0x00, 0x00, 0x00, 0x7c, 0xef,
    0xc7, 0x10, 0x00,

    /* U+00D3 "Ó" */
    0x00, 0x00, 0x00, 0x03, 0x84, 0x00, 0x00, 0x00,
    0x00, 0x00, 0x0c, 0xf1, 0x00, 0x00, 0x00, 0x00,
    0x00, 0x4f, 0x60, 0x00, 0x00, 0x00, 0x00, 0x00,
    0x57, 0x00, 0x00, 0x00, 0x00, 0x00, 0x00, 0x00,
    0x00, 0x00, 0x00, 0x00, 0x00, 0x7c, 0xef, 0xc7,
    0x10, 0x00, 0x00, 0x2e, 0xff, 0xee, 0xff, 0xe3,
    0x00, 0x01, 0xff, 0xa2, 0x00, 0x29, 0xff, 0x20,
    0x0b, 0xf9, 0x00, 0x00, 0x00, 0x8f, 0xc0, 0x2f,
    0xd0, 0x00, 0x00, 0x00, 0x0d, 0xf2, 0x7f, 0x80,
    0x00, 0x00, 0x00, 0x07, 0xf8, 0x9f, 0x40, 0x00,
    0x00, 0x00, 0x03, 0xfa, 0xbf, 0x20, 0x00, 0x00,
    0x00, 0x02, 0xfc, 0xbf, 0x20, 0x00, 0x00, 0x00,
    0x02, 0xfc, 0x9f, 0x40, 0x00, 0x00, 0x00, 0x03,
    0xfa, 0x7f, 0x80, 0x00, 0x00, 0x00, 0x07, 0xf8,
    0x2f, 0xd0, 0x00, 0x00, 0x00, 0x0d, 0xf2, 0x0b,
    0xf9, 0x00, 0x00, 0x00, 0x8f, 0xc0, 0x01, 0xff,
    0xa2, 0x00, 0x29, 0xff, 0x20, 0x00, 0x2e, 0xff,
    0xfe, 0xff, 0xe3, 0x00, 0x00, 0x00, 0x7c, 0xef,
    0xc7, 0x10, 0x00,

    /* U+00D4 "Ô" */
    0x00, 0x00, 0x00, 0x77, 0x10, 0x00, 0x00, 0x00,
    0x00, 0x0c, 0xdd, 0xc1, 0x00, 0x00, 0x00, 0x00,
    0xce, 0x21, 0xdc, 0x00, 0x00, 0x00, 0x00, 0x00,
    0x00, 0x00, 0x00, 0x00, 0x00, 0x00, 0x00, 0x00,
    0x00, 0x00, 0x00, 0x00, 0x00, 0x7c, 0xef, 0xc7,
    0x10, 0x00, 0x00, 0x2e, 0xff, 0xee, 0xff, 0xe3,
    0x00, 0x01, 0xff, 0xa2, 0x00, 0x29, 0xff, 0x20,
    0x0b, 0xf9, 0x00, 0x00, 0x00, 0x8f, 0xc0, 0x2f,
    0xd0, 0x00, 0x00, 0x00, 0x0d, 0xf2, 0x7f, 0x80,
    0x00, 0x00, 0x00, 0x07, 0xf8, 0x9f, 0x40, 0x00,
    0x00, 0x00, 0x03, 0xfa, 0xbf, 0x20, 0x00, 0x00,
    0x00, 0x02, 0xfc, 0xbf, 0x20, 0x00, 0x00, 0x00,
    0x02, 0xfc, 0x9f, 0x40, 0x00, 0x00, 0x00, 0x03,
    0xfa, 0x7f, 0x80, 0x00, 0x00, 0x00, 0x07, 0xf8,
    0x2f, 0xd0, 0x00, 0x00, 0x00, 0x0d, 0xf2, 0x0b,
    0xf9, 0x00, 0x00, 0x00, 0x8f, 0xc0, 0x01, 0xff,
    0xa2, 0x00, 0x29, 0xff, 0x20, 0x00, 0x2e, 0xff,
    0xfe, 0xff, 0xe3, 0x00, 0x00, 0x00, 0x7c, 0xef,
    0xc7, 0x10, 0x00,

    /* U+00D5 "Õ" */
    0x00, 0x00, 0x00, 0x00, 0x01, 0x00, 0x00, 0x00,
    0x00, 0x6f, 0xd5, 0x7f, 0x00, 0x00, 0x00, 0x00,
    0xda, 0x8f, 0xf9, 0x00, 0x00, 0x00, 0x00, 0x31,
    0x01, 0x30, 0x00, 0x00, 0x00, 0x00, 0x00, 0x00,
    0x00, 0x00, 0x00, 0x00, 0x00, 0x7c, 0xef, 0xc7,
    0x10, 0x00, 0x00, 0x2e, 0xff, 0xee, 0xff, 0xe3,
    0x00, 0x01, 0xff, 0xa2, 0x00, 0x29, 0xff, 0x20,
    0x0b, 0xf9, 0x00, 0x00, 0x00, 0x8f, 0xc0, 0x2f,
    0xd0, 0x00, 0x00, 0x00, 0x0d, 0xf2, 0x7f, 0x80,
    0x00, 0x00, 0x00, 0x07, 0xf8, 0x9f, 0x40, 0x00,
    0x00, 0x00, 0x03, 0xfa, 0xbf, 0x20, 0x00, 0x00,
    0x00, 0x02, 0xfc, 0xbf, 0x20, 0x00, 0x00, 0x00,
    0x02, 0xfc, 0x9f, 0x40, 0x00, 0x00, 0x00, 0x03,
    0xfa, 0x7f, 0x80, 0x00, 0x00, 0x00, 0x07, 0xf8,
    0x2f, 0xd0, 0x00, 0x00, 0x00, 0x0d, 0xf2, 0x0b,
    0xf9, 0x00, 0x00, 0x00, 0x8f, 0xc0, 0x01, 0xff,
    0xa2, 0x00, 0x29, 0xff, 0x20, 0x00, 0x2e, 0xff,
    0xfe, 0xff, 0xe3, 0x00, 0x00, 0x00, 0x7c, 0xef,
    0xc7, 0x10, 0x00,

    /* U+00D6 "Ö" */
    0x00, 0x00, 0x64, 0x00, 0x36, 0x00, 0x00, 0x00,
    0x04, 0xff, 0x00, 0xff, 0x50, 0x00, 0x00, 0x01,
    0xeb, 0x00, 0xae, 0x20, 0x00, 0x00, 0x00, 0x00,
    0x00, 0x00, 0x00, 0x00, 0x00, 0x00, 0x00, 0x00,
    0x00, 0x00, 0x00, 0x00, 0x00, 0x7c, 0xef, 0xc7,
    0x10, 0x00, 0x00, 0x2e, 0xff, 0xee, 0xff, 0xe3,
    0x00, 0x01, 0xff, 0xa2, 0x00, 0x29, 0xff, 0x20,
    0x0b, 0xf9, 0x00, 0x00, 0x00, 0x8f, 0xc0, 0x2f,
    0xd0, 0x00, 0x00, 0x00, 0x0d, 0xf2, 0x7f, 0x80,
    0x00, 0x00, 0x00, 0x07, 0xf8, 0x9f, 0x40, 0x00,
    0x00, 0x00, 0x03, 0xfa, 0xbf, 0x20, 0x00, 0x00,
    0x00, 0x02, 0xfc, 0xbf, 0x20, 0x00, 0x00, 0x00,
    0x02, 0xfc, 0x9f, 0x40, 0x00, 0x00, 0x00, 0x03,
    0xfa, 0x7f, 0x80, 0x00, 0x00, 0x00, 0x07, 0xf8,
    0x2f, 0xd0, 0x00, 0x00, 0x00, 0x0d, 0xf2, 0x0b,
    0xf9, 0x00, 0x00, 0x00, 0x8f, 0xc0, 0x01, 0xff,
    0xa2, 0x00, 0x29, 0xff, 0x20, 0x00, 0x2e, 0xff,
    0xfe, 0xff, 0xe3, 0x00, 0x00, 0x00, 0x7c, 0xef,
    0xc7, 0x10, 0x00,

    /* U+00D7 "×" */
    0x00, 0x00, 0x00, 0x00, 0x00, 0x5d, 0x10, 0x00,
    0x02, 0xd4, 0x6f, 0xd1, 0x00, 0x1e, 0xf6, 0x07,
    0xfd, 0x11, 0xdf, 0x60, 0x00, 0x8f, 0xee, 0xf7,
    0x00, 0x00, 0x09, 0xff, 0x80, 0x00, 0x00, 0x1c,
    0xff, 0xc0, 0x00, 0x00, 0xcf, 0x89, 0xfc, 0x00,
    0x0c, 0xf9, 0x00, 0x9f, 0xb0, 0x9f, 0x90, 0x00,
    0x0a, 0xf8, 0x18, 0x00, 0x00, 0x00, 0x81,

    /* U+00D8 "Ø" */
    0x00, 0x00, 0x00, 0x00, 0x00, 0x01, 0x00, 0x00,
    0x00, 0x7c, 0xef, 0xc7, 0x1d, 0xa0, 0x00, 0x2e,
    0xff, 0xee, 0xff, 0xff, 0x70, 0x01, 0xff, 0xa2,
    0x00, 0x2d, 0xff, 0x20, 0x0b, 0xf9, 0x00, 0x00,
    0x0d, 0xff, 0xc0, 0x2f, 0xd0, 0x00, 0x00, 0x9f,
    0x6d, 0xf2, 0x7f, 0x80, 0x00, 0x04, 0xfb, 0x07,
    0xf8, 0x9f, 0x40, 0x00, 0x0e, 0xf1, 0x03, 0xfa,
    0xbf, 0x20, 0x00, 0x9f, 0x50, 0x02, 0xfc, 0xbf,
    0x20, 0x04, 0xfb, 0x00, 0x02, 0xfc, 0x9f, 0x40,
    0x1e, 0xe1, 0x00, 0x03, 0xfa, 0x7f, 0x80, 0xaf,
    0x50, 0x00, 0x07, 0xf8, 0x2f, 0xd6, 0xfa, 0x00,
    0x00, 0x0d, 0xf2, 0x0b, 0xff, 0xe1, 0x00, 0x00,
    0x8f, 0xc0, 0x01, 0xff, 0xf2, 0x00, 0x29, 0xff,
    0x20, 0x06, 0xff, 0xff, 0xfe, 0xff, 0xe3, 0x00,
    0x09, 0xd1, 0x7c, 0xef, 0xc7, 0x10, 0x00, 0x00,
    0x10, 0x00, 0x00, 0x00, 0x00, 0x00,

    /* U+00D9 "Ù" */
    0x00, 0x00, 0x9f, 0x60, 0x00, 0x00, 0x00, 0x00,
    0x00, 0xed, 0x00, 0x00, 0x00, 0x00, 0x00, 0x04,
    0xf5, 0x00, 0x00, 0x00, 0x00, 0x00, 0x01, 0x10,
    0x00, 0x00, 0x00, 0x00, 0x00, 0x00, 0x00, 0x00,
    0x02, 0xfc, 0x00, 0x00, 0x00, 0x02, 0xfc, 0x2f,
    0xc0, 0x00, 0x00, 0x00, 0x2f, 0xc2, 0xfc, 0x00,
    0x00, 0x00, 0x02, 0xfc, 0x2f, 0xc0, 0x00, 0x00,
    0x00, 0x2f, 0xc2, 0xfc, 0x00, 0x00, 0x00, 0x02,
    0xfc, 0x2f, 0xc0, 0x00, 0x00, 0x00, 0x2f, 0xc2,
    0xfc, 0x00, 0x00, 0x00, 0x02, 0xfc, 0x2f, 0xc0,
    0x00, 0x00, 0x00, 0x2f, 0xc2, 0xfc, 0x00, 0x00,
    0x00, 0x02, 0xfc, 0x2f, 0xc0, 0x00, 0x00, 0x00,
    0x2f, 0xc2, 0xfd, 0x00, 0x00, 0x00, 0x03, 0xfc,
    0x0f, 0xf0, 0x00, 0x00, 0x00, 0x6f, 0xa0, 0xbf,
    0x70, 0x00, 0x00, 0x0d, 0xf5, 0x03, 0xff, 0x81,
    0x00, 0x2b, 0xfd, 0x00, 0x06, 0xff, 0xfe, 0xef,
    0xfd, 0x20, 0x00, 0x02, 0x9d, 0xfe, 0xc7, 0x00,
    0x00,

    /* U+00DA "Ú" */
    0x00, 0x00, 0x00, 0x05, 0x82, 0x00, 0x00, 0x00,
    0x00, 0x01, 0xfd, 0x00, 0x00, 0x00, 0x00, 0x00,
    0x8f, 0x30, 0x00, 0x00, 0x00, 0x00, 0x06, 0x50,
    0x00, 0x00, 0x00, 0x00, 0x00, 0x00, 0x00, 0x00,
    0x02, 0xfc, 0x00, 0x00, 0x00, 0x02, 0xfc, 0x2f,
    0xc0, 0x00, 0x00, 0x00, 0x2f, 0xc2, 0xfc, 0x00,
    0x00, 0x00, 0x02, 0xfc, 0x2f, 0xc0, 0x00, 0x00,
    0x00, 0x2f, 0xc2, 0xfc, 0x00, 0x00, 0x00, 0x02,
    0xfc, 0x2f, 0xc0, 0x00, 0x00, 0x00, 0x2f, 0xc2,
    0xfc, 0x00, 0x00, 0x00, 0x02, 0xfc, 0x2f, 0xc0,
    0x00, 0x00, 0x00, 0x2f, 0xc2, 0xfc, 0x00, 0x00,
    0x00, 0x02, 0xfc, 0x2f, 0xc0, 0x00, 0x00, 0x00,
    0x2f, 0xc2, 0xfd, 0x00, 0x00, 0x00, 0x03, 0xfc,
    0x0f, 0xf0, 0x00, 0x00, 0x00, 0x6f, 0xa0, 0xbf,
    0x70, 0x00, 0x00, 0x0d, 0xf5, 0x03, 0xff, 0x81,
    0x00, 0x2b, 0xfd, 0x00, 0x06, 0xff, 0xfe, 0xef,
    0xfd, 0x20, 0x00, 0x02, 0x9d, 0xfe, 0xc7, 0x00,
    0x00,

    /* U+00DB "Û" */
    0x00, 0x00, 0x02, 0x87, 0x00, 0x00, 0x00, 0x00,
    0x02, 0xec, 0xea, 0x00, 0x00, 0x00, 0x02, 0xec,
    0x03, 0xf9, 0x00, 0x00, 0x00, 0x00, 0x00, 0x00,
    0x00, 0x00, 0x00, 0x00, 0x00, 0x00, 0x00, 0x00,
    0x02, 0xfc, 0x00, 0x00, 0x00, 0x02, 0xfc, 0x2f,
    0xc0, 0x00, 0x00, 0x00, 0x2f, 0xc2, 0xfc, 0x00,
    0x00, 0x00, 0x02, 0xfc, 0x2f, 0xc0, 0x00, 0x00,
    0x00, 0x2f, 0xc2, 0xfc, 0x00, 0x00, 0x00, 0x02,
    0xfc, 0x2f, 0xc0, 0x00, 0x00, 0x00, 0x2f, 0xc2,
    0xfc, 0x00, 0x00, 0x00, 0x02, 0xfc, 0x2f, 0xc0,
    0x00, 0x00, 0x00, 0x2f, 0xc2, 0xfc, 0x00, 0x00,
    0x00, 0x02, 0xfc, 0x2f, 0xc0, 0x00, 0x00, 0x00,
    0x2f, 0xc2, 0xfd, 0x00, 0x00, 0x00, 0x03, 0xfc,
    0x0f, 0xf0, 0x00, 0x00, 0x00, 0x6f, 0xa0, 0xbf,
    0x70, 0x00, 0x00, 0x0d, 0xf5, 0x03, 0xff, 0x81,
    0x00, 0x2b, 0xfd, 0x00, 0x06, 0xff, 0xfe, 0xef,
    0xfd, 0x20, 0x00, 0x02, 0x9d, 0xfe, 0xc7, 0x00,
    0x00,

    /* U+00DC "Ü" */
    0x00, 0x00, 0x72, 0x00, 0x55, 0x00, 0x00, 0x00,
    0x7f, 0xc0, 0x2f, 0xf2, 0x00, 0x00, 0x04, 0xe8,
    0x00, 0xdd, 0x00, 0x00, 0x00, 0x00, 0x00, 0x00,
    0x00, 0x00, 0x00, 0x00, 0x00, 0x00, 0x00, 0x00,
    0x02, 0xfc, 0x00, 0x00, 0x00, 0x02, 0xfc, 0x2f,
    0xc0, 0x00, 0x00, 0x00, 0x2f, 0xc2, 0xfc, 0x00,
    0x00, 0x00, 0x02, 0xfc, 0x2f, 0xc0, 0x00, 0x00,
    0x00, 0x2f, 0xc2, 0xfc, 0x00, 0x00, 0x00, 0x02,
    0xfc, 0x2f, 0xc0, 0x00, 0x00, 0x00, 0x2f, 0xc2,
    0xfc, 0x00, 0x00, 0x00, 0x02, 0xfc, 0x2f, 0xc0,
    0x00, 0x00, 0x00, 0x2f, 0xc2, 0xfc, 0x00, 0x00,
    0x00, 0x02, 0xfc, 0x2f, 0xc0, 0x00, 0x00, 0x00,
    0x2f, 0xc2, 0xfd, 0x00, 0x00, 0x00, 0x03, 0xfc,
    0x0f, 0xf0, 0x00, 0x00, 0x00, 0x6f, 0xa0, 0xbf,
    0x70, 0x00, 0x00, 0x0d, 0xf5, 0x03, 0xff, 0x81,
    0x00, 0x2b, 0xfd, 0x00, 0x06, 0xff, 0xfe, 0xef,
    0xfd, 0x20, 0x00, 0x02, 0x9d, 0xfe, 0xc7, 0x00,
    0x00,

    /* U+00DD "Ý" */
    0x00, 0x00, 0x00, 0x02, 0x85, 0x00, 0x00, 0x00,
    0x00, 0x00, 0x0b, 0xf2, 0x00, 0x00, 0x00, 0x00,
    0x00, 0x3f, 0x70, 0x00, 0x00, 0x00, 0x00, 0x00,
    0x47, 0x00, 0x00, 0x00, 0x00, 0x00, 0x00, 0x00,
    0x00, 0x00, 0x00, 0x2f, 0xf1, 0x00, 0x00, 0x00,
    0x0d, 0xf6, 0x09, 0xfa, 0x00, 0x00, 0x00, 0x6f,
    0xd0, 0x01, 0xef, 0x40, 0x00, 0x01, 0xef, 0x30,
    0x00, 0x6f, 0xd0, 0x00, 0x09, 0xfa, 0x00, 0x00,
    0x0c, 0xf6, 0x00, 0x2f, 0xf1, 0x00, 0x00, 0x03,
    0xfe, 0x10, 0xbf, 0x70, 0x00, 0x00, 0x00, 0x9f,
    0x84, 0xfd, 0x00, 0x00, 0x00, 0x00, 0x1e, 0xfc,
    0xf4, 0x00, 0x00, 0x00, 0x00, 0x06, 0xff, 0xa0,
    0x00, 0x00, 0x00, 0x00, 0x00, 0xef, 0x20, 0x00,
    0x00, 0x00, 0x00, 0x00, 0xdf, 0x10, 0x00, 0x00,
    0x00, 0x00, 0x00, 0xdf, 0x10, 0x00, 0x00, 0x00,
    0x00, 0x00, 0xdf, 0x10, 0x00, 0x00, 0x00, 0x00,
    0x00, 0xdf, 0x10, 0x00, 0x00, 0x00, 0x00, 0x00,
    0xdf, 0x10, 0x00, 0x00, 0x00, 0x00, 0x00, 0xdf,
    0x10, 0x00, 0x00,

    /* U+00DE "Þ" */
    0x4f, 0xb0, 0x00, 0x00, 0x00, 0x04, 0xfb, 0x00,
    0x00, 0x00, 0x00, 0x4f, 0xb0, 0x00, 0x00, 0x00,
    0x04, 0xff, 0xcc, 0xba, 0x61, 0x00, 0x4f, 0xff,
    0xff, 0xff, 0xe3, 0x04, 0xfb, 0x00, 0x01, 0x7f,
    0xe0, 0x4f, 0xb0, 0x00, 0x00, 0x8f, 0x64, 0xfb,
    0x00, 0x00, 0x03, 0xf9, 0x4f, 0xb0, 0x00, 0x00,
    0x3f, 0x94, 0xfb, 0x00, 0x00, 0x08, 0xf6, 0x4f,
    0xb0, 0x00, 0x17, 0xfe, 0x14, 0xff, 0xff, 0xff,
    0xfe, 0x30, 0x4f, 0xfc, 0xcc, 0xa7, 0x10, 0x04,
    0xfb, 0x00, 0x00, 0x00, 0x00, 0x4f, 0xb0, 0x00,
    0x00, 0x00, 0x04, 0xfb, 0x00, 0x00, 0x00, 0x00,

    /* U+00DF "ß" */
    0x00, 0x2a, 0xef, 0xd8, 0x00, 0x00, 0x3f, 0xfe,
    0xcf, 0xfd, 0x10, 0x0c, 0xf8, 0x00, 0x1c, 0xf8,
    0x01, 0xfe, 0x00, 0x00, 0x3f, 0xc0, 0x2f, 0xb0,
    0x00, 0x01, 0xfc, 0x02, 0xfb, 0x00, 0x00, 0x4f,
    0x80, 0x2f, 0xb0, 0x00, 0x3e, 0xd1, 0x02, 0xfb,
    0x05, 0xff, 0xc1, 0x00, 0x2f, 0xb0, 0x4c, 0xef,
    0xf5, 0x02, 0xfb, 0x00, 0x00, 0x3e, 0xf2, 0x2f,
    0xb0, 0x00, 0x00, 0x5f, 0x92, 0xfb, 0x00, 0x00,
    0x02, 0xfb, 0x2f, 0xb0, 0x00, 0x00, 0x4f, 0xa2,
    0xfb, 0x00, 0x00, 0x1d, 0xf5, 0x2f, 0xb0, 0x5c,
    0xcf, 0xfb, 0x02, 0xfb, 0x06, 0xff, 0xd7, 0x00,

    /* U+00E0 "à" */
    0x00, 0x0a, 0xf4, 0x00, 0x00, 0x00, 0x00, 0x1e,
    0xc0, 0x00, 0x00, 0x00, 0x00, 0x6f, 0x30, 0x00,
    0x00, 0x00, 0x00, 0x20, 0x00, 0x00, 0x00, 0x00,
    0x00, 0x00, 0x00, 0x00, 0x00, 0x8c, 0xfe, 0xc4,
    0x00, 0x01, 0xdf, 0xeb, 0xbf, 0xf6, 0x00, 0x8f,
    0xb0, 0x00, 0x2f, 0xe0, 0x00, 0x20, 0x00, 0x00,
    0xbf, 0x10, 0x00, 0x00, 0x01, 0x3d, 0xf2, 0x00,
    0x29, 0xcf, 0xff, 0xff, 0x20, 0x6f, 0xfc, 0x97,
    0x4b, 0xf2, 0x0e, 0xf3, 0x00, 0x00, 0xaf, 0x20,
    0xfd, 0x00, 0x00, 0x0e, 0xf2, 0x0e, 0xf3, 0x00,
    0x09, 0xff, 0x20, 0x6f, 0xfc, 0xbe, 0xeb, 0xf2,
    0x00, 0x5c, 0xff, 0xa1, 0xaf, 0x20,

    /* U+00E1 "á" */
    0x00, 0x00, 0x00, 0xdf, 0x20, 0x00, 0x00, 0x00,
    0x4f, 0x80, 0x00, 0x00, 0x00, 0x0a, 0xe1, 0x00,
    0x00, 0x00, 0x00, 0x74, 0x00, 0x00, 0x00, 0x00,
    0x00, 0x00, 0x00, 0x00, 0x00, 0x8c, 0xfe, 0xc4,
    0x00, 0x01, 0xdf, 0xeb, 0xbf, 0xf6, 0x00, 0x8f,
    0xb0, 0x00, 0x2f, 0xe0, 0x00, 0x20, 0x00, 0x00,
    0xbf, 0x10, 0x00, 0x00, 0x01, 0x3d, 0xf2, 0x00,
    0x29, 0xcf, 0xff, 0xff, 0x20, 0x6f, 0xfc, 0x97,
    0x4b, 0xf2, 0x0e, 0xf3, 0x00, 0x00, 0xaf, 0x20,
    0xfd, 0x00, 0x00, 0x0e, 0xf2, 0x0e, 0xf3, 0x00,
    0x09, 0xff, 0x20, 0x6f, 0xfc, 0xbe, 0xeb, 0xf2,
    0x00, 0x5c, 0xff, 0xa1, 0xaf, 0x20,

    /* U+00E2 "â" */
    0x00, 0x00, 0x9f, 0xe1, 0x00, 0x00, 0x00, 0x6f,
    0x7e, 0xc0, 0x00, 0x00, 0x3f, 0xa0, 0x3f, 0x90,
    0x00, 0x00, 0x00, 0x00, 0x00, 0x00, 0x00, 0x00,
    0x00, 0x00, 0x00, 0x00, 0x00, 0x8c, 0xfe, 0xc4,
    0x00, 0x01, 0xdf, 0xeb, 0xbf, 0xf6, 0x00, 0x8f,
    0xb0, 0x00, 0x2f, 0xe0, 0x00, 0x20, 0x00, 0x00,
    0xbf, 0x10, 0x00, 0x00, 0x01, 0x3d, 0xf2, 0x00,
    0x29, 0xcf, 0xff, 0xff, 0x20, 0x6f, 0xfc, 0x97,
    0x4b, 0xf2, 0x0e, 0xf3, 0x00, 0x00, 0xaf, 0x20,
    0xfd, 0x00, 0x00, 0x0e, 0xf2, 0x0e, 0xf3, 0x00,
    0x09, 0xff, 0x20, 0x6f, 0xfc, 0xbe, 0xeb, 0xf2,
    0x00, 0x5c, 0xff, 0xa1, 0xaf, 0x20,

    /* U+00E3 "ã" */
    0x00, 0x02, 0x61, 0x04, 0x50, 0x00, 0x00, 0xef,
    0xe4, 0xc9, 0x00, 0x00, 0x2f, 0x27, 0xff, 0x30,
    0x00, 0x01, 0x40, 0x01, 0x20, 0x00, 0x00, 0x00,
    0x00, 0x00, 0x00, 0x00, 0x00, 0x8c, 0xfe, 0xc4,
    0x00, 0x01, 0xdf, 0xeb, 0xbf, 0xf6, 0x00, 0x8f,
    0xb0, 0x00, 0x2f, 0xe0, 0x00, 0x20, 0x00, 0x00,
    0xbf, 0x10, 0x00, 0x00, 0x01, 0x3d, 0xf2, 0x00,
    0x29, 0xcf, 0xff, 0xff, 0x20, 0x6f, 0xfc, 0x97,
    0x4b, 0xf2, 0x0e, 0xf3, 0x00, 0x00, 0xaf, 0x20,
    0xfd, 0x00, 0x00, 0x0e, 0xf2, 0x0e, 0xf3, 0x00,
    0x09, 0xff, 0x20, 0x6f, 0xfc, 0xbe, 0xeb, 0xf2,
    0x00, 0x5c, 0xff, 0xa1, 0xaf, 0x20,

    /* U+00E4 "ä" */
    0x00, 0x17, 0x10, 0x05, 0x40, 0x00, 0x09, 0xfb,
    0x04, 0xff, 0x00, 0x00, 0x5f, 0x70, 0x1e, 0xb0,
    0x00, 0x00, 0x00, 0x00, 0x00, 0x00, 0x00, 0x00,
    0x00, 0x00, 0x00, 0x00, 0x00, 0x8c, 0xfe, 0xc4,
    0x00, 0x01, 0xdf, 0xeb, 0xbf, 0xf6, 0x00, 0x8f,
    0xb0, 0x00, 0x2f, 0xe0, 0x00, 0x20, 0x00, 0x00,
    0xbf, 0x10, 0x00, 0x00, 0x01, 0x3d, 0xf2, 0x00,
    0x29, 0xcf, 0xff, 0xff, 0x20, 0x6f, 0xfc, 0x97,
    0x4b, 0xf2, 0x0e, 0xf3, 0x00, 0x00, 0xaf, 0x20,
    0xfd, 0x00, 0x00, 0x0e, 0xf2, 0x0e, 0xf3, 0x00,
    0x09, 0xff, 0x20, 0x6f, 0xfc, 0xbe, 0xeb, 0xf2,
    0x00, 0x5c, 0xff, 0xa1, 0xaf, 0x20,

    /* U+00E5 "å" */
    0x00, 0x00, 0x00, 0x00, 0x00, 0x00, 0x00, 0x1b,
    0xfe, 0x50, 0x00, 0x00, 0x0b, 0xe5, 0x9f, 0x20,
    0x00, 0x00, 0xe7, 0x00, 0xf6, 0x00, 0x00, 0x0c,
    0xc2, 0x6f, 0x30, 0x00, 0x00, 0x2e, 0xff, 0x70,
    0x00, 0x00, 0x00, 0x03, 0x10, 0x00, 0x00, 0x00,
    0x8c, 0xfe, 0xc4, 0x00, 0x01, 0xdf, 0xeb, 0xbf,
    0xf6, 0x00, 0x8f, 0xb0, 0x00, 0x2f, 0xe0, 0x00,
    0x20, 0x00, 0x00, 0xbf, 0x10, 0x00, 0x00, 0x01,
    0x3d, 0xf2, 0x00, 0x29, 0xcf, 0xff, 0xff, 0x20,
    0x6f, 0xfc, 0x97, 0x4b, 0xf2, 0x0e, 0xf3, 0x00,
    0x00, 0xaf, 0x20, 0xfd, 0x00, 0x00, 0x0e, 0xf2,
    0x0e, 0xf3, 0x00, 0x09, 0xff, 0x20, 0x6f, 0xfc,
    0xbe, 0xeb, 0xf2, 0x00, 0x5c, 0xff, 0xa1, 0xaf,
    0x20,

    /* U+00E6 "æ" */
    0x00, 0x07, 0xdf, 0xeb, 0x30, 0x2a, 0xef, 0xd7,
    0x00, 0x00, 0x1d, 0xff, 0xcc, 0xff, 0x5e, 0xfd,
    0xbe, 0xfc, 0x00, 0x08, 0xfb, 0x10, 0x03, 0xff,
    0xf4, 0x00, 0x0a, 0xf8, 0x00, 0x03, 0x00, 0x00,
    0x0b, 0xf6, 0x00, 0x00, 0x0f, 0xe0, 0x00, 0x00,
    0x00, 0x00, 0xbf, 0x00, 0x00, 0x00, 0xbf, 0x20,
    0x03, 0x9d, 0xff, 0xff, 0xff, 0xff, 0xff, 0xff,
    0xf3, 0x06, 0xff, 0xda, 0x99, 0xff, 0x99, 0x99,
    0x99, 0x99, 0x20, 0xef, 0x40, 0x00, 0x0e, 0xf1,
    0x00, 0x00, 0x00, 0x00, 0x0f, 0xd0, 0x00, 0x00,
    0xff, 0x70, 0x00, 0x00, 0x52, 0x00, 0xef, 0x30,
    0x00, 0xaf, 0xff, 0x40, 0x00, 0x7f, 0xd0, 0x06,
    0xff, 0xcc, 0xff, 0x84, 0xff, 0xdc, 0xef, 0xf3,
    0x00, 0x05, 0xcf, 0xeb, 0x40, 0x03, 0xae, 0xfe,
    0x92, 0x00,

    /* U+00E7 "ç" */
    0x00, 0x3a, 0xef, 0xd7, 0x00, 0x05, 0xff, 0xdb,
    0xef, 0xc1, 0x1f, 0xf4, 0x00, 0x0a, 0xf9, 0x8f,
    0x80, 0x00, 0x00, 0x95, 0xcf, 0x20, 0x00, 0x00,
    0x00, 0xef, 0x00, 0x00, 0x00, 0x00, 0xef, 0x00,
    0x00, 0x00, 0x00, 0xcf, 0x20, 0x00, 0x00, 0x00,
    0x8f, 0x70, 0x00, 0x00, 0xb6, 0x1f, 0xf4, 0x00,
    0x09, 0xf9, 0x05, 0xff, 0xdb, 0xef, 0xc1, 0x00,
    0x3a, 0xff, 0xd7, 0x00, 0x00, 0x00, 0x5d, 0x40,
    0x00, 0x00, 0x00, 0x49, 0xe8, 0x00, 0x00, 0x00,
    0x12, 0xca, 0x00, 0x00, 0x00, 0xdf, 0xd3, 0x00,

    /* U+00E8 "è" */
    0x00, 0x3f, 0xc0, 0x00, 0x00, 0x00, 0x00, 0x9f,
    0x30, 0x00, 0x00, 0x00, 0x00, 0xea, 0x00, 0x00,
    0x00, 0x00, 0x01, 0x10, 0x00, 0x00, 0x00, 0x00,
    0x00, 0x00, 0x00, 0x00, 0x03, 0xae, 0xfd, 0x70,
    0x00, 0x05, 0xff, 0xdb, 0xff, 0xb0, 0x01, 0xfe,
    0x30, 0x00, 0xbf, 0x70, 0x7f, 0x60, 0x00, 0x01,
    0xfe, 0x0c, 0xf0, 0x00, 0x00, 0x0c, 0xf1, 0xef,
    0xff, 0xff, 0xff, 0xff, 0x3e, 0xf9, 0x99, 0x99,
    0x99, 0x92, 0xcf, 0x10, 0x00, 0x00, 0x00, 0x08,
    0xf6, 0x00, 0x00, 0x05, 0x10, 0x1f, 0xf4, 0x00,
    0x07, 0xfd, 0x00, 0x5f, 0xfd, 0xbd, 0xff, 0x30,
    0x00, 0x3a, 0xef, 0xe9, 0x20, 0x00,

    /* U+00E9 "é" */
    0x00, 0x00, 0x06, 0xf9, 0x00, 0x00, 0x00, 0x00,
    0xce, 0x10, 0x00, 0x00, 0x00, 0x3f, 0x70, 0x00,
    0x00, 0x00, 0x04, 0x70, 0x00, 0x00, 0x00, 0x00,
    0x00, 0x00, 0x00, 0x00, 0x03, 0xae, 0xfd, 0x70,
    0x00, 0x05, 0xff, 0xdb, 0xff, 0xb0, 0x01, 0xfe,
    0x30, 0x00, 0xbf, 0x70, 0x7f, 0x60, 0x00, 0x01,
    0xfe, 0x0c, 0xf0, 0x00, 0x00, 0x0c, 0xf1, 0xef,
    0xff, 0xff, 0xff, 0xff, 0x3e, 0xf9, 0x99, 0x99,
    0x99, 0x92, 0xcf, 0x10, 0x00, 0x00, 0x00, 0x08,
    0xf6, 0x00, 0x00, 0x05, 0x10, 0x1f, 0xf4, 0x00,
    0x07, 0xfd, 0x00, 0x5f, 0xfd, 0xbd, 0xff, 0x30,
    0x00, 0x3a, 0xef, 0xe9, 0x20, 0x00,

    /* U+00EA "ê" */
    0x00, 0x02, 0xff, 0x70, 0x00, 0x00, 0x01, 0xdd,
    0x8f, 0x40, 0x00, 0x00, 0xcf, 0x20, 0xbe, 0x20,
    0x00, 0x00, 0x00, 0x00, 0x00, 0x00, 0x00, 0x00,
    0x00, 0x00, 0x00, 0x00, 0x03, 0xae, 0xfd, 0x70,
    0x00, 0x05, 0xff, 0xdb, 0xff, 0xb0, 0x01, 0xfe,
    0x30, 0x00, 0xbf, 0x70, 0x7f, 0x60, 0x00, 0x01,
    0xfe, 0x0c, 0xf0, 0x00, 0x00, 0x0c, 0xf1, 0xef,
    0xff, 0xff, 0xff, 0xff, 0x3e, 0xf9, 0x99, 0x99,
    0x99, 0x92, 0xcf, 0x10, 0x00, 0x00, 0x00, 0x08,
    0xf6, 0x00, 0x00, 0x05, 0x10, 0x1f, 0xf4, 0x00,
    0x07, 0xfd, 0x00, 0x5f, 0xfd, 0xbd, 0xff, 0x30,
    0x00, 0x3a, 0xef, 0xe9, 0x20, 0x00,

    /* U+00EB "ë" */
    0x00, 0x45, 0x00, 0x26, 0x00, 0x00, 0x1f, 0xf2,
    0x0c, 0xf7, 0x00, 0x00, 0xcd, 0x00, 0x8f, 0x40,
    0x00, 0x00, 0x00, 0x00, 0x00, 0x00, 0x00, 0x00,
    0x00, 0x00, 0x00, 0x00, 0x03, 0xae, 0xfd, 0x70,
    0x00, 0x05, 0xff, 0xdb, 0xff, 0xb0, 0x01, 0xfe,
    0x30, 0x00, 0xbf, 0x70, 0x7f, 0x60, 0x00, 0x01,
    0xfe, 0x0c, 0xf0, 0x00, 0x00, 0x0c, 0xf1, 0xef,
    0xff, 0xff, 0xff, 0xff, 0x3e, 0xf9, 0x99, 0x99,
    0x99, 0x92, 0xcf, 0x10, 0x00, 0x00, 0x00, 0x08,
    0xf6, 0x00, 0x00, 0x05, 0x10, 0x1f, 0xf4, 0x00,
    0x07, 0xfd, 0x00, 0x5f, 0xfd, 0xbd, 0xff, 0x30,
    0x00, 0x3a, 0xef, 0xe9, 0x20, 0x00,

    /* U+00EC "ì" */
    0x02, 0x10, 0x00, 0xcf, 0x30, 0x02, 0xfa, 0x00,
    0x07, 0xf2, 0x00, 0x00, 0x00, 0x06, 0xf7, 0x00,
    0x6f, 0x70, 0x06, 0xf7, 0x00, 0x6f, 0x70, 0x06,
    0xf7, 0x00, 0x6f, 0x70, 0x06, 0xf7, 0x00, 0x6f,
    0x70, 0x06, 0xf7, 0x00, 0x6f, 0x70, 0x06, 0xf7,
    0x00, 0x6f, 0x70,

    /* U+00ED "í" */
    0x00, 0x77, 0x00, 0x4f, 0x90, 0x0c, 0xd0, 0x01,
    0x83, 0x00, 0x00, 0x00, 0x06, 0xf7, 0x00, 0x6f,
    0x70, 0x06, 0xf7, 0x00, 0x6f, 0x70, 0x06, 0xf7,
    0x00, 0x6f, 0x70, 0x06, 0xf7, 0x00, 0x6f, 0x70,
    0x06, 0xf7, 0x00, 0x6f, 0x70, 0x06, 0xf7, 0x00,
    0x6f, 0x70, 0x00,

    /* U+00EE "î" */
    0x00, 0x48, 0x40, 0x00, 0x3f, 0xdf, 0x30, 0x1e,
    0xd0, 0xbe, 0x14, 0x82, 0x01, 0x75, 0x00, 0x00,
    0x00, 0x00, 0x06, 0xf7, 0x00, 0x00, 0x6f, 0x70,
    0x00, 0x06, 0xf7, 0x00, 0x00, 0x6f, 0x70, 0x00,
    0x06, 0xf7, 0x00, 0x00, 0x6f, 0x70, 0x00, 0x06,
    0xf7, 0x00, 0x00, 0x6f, 0x70, 0x00, 0x06, 0xf7,
    0x00, 0x00, 0x6f, 0x70, 0x00, 0x06, 0xf7, 0x00,
    0x00, 0x6f, 0x70, 0x00,

    /* U+00EF "ï" */
    0x27, 0x00, 0x06, 0x2c, 0xf8, 0x06, 0xfd, 0x7f,
    0x40, 0x3e, 0x90, 0x00, 0x00, 0x00, 0x00, 0x00,
    0x00, 0x00, 0x06, 0xf7, 0x00, 0x00, 0x6f, 0x70,
    0x00, 0x06, 0xf7, 0x00, 0x00, 0x6f, 0x70, 0x00,
    0x06, 0xf7, 0x00, 0x00, 0x6f, 0x70, 0x00, 0x06,
    0xf7, 0x00, 0x00, 0x6f, 0x70, 0x00, 0x06, 0xf7,
    0x00, 0x00, 0x6f, 0x70, 0x00, 0x06, 0xf7, 0x00,
    0x00, 0x6f, 0x70, 0x00,

    /* U+00F0 "ð" */
    0x00, 0x00, 0x00, 0x00, 0x00, 0x00, 0x04, 0xe5,
    0x00, 0x24, 0x00, 0x00, 0x2c, 0xfc, 0xaf, 0xa0,
    0x00, 0x00, 0x2f, 0xff, 0x40, 0x00, 0x00, 0x7f,
    0xba, 0xf9, 0x00, 0x00, 0x03, 0x30, 0x08, 0xf4,
    0x00, 0x00, 0x05, 0x87, 0x1d, 0xd0, 0x00, 0x2d,
    0xff, 0xfe, 0x8f, 0x50, 0x0d, 0xf8, 0x11, 0x5d,
    0xfa, 0x06, 0xf9, 0x00, 0x00, 0x6f, 0xe0, 0xbf,
    0x20, 0x00, 0x00, 0xef, 0x1d, 0xf0, 0x00, 0x00,
    0x0b, 0xf2, 0xef, 0x00, 0x00, 0x00, 0xaf, 0x1c,
    0xf1, 0x00, 0x00, 0x0c, 0xf0, 0x8f, 0x60, 0x00,
    0x01, 0xfb, 0x02, 0xfe, 0x20, 0x01, 0xcf, 0x50,
    0x06, 0xff, 0xcb, 0xff, 0x90, 0x00, 0x04, 0xbe,
    0xfc, 0x60, 0x00,

    /* U+00F1 "ñ" */
    0x00, 0x06, 0x40, 0x08, 0x10, 0x00, 0x6f, 0xf9,
    0x5f, 0x10, 0x00, 0xba, 0x2d, 0xfa, 0x00, 0x00,
    0x32, 0x00, 0x30, 0x00, 0x00, 0x00, 0x00, 0x00,
    0x00, 0x6f, 0x63, 0xbf, 0xea, 0x20, 0x6f, 0x9f,
    0xb9, 0xdf, 0xe1, 0x6f, 0xf4, 0x00, 0x0b, 0xf7,
    0x6f, 0xa0, 0x00, 0x03, 0xfb, 0x6f, 0x70, 0x00,
    0x01, 0xfc, 0x6f, 0x70, 0x00, 0x01, 0xfc, 0x6f,
    0x70, 0x00, 0x01, 0xfc, 0x6f, 0x70, 0x00, 0x01,
    0xfc, 0x6f, 0x70, 0x00, 0x01, 0xfc, 0x6f, 0x70,
    0x00, 0x01, 0xfc, 0x6f, 0x70, 0x00, 0x01, 0xfc,
    0x6f, 0x70, 0x00, 0x01, 0xfc,

    /* U+00F2 "ò" */
    0x00, 0x2f, 0xd0, 0x00, 0x00, 0x00, 0x00, 0x7f,
    0x50, 0x00, 0x00, 0x00, 0x00, 0xdc, 0x00, 0x00,
    0x00, 0x00, 0x00, 0x20, 0x00, 0x00, 0x00, 0x00,
    0x00, 0x00, 0x00, 0x00, 0x03, 0xae, 0xfd, 0x70,
    0x00, 0x05, 0xff, 0xdb, 0xef, 0xc1, 0x01, 0xff,
    0x40, 0x00, 0xaf, 0xa0, 0x8f, 0x80, 0x00, 0x00,
    0xef, 0x1c, 0xf2, 0x00, 0x00, 0x08, 0xf5, 0xef,
    0x00, 0x00, 0x00, 0x6f, 0x7e, 0xf0, 0x00, 0x00,
    0x06, 0xf7, 0xcf, 0x20, 0x00, 0x00, 0x8f, 0x68,
    0xf7, 0x00, 0x00, 0x0e, 0xf1, 0x1f, 0xf4, 0x00,
    0x0a, 0xfa, 0x00, 0x5f, 0xfd, 0xbe, 0xfd, 0x10,
    0x00, 0x3a, 0xef, 0xd7, 0x00, 0x00,

    /* U+00F3 "ó" */
    0x00, 0x00, 0x04, 0xfa, 0x00, 0x00, 0x00, 0x00,
    0xbf, 0x20, 0x00, 0x00, 0x00, 0x2f, 0x80, 0x00,
    0x00, 0x00, 0x03, 0x71, 0x00, 0x00, 0x00, 0x00,
    0x00, 0x00, 0x00, 0x00, 0x03, 0xae, 0xfd, 0x70,
    0x00, 0x05, 0xff, 0xdb, 0xef, 0xc1, 0x01, 0xff,
    0x40, 0x00, 0xaf, 0xa0, 0x8f, 0x80, 0x00, 0x00,
    0xef, 0x1c, 0xf2, 0x00, 0x00, 0x08, 0xf5, 0xef,
    0x00, 0x00, 0x00, 0x6f, 0x7e, 0xf0, 0x00, 0x00,
    0x06, 0xf7, 0xcf, 0x20, 0x00, 0x00, 0x8f, 0x68,
    0xf7, 0x00, 0x00, 0x0e, 0xf1, 0x1f, 0xf4, 0x00,
    0x0a, 0xfa, 0x00, 0x5f, 0xfd, 0xbe, 0xfd, 0x10,
    0x00, 0x3a, 0xef, 0xd7, 0x00, 0x00,

    /* U+00F4 "ô" */
    0x00, 0x01, 0xef, 0x80, 0x00, 0x00, 0x00, 0xce,
    0x7f, 0x50, 0x00, 0x00, 0xaf, 0x30, 0xaf, 0x30,
    0x00, 0x00, 0x00, 0x00, 0x00, 0x00, 0x00, 0x00,
    0x00, 0x00, 0x00, 0x00, 0x03, 0xae, 0xfd, 0x70,
    0x00, 0x05, 0xff, 0xdb, 0xef, 0xc1, 0x01, 0xff,
    0x40, 0x00, 0xaf, 0xa0, 0x8f, 0x80, 0x00, 0x00,
    0xef, 0x1c, 0xf2, 0x00, 0x00, 0x08, 0xf5, 0xef,
    0x00, 0x00, 0x00, 0x6f, 0x7e, 0xf0, 0x00, 0x00,
    0x06, 0xf7, 0xcf, 0x20, 0x00, 0x00, 0x8f, 0x68,
    0xf7, 0x00, 0x00, 0x0e, 0xf1, 0x1f, 0xf4, 0x00,
    0x0a, 0xfa, 0x00, 0x5f, 0xfd, 0xbe, 0xfd, 0x10,
    0x00, 0x3a, 0xef, 0xd7, 0x00, 0x00,

    /* U+00F5 "õ" */
    0x00, 0x05, 0x50, 0x07, 0x10, 0x00, 0x05, 0xff,
    0xa4, 0xf2, 0x00, 0x00, 0x9b, 0x1c, 0xfc, 0x00,
    0x00, 0x02, 0x20, 0x03, 0x00, 0x00, 0x00, 0x00,
    0x00, 0x00, 0x00, 0x00, 0x03, 0xae, 0xfd, 0x70,
    0x00, 0x05, 0xff, 0xdb, 0xef, 0xc1, 0x01, 0xff,
    0x40, 0x00, 0xaf, 0xa0, 0x8f, 0x80, 0x00, 0x00,
    0xef, 0x1c, 0xf2, 0x00, 0x00, 0x08, 0xf5, 0xef,
    0x00, 0x00, 0x00, 0x6f, 0x7e, 0xf0, 0x00, 0x00,
    0x06, 0xf7, 0xcf, 0x20, 0x00, 0x00, 0x8f, 0x68,
    0xf7, 0x00, 0x00, 0x0e, 0xf1, 0x1f, 0xf4, 0x00,
    0x0a, 0xfa, 0x00, 0x5f, 0xfd, 0xbe, 0xfd, 0x10,
    0x00, 0x3a, 0xef, 0xd7, 0x00, 0x00,

    /* U+00F6 "ö" */
    0x00, 0x46, 0x00, 0x17, 0x10, 0x00, 0x0f, 0xf4,
    0x0b, 0xf9, 0x00, 0x00, 0xbe, 0x10, 0x7f, 0x50,
    0x00, 0x00, 0x00, 0x00, 0x00, 0x00, 0x00, 0x00,
    0x00, 0x00, 0x00, 0x00, 0x03, 0xae, 0xfd, 0x70,
    0x00, 0x05, 0xff, 0xdb, 0xef, 0xc1, 0x01, 0xff,
    0x40, 0x00, 0xaf, 0xa0, 0x8f, 0x80, 0x00, 0x00,
    0xef, 0x1c, 0xf2, 0x00, 0x00, 0x08, 0xf5, 0xef,
    0x00, 0x00, 0x00, 0x6f, 0x7e, 0xf0, 0x00, 0x00,
    0x06, 0xf7, 0xcf, 0x20, 0x00, 0x00, 0x8f, 0x68,
    0xf7, 0x00, 0x00, 0x0e, 0xf1, 0x1f, 0xf4, 0x00,
    0x0a, 0xfa, 0x00, 0x5f, 0xfd, 0xbe, 0xfd, 0x10,
    0x00, 0x3a, 0xef, 0xd7, 0x00, 0x00,

    /* U+00F7 "÷" */
    0x00, 0x01, 0xdc, 0x00, 0x00, 0x00, 0x06, 0xff,
    0x30, 0x00, 0x00, 0x01, 0xa9, 0x00, 0x00, 0x00,
    0x00, 0x00, 0x00, 0x00, 0xac, 0xcc, 0xcc, 0xcc,
    0xc9, 0xdf, 0xff, 0xff, 0xff, 0xfc, 0x00, 0x00,
    0x00, 0x00, 0x00, 0x00, 0x00, 0x00, 0x00, 0x00,
    0x00, 0x02, 0xdc, 0x00, 0x00, 0x00, 0x05, 0xff,
    0x30, 0x00, 0x00, 0x00, 0xa9, 0x00, 0x00,

    /* U+00F8 "ø" */
    0x00, 0x00, 0x00, 0x00, 0x00, 0x10, 0x00, 0x03,
    0xae, 0xfd, 0x72, 0xe7, 0x00, 0x5f, 0xfd, 0xbe,
    0xff, 0xf1, 0x01, 0xff, 0x40, 0x00, 0xff, 0xd0,
    0x08, 0xf8, 0x00, 0x08, 0xff, 0xf1, 0x0c, 0xf2,
    0x00, 0x5f, 0x88, 0xf5, 0x0e, 0xf0, 0x03, 0xfb,
    0x06, 0xf7, 0x0e, 0xf0, 0x1e, 0xd0, 0x06, 0xf7,
    0x0c, 0xf2, 0xce, 0x20, 0x08, 0xf6, 0x08, 0xff,
    0xf4, 0x00, 0x0e, 0xf1, 0x01, 0xff, 0xb0, 0x00,
    0xaf, 0xa0, 0x05, 0xff, 0xfd, 0xbe, 0xfd, 0x10,
    0x0e, 0xb3, 0xae, 0xfd, 0x70, 0x00, 0x02, 0x10,
    0x00, 0x00, 0x00, 0x00,

    /* U+00F9 "ù" */
    0x00, 0x3f, 0xc0, 0x00, 0x00, 0x00, 0x08, 0xf4,
    0x00, 0x00, 0x00, 0x00, 0xeb, 0x00, 0x00, 0x00,
    0x00, 0x11, 0x00, 0x00, 0x00, 0x00, 0x00, 0x00,
    0x00, 0x6f, 0x70, 0x00, 0x01, 0xfc, 0x6f, 0x70,
    0x00, 0x01, 0xfc, 0x6f, 0x70, 0x00, 0x01, 0xfc,
    0x6f, 0x70, 0x00, 0x01, 0xfc, 0x6f, 0x70, 0x00,
    0x01, 0xfc, 0x6f, 0x70, 0x00, 0x01, 0xfc, 0x6f,
    0x70, 0x00, 0x01, 0xfc, 0x5f, 0x70, 0x00, 0x01,
    0xfc, 0x4f, 0xa0, 0x00, 0x05, 0xfc, 0x1f, 0xf4,
    0x00, 0x2d, 0xfc, 0x09, 0xff, 0xcc, 0xf7, 0xfc,
    0x00, 0x7d, 0xfd, 0x60, 0xfc,

    /* U+00FA "ú" */
    0x00, 0x00, 0x02, 0x85, 0x00, 0x00, 0x00, 0x0a,
    0xf3, 0x00, 0x00, 0x00, 0x2f, 0x90, 0x00, 0x00,
    0x00, 0x37, 0x00, 0x00, 0x00, 0x00, 0x00, 0x00,
    0x00, 0x6f, 0x70, 0x00, 0x01, 0xfc, 0x6f, 0x70,
    0x00, 0x01, 0xfc, 0x6f, 0x70, 0x00, 0x01, 0xfc,
    0x6f, 0x70, 0x00, 0x01, 0xfc, 0x6f, 0x70, 0x00,
    0x01, 0xfc, 0x6f, 0x70, 0x00, 0x01, 0xfc, 0x6f,
    0x70, 0x00, 0x01, 0xfc, 0x5f, 0x70, 0x00, 0x01,
    0xfc, 0x4f, 0xa0, 0x00, 0x05, 0xfc, 0x1f, 0xf4,
    0x00, 0x2d, 0xfc, 0x09, 0xff, 0xcc, 0xf7, 0xfc,
    0x00, 0x7d, 0xfd, 0x60, 0xfc,

    /* U+00FB "û" */
    0x00, 0x00, 0x68, 0x20, 0x00, 0x00, 0x08, 0xfe,
    0xd0, 0x00, 0x00, 0x5f, 0x82, 0xfa, 0x00, 0x00,
    0x77, 0x00, 0x48, 0x20, 0x00, 0x00, 0x00, 0x00,
    0x00, 0x6f, 0x70, 0x00, 0x01, 0xfc, 0x6f, 0x70,
    0x00, 0x01, 0xfc, 0x6f, 0x70, 0x00, 0x01, 0xfc,
    0x6f, 0x70, 0x00, 0x01, 0xfc, 0x6f, 0x70, 0x00,
    0x01, 0xfc, 0x6f, 0x70, 0x00, 0x01, 0xfc, 0x6f,
    0x70, 0x00, 0x01, 0xfc, 0x5f, 0x70, 0x00, 0x01,
    0xfc, 0x4f, 0xa0, 0x00, 0x05, 0xfc, 0x1f, 0xf4,
    0x00, 0x2d, 0xfc, 0x09, 0xff, 0xcc, 0xf7, 0xfc,
    0x00, 0x7d, 0xfd, 0x60, 0xfc,

    /* U+00FC "ü" */
    0x00, 0x45, 0x00, 0x27, 0x00, 0x01, 0xff, 0x30,
    0xcf, 0x80, 0x00, 0xcd, 0x10, 0x8f, 0x40, 0x00,
    0x00, 0x00, 0x00, 0x00, 0x00, 0x00, 0x00, 0x00,
    0x00, 0x6f, 0x70, 0x00, 0x01, 0xfc, 0x6f, 0x70,
    0x00, 0x01, 0xfc, 0x6f, 0x70, 0x00, 0x01, 0xfc,
    0x6f, 0x70, 0x00, 0x01, 0xfc, 0x6f, 0x70, 0x00,
    0x01, 0xfc, 0x6f, 0x70, 0x00, 0x01, 0xfc, 0x6f,
    0x70, 0x00, 0x01, 0xfc, 0x5f, 0x70, 0x00, 0x01,
    0xfc, 0x4f, 0xa0, 0x00, 0x05, 0xfc, 0x1f, 0xf4,
    0x00, 0x2d, 0xfc, 0x09, 0xff, 0xcc, 0xf7, 0xfc,
    0x00, 0x7d, 0xfd, 0x60, 0xfc,

    /* U+00FD "ý" */
    0x00, 0x00, 0x00, 0xbf, 0x40, 0x00, 0x00, 0x00,
    0x03, 0xf9, 0x00, 0x00, 0x00, 0x00, 0x0a, 0xe0,
    0x00, 0x00, 0x00, 0x00, 0x00, 0x00, 0x00, 0x00,
    0x00, 0x00, 0x00, 0x00, 0x00, 0x00, 0x4f, 0xc0,
    0x00, 0x00, 0x0e, 0xf1, 0x0e, 0xf1, 0x00, 0x00,
    0x4f, 0xa0, 0x08, 0xf7, 0x00, 0x00, 0xaf, 0x40,
    0x02, 0xfd, 0x00, 0x00, 0xfe, 0x00, 0x00, 0xcf,
    0x20, 0x06, 0xf8, 0x00, 0x00, 0x6f, 0x80, 0x0b,
    0xf2, 0x00, 0x00, 0x0f, 0xe0, 0x1f, 0xc0, 0x00,
    0x00, 0x0a, 0xf3, 0x6f, 0x60, 0x00, 0x00, 0x03,
    0xf8, 0xbf, 0x10, 0x00, 0x00, 0x00, 0xdd, 0xfa,
    0x00, 0x00, 0x00, 0x00, 0x7f, 0xf4, 0x00, 0x00,
    0x00, 0x00, 0x2f, 0xe0, 0x00, 0x00, 0x00, 0x00,
    0x5f, 0x80, 0x00, 0x00, 0x00, 0x00, 0xdf, 0x20,
    0x00, 0x00, 0x02, 0xcd, 0xf9, 0x00, 0x00, 0x00,
    0x06, 0xfe, 0x80, 0x00, 0x00, 0x00,

    /* U+00FE "þ" */
    0x6f, 0x70, 0x00, 0x00, 0x00, 0x06, 0xf7, 0x00,
    0x00, 0x00, 0x00, 0x6f, 0x70, 0x00, 0x00, 0x00,
    0x06, 0xf7, 0x00, 0x00, 0x00, 0x00, 0x6f, 0x72,
    0xbf, 0xeb, 0x30, 0x06, 0xf9, 0xee, 0xbd, 0xff,
    0x40, 0x6f, 0xfa, 0x00, 0x05, 0xfe, 0x16, 0xfe,
    0x00, 0x00, 0x09, 0xf6, 0x6f, 0x90, 0x00, 0x00,
    0x4f, 0xa6, 0xf7, 0x00, 0x00, 0x01, 0xfc, 0x6f,
    0x70, 0x00, 0x00, 0x1f, 0xb6, 0xfa, 0x00, 0x00,
    0x04, 0xfa, 0x6f, 0xe0, 0x00, 0x00, 0xaf, 0x66,
    0xff, 0xa0, 0x00, 0x6f, 0xe0, 0x6f, 0x8e, 0xeb,
    0xdf, 0xf4, 0x06, 0xf7, 0x2b, 0xfe, 0xb3, 0x00,
    0x6f, 0x70, 0x00, 0x00, 0x00, 0x06, 0xf7, 0x00,
    0x00, 0x00, 0x00, 0x6f, 0x70, 0x00, 0x00, 0x00,
    0x06, 0xf7, 0x00, 0x00, 0x00, 0x00,

    /* U+00FF "ÿ" */
    0x00, 0x06, 0x30, 0x04, 0x50, 0x00, 0x00, 0x6f,
    0xe0, 0x1f, 0xf3, 0x00, 0x00, 0x3e, 0xa0, 0x0c,
    0xd1, 0x00, 0x00, 0x00, 0x00, 0x00, 0x00, 0x00,
    0x00, 0x00, 0x00, 0x00, 0x00, 0x00, 0x4f, 0xc0,
    0x00, 0x00, 0x0e, 0xf1, 0x0e, 0xf1, 0x00, 0x00,
    0x4f, 0xa0, 0x08, 0xf7, 0x00, 0x00, 0xaf, 0x40,
    0x02, 0xfd, 0x00, 0x00, 0xfe, 0x00, 0x00, 0xcf,
    0x20, 0x06, 0xf8, 0x00, 0x00, 0x6f, 0x80, 0x0b,
    0xf2, 0x00, 0x00, 0x0f, 0xe0, 0x1f, 0xc0, 0x00,
    0x00, 0x0a, 0xf3, 0x6f, 0x60, 0x00, 0x00, 0x03,
    0xf8, 0xbf, 0x10, 0x00, 0x00, 0x00, 0xdd, 0xfa,
    0x00, 0x00, 0x00, 0x00, 0x7f, 0xf4, 0x00, 0x00,
    0x00, 0x00, 0x2f, 0xe0, 0x00, 0x00, 0x00, 0x00,
    0x5f, 0x80, 0x00, 0x00, 0x00, 0x00, 0xdf, 0x20,
    0x00, 0x00, 0x02, 0xcd, 0xf9, 0x00, 0x00, 0x00,
    0x06, 0xfe, 0x80, 0x00, 0x00, 0x00,

    /* U+2000 " " */

    /* U+2001 " " */

    /* U+2002 " " */

    /* U+2003 " " */

    /* U+2004 " " */

    /* U+2005 " " */

    /* U+2006 " " */

    /* U+2007 " " */

    /* U+2008 " " */

    /* U+2009 " " */

    /* U+200A " " */

    /* U+200B "​" */

    /* U+2010 "‐" */
    0x7c, 0xcc, 0xcc, 0xc1, 0x9f, 0xff, 0xff, 0xf1,

    /* U+2011 "‑" */
    0x7c, 0xcc, 0xcc, 0xc1, 0x9f, 0xff, 0xff, 0xf1,

    /* U+2012 "‒" */
    0x0c, 0xcc, 0xcc, 0xcc, 0xcc, 0xcc, 0x70, 0xff,
    0xff, 0xff, 0xff, 0xff, 0xf9,

    /* U+2013 "–" */
    0xcc, 0xcc, 0xcc, 0xcc, 0xcc, 0x6f, 0xff, 0xff,
    0xff, 0xff, 0xf8,

    /* U+2014 "—" */
    0xcc, 0xcc, 0xcc, 0xcc, 0xcc, 0xcc, 0xcc, 0xcc,
    0xcc, 0xcc, 0xcf, 0xff, 0xff, 0xff, 0xff, 0xff,
    0xff, 0xff, 0xff, 0xff, 0xff,

    /* U+2015 "―" */
    0xcc, 0xcc, 0xcc, 0xcc, 0xcc, 0xcc, 0xcc, 0xcc,
    0xcc, 0xcc, 0xcf, 0xff, 0xff, 0xff, 0xff, 0xff,
    0xff, 0xff, 0xff, 0xff, 0xff,

    /* U+2016 "‖" */
    0x5f, 0x43, 0xf6, 0x5f, 0x43, 0xf6, 0x5f, 0x43,
    0xf6, 0x5f, 0x43, 0xf6, 0x5f, 0x43, 0xf6, 0x5f,
    0x43, 0xf6, 0x5f, 0x43, 0xf6, 0x5f, 0x43, 0xf6,
    0x5f, 0x43, 0xf6, 0x5f, 0x43, 0xf6, 0x5f, 0x43,
    0xf6, 0x5f, 0x43, 0xf6, 0x5f, 0x43, 0xf6, 0x5f,
    0x43, 0xf6, 0x5f, 0x43, 0xf6, 0x5f, 0x43, 0xf6,
    0x5f, 0x43, 0xf6, 0x5f, 0x43, 0xf6, 0x5f, 0x43,
    0xf6, 0x5f, 0x43, 0xf6, 0x5f, 0x43, 0xf6, 0x5f,
    0x43, 0xf6, 0x5f, 0x43, 0xf6, 0x5f, 0x43, 0xf6,
    0x5f, 0x43, 0xf6, 0x5f, 0x43, 0xf6,

    /* U+2017 "‗" */
    0x0b, 0xbb, 0xbb, 0xbb, 0xbb, 0x50, 0xff, 0xff,
    0xff, 0xff, 0xf8, 0x00, 0x00, 0x00, 0x00, 0x00,
    0x00, 0xbb, 0xbb, 0xbb, 0xbb, 0xb5, 0x0f, 0xff,
    0xff, 0xff, 0xff, 0x80,

    /* U+2018 "‘" */
    0x00, 0xe9, 0x02, 0xf6, 0x06, 0xf4, 0x0b, 0xf2,
    0x0f, 0xf0, 0x3f, 0xd0, 0x00, 0x00,

    /* U+2019 "’" */
    0x00, 0x00, 0x08, 0xf8, 0x0a, 0xf4, 0x0d, 0xf0,
    0x0f, 0xb0, 0x2f, 0x70, 0x4f, 0x30,

    /* U+201A "‚" */
    0x00, 0x00, 0x0e, 0xf1, 0x1f, 0xd0, 0x3f, 0x90,
    0x6f, 0x40, 0x8f, 0x00, 0xbc, 0x00,

    /* U+201B "‛" */
    0x0f, 0xf0, 0x0c, 0xf2, 0x08, 0xf4, 0x03, 0xf7,
    0x00, 0xf9, 0x00, 0xbc, 0x00, 0x00,

    /* U+201C "“" */
    0x00, 0xe9, 0x01, 0xf5, 0x02, 0xf6, 0x06, 0xf3,
    0x06, 0xf4, 0x0a, 0xf0, 0x0b, 0xf2, 0x0e, 0xe0,
    0x0f, 0xf0, 0x2f, 0xc0, 0x3f, 0xd0, 0x7f, 0x90,
    0x00, 0x00, 0x00, 0x00,

    /* U+201D "”" */
    0x00, 0x00, 0x00, 0x00, 0x08, 0xf8, 0x0c, 0xf4,
    0x0a, 0xf4, 0x0e, 0xf0, 0x0d, 0xf0, 0x0f, 0xc0,
    0x0f, 0xb0, 0x3f, 0x70, 0x2f, 0x70, 0x5f, 0x30,
    0x4f, 0x30, 0x8f, 0x00,

    /* U+201E "„" */
    0x00, 0x00, 0x00, 0x00, 0x0e, 0xf1, 0x2f, 0xe0,
    0x1f, 0xd0, 0x5f, 0x90, 0x3f, 0x90, 0x7f, 0x50,
    0x6f, 0x40, 0xaf, 0x10, 0x8f, 0x00, 0xcd, 0x00,
    0xbc, 0x00, 0xe8, 0x00,

    /* U+201F "‟" */
    0x0f, 0xf0, 0x4f, 0xc0, 0x0c, 0xf2, 0x0f, 0xe0,
    0x08, 0xf4, 0x0b, 0xf1, 0x03, 0xf7, 0x07, 0xf3,
    0x00, 0xf9, 0x03, 0xf6, 0x00, 0xbc, 0x00, 0xf8,
    0x00, 0x00, 0x00, 0x00,

    /* U+2020 "†" */
    0x00, 0x0c, 0xf1, 0x00, 0x00, 0x00, 0xcf, 0x10,
    0x00, 0x00, 0x0c, 0xf1, 0x00, 0x08, 0x99, 0xff,
    0xb9, 0x91, 0xdf, 0xff, 0xff, 0xff, 0x20, 0x00,
    0xcf, 0x10, 0x00, 0x00, 0x0c, 0xf1, 0x00, 0x00,
    0x00, 0xbf, 0x00, 0x00, 0x00, 0x0a, 0xf0, 0x00,
    0x00, 0x00, 0x9e, 0x00, 0x00, 0x00, 0x08, 0xd0,
    0x00, 0x00, 0x00, 0x36, 0x00, 0x00,

    /* U+2021 "‡" */
    0x00, 0x0c, 0xf1, 0x00, 0x00, 0x00, 0xcf, 0x10,
    0x00, 0x00, 0x0c, 0xf1, 0x00, 0x07, 0x99, 0xff,
    0xa9, 0x91, 0xdf, 0xff, 0xff, 0xff, 0x20, 0x00,
    0xcf, 0x10, 0x00, 0x00, 0x0c, 0xf1, 0x00, 0x00,
    0x00, 0xcf, 0x10, 0x00, 0x89, 0x9f, 0xfb, 0x99,
    0x1d, 0xff, 0xff, 0xff, 0xf2, 0x00, 0x0c, 0xf1,
    0x00, 0x00, 0x00, 0xbf, 0x10, 0x00, 0x00, 0x0a,
    0xf0, 0x00, 0x00, 0x00, 0x9e, 0x00, 0x00, 0x00,
    0x08, 0xd0, 0x00, 0x00, 0x00, 0x7c, 0x00, 0x00,

    /* U+2022 "•" */
    0x00, 0x6b, 0xb5, 0x00, 0x0a, 0xff, 0xff, 0x70,
    0x2f, 0xff, 0xff, 0xf0, 0x5f, 0xff, 0xff, 0xf2,
    0x3f, 0xff, 0xff, 0xf0, 0x0c, 0xff, 0xff, 0x90,
    0x01, 0xaf, 0xe8, 0x00,

    /* U+2023 "‣" */
    0x43, 0x00, 0x00, 0x06, 0xf8, 0x00, 0x00, 0x6f,
    0xfe, 0x40, 0x06, 0xff, 0xff, 0xa0, 0x6f, 0xff,
    0xb2, 0x06, 0xfe, 0x50, 0x00, 0x69, 0x00, 0x00,
    0x00, 0x00, 0x00, 0x00,

    /* U+2024 "․" */
    0x0b, 0xb1, 0x5f, 0xf5, 0x1d, 0xd1,

    /* U+2025 "‥" */
    0x0b, 0xb1, 0x00, 0x0a, 0xb1, 0x5f, 0xf5, 0x00,
    0x4f, 0xf6, 0x1d, 0xd1, 0x00, 0x0c, 0xe2,

    /* U+2026 "…" */
    0x0b, 0xb1, 0x00, 0x0a, 0xb1, 0x00, 0x0a, 0xc1,
    0x5f, 0xf5, 0x00, 0x4f, 0xf6, 0x00, 0x3f, 0xf7,
    0x1d, 0xd1, 0x00, 0x0c, 0xe2, 0x00, 0x0c, 0xe2,

    /* U+2027 "‧" */
    0x0b, 0xb0, 0x5f, 0xf5, 0x1d, 0xd1,

    /* U+202F " " */

    /* U+2030 "‰" */
    0x05, 0xdf, 0xc2, 0x00, 0x00, 0x00, 0xbf, 0x10,
    0x00, 0x00, 0x00, 0x00, 0x3f, 0xb6, 0xde, 0x00,
    0x00, 0x05, 0xf6, 0x00, 0x00, 0x00, 0x00, 0x00,
    0x8f, 0x10, 0x5f, 0x40, 0x00, 0x1e, 0xb0, 0x00,
    0x00, 0x00, 0x00, 0x00, 0xae, 0x00, 0x3f, 0x50,
    0x00, 0xaf, 0x10, 0x00, 0x00, 0x00, 0x00, 0x00,
    0x9f, 0x00, 0x4f, 0x40, 0x05, 0xf6, 0x00, 0x00,
    0x00, 0x00, 0x00, 0x00, 0x5f, 0x72, 0xbf, 0x10,
    0x1e, 0xc0, 0x00, 0x00, 0x00, 0x00, 0x00, 0x00,
    0x0a, 0xff, 0xf5, 0x00, 0xaf, 0x20, 0x00, 0x00,
    0x00, 0x00, 0x00, 0x00, 0x00, 0x23, 0x10, 0x04,
    0xf7, 0x00, 0x00, 0x00, 0x00, 0x00, 0x00, 0x00,
    0x00, 0x00, 0x00, 0x0e, 0xc0, 0x00, 0x00, 0x00,
    0x00, 0x00, 0x00, 0x00, 0x00, 0x00, 0x00, 0x9f,
    0x20, 0x08, 0xff, 0xd3, 0x00, 0x3d, 0xff, 0x70,
    0x00, 0x00, 0x04, 0xf7, 0x00, 0x5f, 0x95, 0xdd,
    0x00, 0xed, 0x59, 0xf4, 0x00, 0x00, 0x0d, 0xc0,
    0x00, 0xae, 0x00, 0x6f, 0x33, 0xf5, 0x00, 0xf9,
    0x00, 0x00, 0x9f, 0x30, 0x00, 0xbd, 0x00, 0x5f,
    0x44, 0xf4, 0x00, 0xea, 0x00, 0x03, 0xf8, 0x00,
    0x00, 0xaf, 0x00, 0x6f, 0x23, 0xf6, 0x00, 0xf9,
    0x00, 0x0d, 0xd0, 0x00, 0x00, 0x4f, 0xa7, 0xed,
    0x00, 0xde, 0x7b, 0xf4, 0x00, 0x8f, 0x30, 0x00,
    0x00, 0x06, 0xef, 0xb2, 0x00, 0x2b, 0xfe, 0x60,

    /* U+2031 "‱" */
    0x05, 0xdf, 0xc2, 0x00, 0x00, 0x00, 0xbf, 0x10,
    0x00, 0x00, 0x00, 0x00, 0x00, 0x00, 0x00, 0x00,
    0x3f, 0xb6, 0xde, 0x00, 0x00, 0x05, 0xf6, 0x00,
    0x00, 0x00, 0x00, 0x00, 0x00, 0x00, 0x00, 0x00,
    0x8f, 0x10, 0x5f, 0x40, 0x00, 0x1e, 0xb0, 0x00,
    0x00, 0x00, 0x00, 0x00, 0x00, 0x00, 0x00, 0x00,
    0xae, 0x00, 0x3f, 0x50, 0x00, 0xaf, 0x10, 0x00,
    0x00, 0x00, 0x00, 0x00, 0x00, 0x00, 0x00, 0x00,
    0x9f, 0x00, 0x4f, 0x40, 0x05, 0xf6, 0x00, 0x00,
    0x00, 0x00, 0x00, 0x00, 0x00, 0x00, 0x00, 0x00,
    0x5f, 0x72, 0xbf, 0x10, 0x1e, 0xc0, 0x00, 0x00,
    0x00, 0x00, 0x00, 0x00, 0x00, 0x00, 0x00, 0x00,
    0x0a, 0xff, 0xf5, 0x00, 0xaf, 0x20, 0x00, 0x00,
    0x00, 0x00, 0x00, 0x00, 0x00, 0x00, 0x00, 0x00,
    0x00, 0x23, 0x10, 0x04, 0xf7, 0x00, 0x00, 0x00,
    0x00, 0x00, 0x00, 0x00, 0x00, 0x00, 0x00, 0x00,
    0x00, 0x00, 0x00, 0x0e, 0xc0, 0x00, 0x00, 0x00,
    0x00, 0x00, 0x00, 0x00, 0x00, 0x00, 0x00, 0x00,
    0x00, 0x00, 0x00, 0x9f, 0x20, 0x08, 0xff, 0xd3,
    0x00, 0x3d, 0xff, 0x70, 0x00, 0x9f, 0xfc, 0x10,
    0x00, 0x00, 0x04, 0xf7, 0x00, 0x5f, 0x95, 0xdd,
    0x00, 0xed, 0x59, 0xf4, 0x07, 0xf7, 0x6e, 0xb0,
    0x00, 0x00, 0x0d, 0xc0, 0x00, 0xae, 0x00, 0x6f,
    0x33, 0xf5, 0x00, 0xf9, 0x0c, 0xc0, 0x08, 0xf0,
    0x00, 0x00, 0x9f, 0x30, 0x00, 0xbd, 0x00, 0x5f,
    0x44, 0xf4, 0x00, 0xea, 0x0d, 0xb0, 0x07, 0xf1,
    0x00, 0x03, 0xf8, 0x00, 0x00, 0xaf, 0x00, 0x6f,
    0x23, 0xf6, 0x00, 0xf9, 0x0c, 0xc0, 0x09, 0xf0,
    0x00, 0x0d, 0xd0, 0x00, 0x00, 0x4f, 0xa7, 0xed,
    0x00, 0xde, 0x7b, 0xf4, 0x07, 0xf9, 0x7f, 0xa0,
    0x00, 0x8f, 0x30, 0x00, 0x00, 0x06, 0xef, 0xb2,
    0x00, 0x2b, 0xfe, 0x60, 0x00, 0x8e, 0xfa, 0x10,

    /* U+2032 "′" */
    0x7f, 0x89, 0xf5, 0xaf, 0x1c, 0xd0, 0xda, 0x0a,
    0x50,

    /* U+2033 "″" */
    0x7f, 0x80, 0x0d, 0xf2, 0x9f, 0x50, 0x0f, 0xe0,
    0xaf, 0x10, 0x0f, 0xb0, 0xcd, 0x00, 0x2f, 0x70,
    0xda, 0x00, 0x3f, 0x40, 0xa5, 0x00, 0x3b, 0x00,

    /* U+2034 "‴" */
    0x7f, 0x80, 0x0d, 0xf2, 0x03, 0xfc, 0x9f, 0x50,
    0x0f, 0xe0, 0x05, 0xf8, 0xaf, 0x10, 0x0f, 0xb0,
    0x06, 0xf5, 0xcd, 0x00, 0x2f, 0x70, 0x08, 0xf1,
    0xda, 0x00, 0x3f, 0x40, 0x09, 0xe0, 0xa5, 0x00,
    0x3b, 0x00, 0x07, 0x70,

    /* U+2035 "‵" */
    0xdf, 0x2a, 0xf3, 0x6f, 0x53, 0xf6, 0x0f, 0x80,
    0x97,

    /* U+2036 "‶" */
    0xdf, 0x20, 0x3f, 0xc0, 0xaf, 0x30, 0x0f, 0xd0,
    0x6f, 0x50, 0x0c, 0xf0, 0x3f, 0x60, 0x09, 0xf0,
    0x0f, 0x80, 0x05, 0xf2, 0x09, 0x70, 0x01, 0xb2,

    /* U+2037 "‷" */
    0xdf, 0x20, 0x3f, 0xc0, 0x09, 0xf5, 0xaf, 0x30,
    0x0f, 0xd0, 0x06, 0xf7, 0x6f, 0x50, 0x0c, 0xf0,
    0x02, 0xf9, 0x3f, 0x60, 0x09, 0xf0, 0x00, 0xfa,
    0x0f, 0x80, 0x05, 0xf2, 0x00, 0xbc, 0x09, 0x70,
    0x01, 0xb2, 0x00, 0x69,

    /* U+2038 "‸" */
    0x00, 0x04, 0xfe, 0x00, 0x00, 0x00, 0xde, 0xf7,
    0x00, 0x00, 0x7f, 0x3a, 0xf1, 0x00, 0x2f, 0xa0,
    0x2f, 0xa0, 0x0b, 0xf1, 0x00, 0x8f, 0x40,

    /* U+2039 "‹" */
    0x00, 0x04, 0xfc, 0x00, 0x02, 0xfe, 0x10, 0x01,
    0xdf, 0x30, 0x00, 0xbf, 0x60, 0x00, 0x8f, 0x90,
    0x00, 0x08, 0xf9, 0x00, 0x00, 0x0b, 0xf6, 0x00,
    0x00, 0x1d, 0xf3, 0x00, 0x00, 0x2f, 0xe1, 0x00,
    0x00, 0x4f, 0xc0,

    /* U+203A "›" */
    0x0c, 0xf5, 0x00, 0x00, 0x01, 0xef, 0x30, 0x00,
    0x00, 0x3f, 0xe1, 0x00, 0x00, 0x05, 0xfc, 0x00,
    0x00, 0x00, 0x8f, 0xa0, 0x00, 0x00, 0x8f, 0xa0,
    0x00, 0x05, 0xfc, 0x00, 0x00, 0x3f, 0xe1, 0x00,
    0x01, 0xef, 0x30, 0x00, 0x0c, 0xf5, 0x00, 0x00,

    /* U+203B "※" */
    0x00, 0x00, 0x05, 0x20, 0x00, 0x00, 0x00, 0x30,
    0x6f, 0xd0, 0x02, 0x00, 0x07, 0xf6, 0x3f, 0xa0,
    0xce, 0x20, 0x05, 0xff, 0x60, 0x0c, 0xfd, 0x10,
    0x00, 0x5f, 0xf7, 0xcf, 0xd1, 0x00, 0xaf, 0x36,
    0xff, 0xfd, 0x1c, 0xe2, 0xdf, 0x60, 0xff, 0xf7,
    0x0f, 0xf4, 0x25, 0x0b, 0xff, 0xff, 0x53, 0x50,
    0x00, 0xbf, 0xe2, 0x6f, 0xf5, 0x00, 0x09, 0xfe,
    0x25, 0x26, 0xff, 0x30, 0x02, 0xd2, 0x6f, 0xd0,
    0x7a, 0x00, 0x00, 0x00, 0x3f, 0xa0, 0x00, 0x00,

    /* U+203C "‼" */
    0x0f, 0xf0, 0x00, 0x0f, 0xf1, 0x0f, 0xf0, 0x00,
    0x0f, 0xf1, 0x0f, 0xf0, 0x00, 0x0f, 0xf1, 0x0f,
    0xf0, 0x00, 0x0f, 0xf0, 0x0f, 0xf0, 0x00, 0x0f,
    0xf0, 0x0f, 0xf0, 0x00, 0x0e, 0xf0, 0x0f, 0xf0,
    0x00, 0x0e, 0xf0, 0x0f, 0xf0, 0x00, 0x0e, 0xf0,
    0x0e, 0xf0, 0x00, 0x0e, 0xf0, 0x0e, 0xe0, 0x00,
    0x0e, 0xf0, 0x0a, 0xa0, 0x00, 0x0a, 0xb0, 0x00,
    0x00, 0x00, 0x00, 0x00, 0x00, 0x00, 0x00, 0x00,
    0x00, 0x0b, 0xb0, 0x00, 0x0a, 0xb1, 0x4f, 0xf5,
    0x00, 0x4f, 0xf6, 0x1d, 0xd1, 0x00, 0x1d, 0xd2,

    /* U+203D "‽" */
    0x00, 0x3a, 0xef, 0xd7, 0x00, 0x04, 0xff, 0xca,
    0xef, 0xa0, 0x0d, 0xf4, 0x00, 0x0b, 0xf4, 0x1b,
    0x90, 0x00, 0x04, 0xf8, 0x00, 0x00, 0xfc, 0x03,
    0xf8, 0x00, 0x00, 0xfb, 0x08, 0xf5, 0x00, 0x00,
    0xeb, 0x4f, 0xd0, 0x00, 0x00, 0xdf, 0xfd, 0x10,
    0x00, 0x00, 0xff, 0xa0, 0x00, 0x00, 0x00, 0xff,
    0x00, 0x00, 0x00, 0x00, 0xff, 0x00, 0x00, 0x00,
    0x00, 0x11, 0x00, 0x00, 0x00, 0x00, 0x00, 0x00,
    0x00, 0x00, 0x01, 0xba, 0x00, 0x00, 0x00, 0x07,
    0xff, 0x30, 0x00, 0x00, 0x02, 0xec, 0x00, 0x00,

    /* U+203E "‾" */
    0x1c, 0xcc, 0xcc, 0xcc, 0xcc, 0x52, 0xff, 0xff,
    0xff, 0xff, 0xf6,

    /* U+203F "‿" */
    0x09, 0x81, 0x00, 0x00, 0x00, 0x00, 0x00, 0x6b,
    0x10, 0xaf, 0xfa, 0x74, 0x32, 0x34, 0x6a, 0xef,
    0xd1, 0x00, 0x7f, 0xff, 0xff, 0xff, 0xff, 0xff,
    0x90, 0x00, 0x00, 0x16, 0xad, 0xff, 0xfe, 0xb7,
    0x10, 0x00,

    /* U+2040 "⁀" */
    0x00, 0x00, 0x01, 0x46, 0x77, 0x52, 0x00, 0x00,
    0x00, 0x00, 0x6c, 0xff, 0xff, 0xff, 0xfe, 0x81,
    0x00, 0x02, 0xdf, 0xfa, 0x86, 0x56, 0x7b, 0xff,
    0xf5, 0x00, 0xef, 0x70, 0x00, 0x00, 0x00, 0x00,
    0x5c, 0xf2, 0x01, 0x10, 0x00, 0x00, 0x00, 0x00,
    0x00, 0x03, 0x00,

    /* U+2041 "⁁" */
    0x00, 0x00, 0x00, 0x00, 0x00, 0x00, 0x00, 0x01,
    0xe5, 0x00, 0x00, 0x00, 0xaf, 0x10, 0x00, 0x00,
    0x3f, 0x60, 0x00, 0x00, 0x0d, 0xd0, 0x00, 0x00,
    0x07, 0xf3, 0x00, 0x00, 0x01, 0xfa, 0x00, 0x00,
    0x00, 0xbf, 0x70, 0x00, 0x00, 0x4f, 0xfe, 0x00,
    0x00, 0x0d, 0xd2, 0xf9, 0x00, 0x07, 0xf3, 0x07,
    0xf3, 0x00, 0xda, 0x00, 0x0d, 0x90, 0x01, 0x10,
    0x00, 0x20, 0x00,

    /* U+2042 "⁂" */
    0x00, 0x00, 0x00, 0x70, 0x00, 0x00, 0x00, 0x00,
    0x07, 0x5e, 0x5a, 0x00, 0x00, 0x00, 0x00, 0x2e,
    0xff, 0x40, 0x00, 0x00, 0x00, 0x5f, 0xff, 0xff,
    0x80, 0x00, 0x00, 0x00, 0x3e, 0xff, 0x50, 0x00,
    0x00, 0x00, 0x06, 0x4e, 0x49, 0x00, 0x00, 0x00,
    0x02, 0x00, 0x40, 0x01, 0x10, 0x00, 0x73, 0xd3,
    0x40, 0x25, 0xa6, 0x70, 0x08, 0xff, 0xe4, 0x01,
    0xdf, 0xec, 0x08, 0xef, 0xff, 0xe3, 0xef, 0xff,
    0xfb, 0x03, 0xff, 0xb1, 0x01, 0x7f, 0xf5, 0x10,
    0xca, 0xdc, 0x70, 0x3e, 0xc9, 0xe1, 0x02, 0x3d,
    0x00, 0x00, 0x2a, 0x61, 0x00, 0x00, 0x00, 0x00,
    0x00, 0x00, 0x00,

    /* U+2043 "⁃" */
    0xac, 0xcc, 0xc8, 0xdf, 0xff, 0xfb,

    /* U+2044 "⁄" */
    0x00, 0x00, 0x00, 0x00, 0x00, 0x0e, 0xc0, 0x00,
    0x00, 0x00, 0x00, 0x00, 0x9f, 0x20, 0x00, 0x00,
    0x00, 0x00, 0x03, 0xf7, 0x00, 0x00, 0x00, 0x00,
    0x00, 0x0d, 0xc0, 0x00, 0x00, 0x00, 0x00, 0x00,
    0x8f, 0x30, 0x00, 0x00, 0x00, 0x00, 0x03, 0xf8,
    0x00, 0x00, 0x00, 0x00, 0x00, 0x0d, 0xd0, 0x00,
    0x00, 0x00, 0x00, 0x00, 0x8f, 0x30, 0x00, 0x00,
    0x00, 0x00, 0x03, 0xf8, 0x00, 0x00, 0x00, 0x00,
    0x00, 0x0d, 0xd0, 0x00, 0x00, 0x00, 0x00, 0x00,
    0x7f, 0x30, 0x00, 0x00, 0x00, 0x00, 0x02, 0xf9,
    0x00, 0x00, 0x00, 0x00, 0x00, 0x0c, 0xd0, 0x00,
    0x00, 0x00, 0x00, 0x00, 0x7f, 0x40, 0x00, 0x00,
    0x00, 0x00, 0x02, 0xf9, 0x00, 0x00, 0x00, 0x00,
    0x00, 0x0c, 0xe0, 0x00, 0x00, 0x00, 0x00, 0x00,

    /* U+2045 "⁅" */
    0x69, 0x99, 0x3b, 0xff, 0xf6, 0xbf, 0x10, 0x0b,
    0xf1, 0x00, 0xbf, 0x10, 0x0b, 0xf1, 0x00, 0xbf,
    0x10, 0x0b, 0xf1, 0x00, 0xbf, 0x10, 0x0b, 0xfb,
    0x93, 0xbf, 0xff, 0x6b, 0xf1, 0x00, 0xbf, 0x10,
    0x0b, 0xf1, 0x00, 0xbf, 0x10, 0x0b, 0xf1, 0x00,
    0xbf, 0x10, 0x0b, 0xf1, 0x00, 0xbf, 0xaa, 0x4b,
    0xff, 0xf6,

    /* U+2046 "⁆" */
    0x79, 0x99, 0x3b, 0xff, 0xf5, 0x00, 0x6f, 0x50,
    0x06, 0xf5, 0x00, 0x6f, 0x50, 0x06, 0xf5, 0x00,
    0x6f, 0x50, 0x06, 0xf5, 0x00, 0x6f, 0x56, 0x9f,
    0xf5, 0xbf, 0xff, 0x50, 0x06, 0xf5, 0x00, 0x6f,
    0x50, 0x06, 0xf5, 0x00, 0x6f, 0x50, 0x06, 0xf5,
    0x00, 0x6f, 0x50, 0x06, 0xf5, 0x7a, 0xcf, 0x5b,
    0xff, 0xf5,

    /* U+2047 "⁇" */
    0x00, 0x2a, 0xef, 0xd7, 0x00, 0x00, 0x04, 0xbf,
    0xfc, 0x50, 0x00, 0x3f, 0xfd, 0xbe, 0xfb, 0x00,
    0x06, 0xff, 0xcb, 0xff, 0x70, 0x0c, 0xf7, 0x00,
    0x1c, 0xf5, 0x01, 0xff, 0x30, 0x03, 0xef, 0x10,
    0xfe, 0x00, 0x00, 0x4f, 0x90, 0x5f, 0xa0, 0x00,
    0x08, 0xf5, 0x02, 0x20, 0x00, 0x04, 0xfa, 0x01,
    0x21, 0x00, 0x00, 0x8f, 0x60, 0x00, 0x00, 0x00,
    0xaf, 0x70, 0x00, 0x00, 0x00, 0x0d, 0xf3, 0x00,
    0x00, 0x00, 0x9f, 0xe1, 0x00, 0x00, 0x00, 0x1c,
    0xfb, 0x00, 0x00, 0x01, 0xcf, 0xd2, 0x00, 0x00,
    0x00, 0x4e, 0xfb, 0x10, 0x00, 0x00, 0xaf, 0xb1,
    0x00, 0x00, 0x00, 0x0e, 0xf8, 0x00, 0x00, 0x00,
    0x0f, 0xf1, 0x00, 0x00, 0x00, 0x03, 0xfc, 0x00,
    0x00, 0x00, 0x00, 0xfd, 0x00, 0x00, 0x00, 0x00,
    0x5f, 0x80, 0x00, 0x00, 0x00, 0x01, 0x00, 0x00,
    0x00, 0x00, 0x00, 0x10, 0x00, 0x00, 0x00, 0x00,
    0x00, 0x00, 0x00, 0x00, 0x00, 0x00, 0x00, 0x00,
    0x00, 0x00, 0x1b, 0xa0, 0x00, 0x00, 0x00, 0x04,
    0xc6, 0x00, 0x00, 0x00, 0x07, 0xff, 0x30, 0x00,
    0x00, 0x00, 0xbf, 0xe0, 0x00, 0x00, 0x00, 0x2e,
    0xc0, 0x00, 0x00, 0x00, 0x05, 0xf8, 0x00, 0x00,

    /* U+2048 "⁈" */
    0x00, 0x2a, 0xef, 0xd7, 0x00, 0x00, 0x4f, 0xc0,
    0x02, 0xff, 0xdb, 0xef, 0xb0, 0x00, 0x4f, 0xc0,
    0x0c, 0xf7, 0x00, 0x1c, 0xf5, 0x00, 0x4f, 0xc0,
    0x0f, 0xe0, 0x00, 0x04, 0xf9, 0x00, 0x4f, 0xc0,
    0x03, 0x20, 0x00, 0x04, 0xfa, 0x00, 0x3f, 0xb0,
    0x00, 0x00, 0x00, 0x0a, 0xf7, 0x00, 0x3f, 0xb0,
    0x00, 0x00, 0x00, 0x9f, 0xe1, 0x00, 0x3f, 0xb0,
    0x00, 0x00, 0x1c, 0xfe, 0x30, 0x00, 0x3f, 0xb0,
    0x00, 0x00, 0xaf, 0xc1, 0x00, 0x00, 0x3f, 0xa0,
    0x00, 0x00, 0xff, 0x10, 0x00, 0x00, 0x3f, 0xa0,
    0x00, 0x00, 0xfd, 0x00, 0x00, 0x00, 0x2e, 0x90,
    0x00, 0x00, 0x22, 0x00, 0x00, 0x00, 0x00, 0x00,
    0x00, 0x00, 0x00, 0x00, 0x00, 0x00, 0x00, 0x00,
    0x00, 0x01, 0xba, 0x00, 0x00, 0x00, 0x2c, 0x80,
    0x00, 0x07, 0xff, 0x30, 0x00, 0x00, 0x9f, 0xf1,
    0x00, 0x02, 0xec, 0x00, 0x00, 0x00, 0x4e, 0xb0,

    /* U+2049 "⁉" */
    0x0f, 0xf0, 0x00, 0x02, 0xae, 0xfd, 0x80, 0x00,
    0xff, 0x00, 0x03, 0xff, 0xa8, 0xcf, 0xc0, 0x0f,
    0xf0, 0x00, 0xcf, 0x50, 0x00, 0xaf, 0x60, 0xff,
    0x00, 0x0f, 0xe0, 0x00, 0x03, 0xfa, 0x0f, 0xf0,
    0x00, 0x00, 0x00, 0x00, 0x4f, 0xa0, 0xff, 0x00,
    0x00, 0x00, 0x00, 0x0b, 0xf7, 0x0f, 0xf0, 0x00,
    0x00, 0x00, 0x1b, 0xfe, 0x10, 0xff, 0x00, 0x00,
    0x00, 0x2e, 0xfd, 0x20, 0x0e, 0xf0, 0x00, 0x00,
    0x0a, 0xfb, 0x00, 0x00, 0xee, 0x00, 0x00, 0x00,
    0xef, 0x10, 0x00, 0x0a, 0xa0, 0x00, 0x00, 0x0f,
    0xd0, 0x00, 0x00, 0x00, 0x00, 0x00, 0x00, 0x00,
    0x00, 0x00, 0x00, 0x00, 0x00, 0x00, 0x00, 0x00,
    0x00, 0x00, 0xbb, 0x00, 0x00, 0x01, 0xba, 0x00,
    0x00, 0x4f, 0xf5, 0x00, 0x00, 0x6f, 0xf3, 0x00,
    0x01, 0xdd, 0x10, 0x00, 0x02, 0xec, 0x00, 0x00,

    /* U+204A "⁊" */
    0xff, 0xff, 0xff, 0xf4, 0xcc, 0xcc, 0xce, 0xf2,
    0x00, 0x00, 0x09, 0xf1, 0x00, 0x00, 0x0a, 0xf0,
    0x00, 0x00, 0x0c, 0xe0, 0x00, 0x00, 0x0d, 0xc0,
    0x00, 0x00, 0x0f, 0xb0, 0x00, 0x00, 0x0f, 0x90,
    0x00, 0x00, 0x2f, 0x80, 0x00, 0x00, 0x3f, 0x60,
    0x00, 0x00, 0x5f, 0x40, 0x00, 0x00, 0x7f, 0x30,
    0x00, 0x00, 0x8f, 0x10, 0x00, 0x00, 0xaf, 0x00,
    0x00, 0x00, 0xbe, 0x00, 0x00, 0x00, 0xdd, 0x00,

    /* U+204B "⁋" */
    0x3f, 0xff, 0xff, 0xe9, 0x20, 0x03, 0xff, 0xcd,
    0xff, 0xff, 0x30, 0x2f, 0xc0, 0x6f, 0xff, 0xfe,
    0x02, 0xfc, 0x06, 0xff, 0xff, 0xf4, 0x2f, 0xc0,
    0x6f, 0xff, 0xff, 0x72, 0xfc, 0x06, 0xff, 0xff,
    0xf7, 0x2f, 0xc0, 0x6f, 0xff, 0xff, 0x52, 0xfc,
    0x06, 0xff, 0xff, 0xe0, 0x2f, 0xc0, 0x6f, 0xff,
    0xf4, 0x02, 0xfc, 0x06, 0xff, 0xb3, 0x00, 0x2f,
    0xc0, 0x01, 0x00, 0x00, 0x02, 0xfc, 0x00, 0x00,
    0x00, 0x00, 0x2f, 0xc0, 0x00, 0x00, 0x00, 0x02,
    0xfc, 0x00, 0x00, 0x00, 0x00, 0x2f, 0xc0, 0x00,
    0x00, 0x00, 0x02, 0xfc, 0x00, 0x00, 0x00, 0x00,

    /* U+204C "⁌" */
    0x00, 0x5b, 0xef, 0xff, 0xff, 0x07, 0xff, 0xff,
    0xbc, 0xff, 0x1f, 0xff, 0xff, 0x11, 0xfd, 0x6f,
    0xff, 0xff, 0x11, 0xfd, 0x7f, 0xff, 0xff, 0x11,
    0xfd, 0x6f, 0xff, 0xff, 0x11, 0xfd, 0x1f, 0xff,
    0xff, 0x11, 0xfd, 0x07, 0xff, 0xff, 0xbc, 0xff,
    0x00, 0x5b, 0xef, 0xff, 0xff,

    /* U+204D "⁍" */
    0xbf, 0xff, 0xff, 0xd8, 0x00, 0x9f, 0xfb, 0xef,
    0xff, 0xd0, 0x6f, 0x80, 0xaf, 0xff, 0xf8, 0x6f,
    0x80, 0xaf, 0xff, 0xfd, 0x6f, 0x80, 0xaf, 0xff,
    0xfe, 0x6f, 0x80, 0xaf, 0xff, 0xfd, 0x6f, 0x80,
    0xaf, 0xff, 0xf8, 0x9f, 0xfb, 0xef, 0xff, 0xd0,
    0xbf, 0xff, 0xff, 0xd8, 0x00,

    /* U+204E "⁎" */
    0x00, 0x06, 0xe0, 0x00, 0x00, 0x00, 0x6f, 0x00,
    0x10, 0x8e, 0x46, 0xe0, 0x9f, 0x13, 0xbf, 0xdf,
    0xee, 0x70, 0x00, 0x6f, 0xfd, 0x10, 0x01, 0x9f,
    0xef, 0xfd, 0x50, 0x9f, 0x66, 0xe1, 0xbf, 0x21,
    0x10, 0x6f, 0x00, 0x30, 0x00, 0x07, 0xf0, 0x00,
    0x00,

    /* U+204F "⁏" */
    0x1d, 0xd1, 0x04, 0xff, 0x50, 0x0b, 0xb0, 0x00,
    0x00, 0x00, 0x00, 0x00, 0x00, 0x00, 0x00, 0x00,
    0x00, 0x00, 0x00, 0x00, 0x00, 0x00, 0x00, 0xdf,
    0x30, 0x09, 0xf5, 0x00, 0x5f, 0x80, 0x01, 0xfa,
    0x00, 0x0c, 0xc0, 0x00, 0x8f, 0x00,

    /* U+2050 "⁐" */
    0x00, 0x00, 0x03, 0x67, 0x77, 0x52, 0x00, 0x00,
    0x00, 0x01, 0x9e, 0xff, 0xff, 0xff, 0xfd, 0x70,
    0x00, 0x03, 0xef, 0xfe, 0xba, 0xab, 0xce, 0xff,
    0xe3, 0x01, 0xfe, 0x71, 0x00, 0x00, 0x00, 0x02,
    0x8e, 0xe0, 0x02, 0x00, 0x00, 0x00, 0x00, 0x00,
    0x00, 0x12, 0x00, 0x00, 0x00, 0x00, 0x00, 0x00,
    0x00, 0x00, 0x00, 0x00, 0x00, 0x00, 0x00, 0x00,
    0x00, 0x00, 0x00, 0x00, 0x00, 0x00, 0x00, 0x00,
    0x00, 0x00, 0x00, 0x00, 0x00, 0x00, 0x00, 0x00,
    0x00, 0x00, 0x00, 0x00, 0x00, 0x00, 0x00, 0x00,
    0x00, 0x00, 0x00, 0x00, 0x00, 0x00, 0x00, 0x00,
    0x00, 0x00, 0x00, 0x00, 0x00, 0x00, 0x00, 0x00,
    0x00, 0x00, 0x00, 0x00, 0x00, 0x00, 0x00, 0x00,
    0x00, 0x00, 0x00, 0x00, 0x00, 0x00, 0x00, 0x00,
    0x00, 0x00, 0x00, 0x00, 0x00, 0x00, 0x00, 0x00,
    0x00, 0x00, 0x00, 0x00, 0x00, 0x00, 0x00, 0x00,
    0x00, 0x00, 0x00, 0x00, 0x00, 0x00, 0x00, 0x00,
    0x00, 0x00, 0x00, 0x00, 0x00, 0x00, 0x00, 0x00,
    0x00, 0x00, 0x00, 0x00, 0x00, 0x00, 0x00, 0x00,
    0x00, 0x08, 0x50, 0x00, 0x00, 0x00, 0x00, 0x00,
    0x58, 0x01, 0xdf, 0xd8, 0x41, 0x00, 0x02, 0x48,
    0xdf, 0xd0, 0x01, 0xaf, 0xff, 0xff, 0xff, 0xff,
    0xff, 0xa0, 0x00, 0x00, 0x39, 0xdf, 0xff, 0xff,
    0xd8, 0x20, 0x00, 0x00, 0x00, 0x00, 0x01, 0x21,
    0x00, 0x00, 0x00, 0x00,

    /* U+2051 "⁑" */
    0x00, 0x06, 0xf0, 0x00, 0x01, 0x20, 0x5f, 0x00,
    0x30, 0x8f, 0x75, 0xf1, 0xaf, 0x31, 0x9f, 0xef,
    0xee, 0x60, 0x00, 0x5f, 0xfe, 0x10, 0x02, 0xaf,
    0xdf, 0xdf, 0x70, 0x7e, 0x55, 0xf0, 0x9f, 0x20,
    0x10, 0x5f, 0x00, 0x10, 0x00, 0x05, 0xe0, 0x00,
    0x00, 0x00, 0x00, 0x00, 0x00, 0x00, 0x00, 0x00,
    0x00, 0x00, 0x00, 0x5e, 0x00, 0x00, 0x01, 0x05,
    0xf0, 0x01, 0x07, 0xe5, 0x5f, 0x08, 0xf2, 0x2b,
    0xfd, 0xfd, 0xf8, 0x00, 0x05, 0xff, 0xe2, 0x00,
    0x18, 0xfe, 0xfe, 0xd5, 0x08, 0xf7, 0x5f, 0x1a,
    0xf3, 0x12, 0x05, 0xf0, 0x03, 0x00, 0x00, 0x6f,
    0x00, 0x00,

    /* U+2052 "⁒" */
    0x00, 0x00, 0x00, 0x00, 0x00, 0x3f, 0x80, 0x00,
    0x00, 0x00, 0x00, 0x00, 0xdd, 0x00, 0x3e, 0xc1,
    0x00, 0x00, 0x08, 0xf3, 0x00, 0xbf, 0xf7, 0x00,
    0x00, 0x2f, 0x90, 0x00, 0x7f, 0xf4, 0x00, 0x00,
    0xcd, 0x00, 0x00, 0x04, 0x30, 0x00, 0x07, 0xf4,
    0x00, 0x00, 0x00, 0x00, 0x00, 0x2f, 0x90, 0x00,
    0x00, 0x00, 0x00, 0x00, 0xce, 0x00, 0x00, 0x00,
    0x00, 0x00, 0x07, 0xf4, 0x00, 0x00, 0x00, 0x00,
    0x00, 0x2f, 0xa0, 0x00, 0x00, 0x00, 0x00, 0x00,
    0xbe, 0x10, 0x00, 0x05, 0x10, 0x00, 0x06, 0xf5,
    0x00, 0x00, 0xbf, 0xe1, 0x00, 0x1f, 0xa0, 0x00,
    0x00, 0xef, 0xf3, 0x00, 0xbe, 0x10, 0x00, 0x00,
    0x6e, 0xa0, 0x06, 0xf5, 0x00, 0x00, 0x00, 0x00,
    0x00, 0x1e, 0xb0, 0x00, 0x00, 0x00, 0x00, 0x00,

    /* U+2053 "⁓" */
    0x05, 0xcf, 0xe8, 0x10, 0x00, 0x00, 0x06, 0xff,
    0xce, 0xff, 0x70, 0x00, 0x63, 0x19, 0x00, 0x05,
    0xdf, 0xfc, 0xef, 0xa0, 0x00, 0x00, 0x00, 0x6d,
    0xfd, 0x70,

    /* U+2054 "⁔" */
    0x00, 0x00, 0x00, 0x00, 0x10, 0x00, 0x00, 0x00,
    0x00, 0x00, 0x28, 0xcf, 0xff, 0xff, 0xc8, 0x30,
    0x00, 0x00, 0x8f, 0xff, 0xff, 0xff, 0xff, 0xff,
    0xb1, 0x00, 0xbf, 0xe8, 0x42, 0x10, 0x01, 0x48,
    0xdf, 0xe1, 0x07, 0x60, 0x00, 0x00, 0x00, 0x00,
    0x00, 0x49, 0x00,

    /* U+2055 "⁕" */
    0x00, 0x00, 0x74, 0x00, 0x00, 0x01, 0x50, 0xf8,
    0x05, 0x00, 0x09, 0xf5, 0xf8, 0xcf, 0x20, 0x00,
    0xcf, 0xff, 0xf6, 0x00, 0x58, 0x9f, 0xff, 0xf8,
    0x81, 0x9f, 0xff, 0xff, 0xff, 0xf2, 0x00, 0x9f,
    0xff, 0xe2, 0x00, 0x07, 0xf9, 0xfa, 0xee, 0x10,
    0x03, 0x90, 0xf8, 0x29, 0x00, 0x00, 0x00, 0x84,
    0x00, 0x00,

    /* U+2057 "⁗" */
    0x7f, 0x80, 0x0d, 0xf2, 0x03, 0xfc, 0x00, 0xaf,
    0x69, 0xf5, 0x00, 0xfe, 0x00, 0x5f, 0x80, 0x0b,
    0xf2, 0xaf, 0x10, 0x0f, 0xb0, 0x06, 0xf5, 0x00,
    0xde, 0x0c, 0xd0, 0x02, 0xf7, 0x00, 0x8f, 0x10,
    0x0e, 0xb0, 0xda, 0x00, 0x3f, 0x40, 0x09, 0xe0,
    0x00, 0xf7, 0x0a, 0x50, 0x03, 0xb0, 0x00, 0x77,
    0x00, 0x0b, 0x30,

    /* U+205F " " */

};

/*---------------------
 *  GLYPH DESCRIPTION
 *--------------------*/

static const lv_font_fmt_txt_glyph_dsc_t glyph_dsc[] = {
    {.bitmap_index = 0, .adv_w = 0, .box_w = 0, .box_h = 0, .ofs_x = 0, .ofs_y = 0} /* id = 0 reserved */,
    {.bitmap_index = 0, .adv_w = 95, .box_w = 0, .box_h = 0, .ofs_x = 0, .ofs_y = 0},
    {.bitmap_index = 0, .adv_w = 97, .box_w = 4, .box_h = 16, .ofs_x = 1, .ofs_y = 0},
    {.bitmap_index = 32, .adv_w = 157, .box_w = 6, .box_h = 7, .ofs_x = 2, .ofs_y = 9},
    {.bitmap_index = 53, .adv_w = 213, .box_w = 13, .box_h = 16, .ofs_x = 0, .ofs_y = 0},
    {.bitmap_index = 157, .adv_w = 216, .box_w = 12, .box_h = 21, .ofs_x = 1, .ofs_y = -2},
    {.bitmap_index = 283, .adv_w = 330, .box_w = 17, .box_h = 16, .ofs_x = 2, .ofs_y = 0},
    {.bitmap_index = 419, .adv_w = 216, .box_w = 13, .box_h = 16, .ofs_x = 1, .ofs_y = 0},
    {.bitmap_index = 523, .adv_w = 101, .box_w = 3, .box_h = 7, .ofs_x = 2, .ofs_y = 9},
    {.bitmap_index = 534, .adv_w = 123, .box_w = 5, .box_h = 20, .ofs_x = 2, .ofs_y = -3},
    {.bitmap_index = 584, .adv_w = 123, .box_w = 6, .box_h = 20, .ofs_x = 0, .ofs_y = -3},
    {.bitmap_index = 644, .adv_w = 168, .box_w = 9, .box_h = 9, .ofs_x = 1, .ofs_y = 7},
    {.bitmap_index = 685, .adv_w = 222, .box_w = 10, .box_h = 11, .ofs_x = 2, .ofs_y = 0},
    {.bitmap_index = 740, .adv_w = 97, .box_w = 4, .box_h = 7, .ofs_x = 1, .ofs_y = -4},
    {.bitmap_index = 754, .adv_w = 155, .box_w = 8, .box_h = 2, .ofs_x = 1, .ofs_y = 6},
    {.bitmap_index = 762, .adv_w = 97, .box_w = 4, .box_h = 3, .ofs_x = 1, .ofs_y = 0},
    {.bitmap_index = 768, .adv_w = 121, .box_w = 8, .box_h = 19, .ofs_x = 0, .ofs_y = -2},
    {.bitmap_index = 844, .adv_w = 212, .box_w = 11, .box_h = 16, .ofs_x = 1, .ofs_y = 0},
    {.bitmap_index = 932, .adv_w = 137, .box_w = 7, .box_h = 16, .ofs_x = 0, .ofs_y = 0},
    {.bitmap_index = 988, .adv_w = 205, .box_w = 11, .box_h = 16, .ofs_x = 1, .ofs_y = 0},
    {.bitmap_index = 1076, .adv_w = 208, .box_w = 11, .box_h = 16, .ofs_x = 1, .ofs_y = 0},
    {.bitmap_index = 1164, .adv_w = 217, .box_w = 12, .box_h = 16, .ofs_x = 1, .ofs_y = 0},
    {.bitmap_index = 1260, .adv_w = 199, .box_w = 11, .box_h = 16, .ofs_x = 1, .ofs_y = 0},
    {.bitmap_index = 1348, .adv_w = 208, .box_w = 11, .box_h = 16, .ofs_x = 1, .ofs_y = 0},
    {.bitmap_index = 1436, .adv_w = 190, .box_w = 10, .box_h = 16, .ofs_x = 1, .ofs_y = 0},
    {.bitmap_index = 1516, .adv_w = 208, .box_w = 11, .box_h = 16, .ofs_x = 1, .ofs_y = 0},
    {.bitmap_index = 1604, .adv_w = 208, .box_w = 11, .box_h = 16, .ofs_x = 1, .ofs_y = 0},
    {.bitmap_index = 1692, .adv_w = 97, .box_w = 4, .box_h = 12, .ofs_x = 1, .ofs_y = 0},
    {.bitmap_index = 1716, .adv_w = 101, .box_w = 4, .box_h = 15, .ofs_x = 1, .ofs_y = -4},
    {.bitmap_index = 1746, .adv_w = 222, .box_w = 11, .box_h = 12, .ofs_x = 1, .ofs_y = 0},
    {.bitmap_index = 1812, .adv_w = 222, .box_w = 10, .box_h = 6, .ofs_x = 2, .ofs_y = 3},
    {.bitmap_index = 1842, .adv_w = 222, .box_w = 11, .box_h = 12, .ofs_x = 2, .ofs_y = 0},
    {.bitmap_index = 1908, .adv_w = 172, .box_w = 10, .box_h = 16, .ofs_x = 0, .ofs_y = 0},
    {.bitmap_index = 1988, .adv_w = 325, .box_w = 19, .box_h = 20, .ofs_x = 1, .ofs_y = -4},
    {.bitmap_index = 2178, .adv_w = 232, .box_w = 14, .box_h = 16, .ofs_x = 0, .ofs_y = 0},
    {.bitmap_index = 2290, .adv_w = 220, .box_w = 12, .box_h = 16, .ofs_x = 1, .ofs_y = 0},
    {.bitmap_index = 2386, .adv_w = 245, .box_w = 14, .box_h = 16, .ofs_x = 1, .ofs_y = 0},
    {.bitmap_index = 2498, .adv_w = 242, .box_w = 13, .box_h = 16, .ofs_x = 1, .ofs_y = 0},
    {.bitmap_index = 2602, .adv_w = 202, .box_w = 11, .box_h = 16, .ofs_x = 1, .ofs_y = 0},
    {.bitmap_index = 2690, .adv_w = 198, .box_w = 11, .box_h = 16, .ofs_x = 1, .ofs_y = 0},
    {.bitmap_index = 2778, .adv_w = 251, .box_w = 14, .box_h = 16, .ofs_x = 1, .ofs_y = 0},
    {.bitmap_index = 2890, .adv_w = 250, .box_w = 13, .box_h = 16, .ofs_x = 1, .ofs_y = 0},
    {.bitmap_index = 2994, .adv_w = 90, .box_w = 3, .box_h = 16, .ofs_x = 1, .ofs_y = 0},
    {.bitmap_index = 3018, .adv_w = 192, .box_w = 10, .box_h = 16, .ofs_x = 1, .ofs_y = 0},
    {.bitmap_index = 3098, .adv_w = 226, .box_w = 13, .box_h = 16, .ofs_x = 1, .ofs_y = 0},
    {.bitmap_index = 3202, .adv_w = 190, .box_w = 10, .box_h = 16, .ofs_x = 1, .ofs_y = 0},
    {.bitmap_index = 3282, .adv_w = 304, .box_w = 17, .box_h = 16, .ofs_x = 1, .ofs_y = 0},
    {.bitmap_index = 3418, .adv_w = 253, .box_w = 13, .box_h = 16, .ofs_x = 1, .ofs_y = 0},
    {.bitmap_index = 3522, .adv_w = 257, .box_w = 14, .box_h = 16, .ofs_x = 1, .ofs_y = 0},
    {.bitmap_index = 3634, .adv_w = 215, .box_w = 12, .box_h = 16, .ofs_x = 1, .ofs_y = 0},
    {.bitmap_index = 3730, .adv_w = 257, .box_w = 14, .box_h = 18, .ofs_x = 1, .ofs_y = -2},
    {.bitmap_index = 3856, .adv_w = 216, .box_w = 12, .box_h = 16, .ofs_x = 1, .ofs_y = 0},
    {.bitmap_index = 3952, .adv_w = 216, .box_w = 12, .box_h = 16, .ofs_x = 1, .ofs_y = 0},
    {.bitmap_index = 4048, .adv_w = 217, .box_w = 12, .box_h = 16, .ofs_x = 1, .ofs_y = 0},
    {.bitmap_index = 4144, .adv_w = 250, .box_w = 13, .box_h = 16, .ofs_x = 1, .ofs_y = 0},
    {.bitmap_index = 4248, .adv_w = 232, .box_w = 14, .box_h = 16, .ofs_x = 0, .ofs_y = 0},
    {.bitmap_index = 4360, .adv_w = 331, .box_w = 21, .box_h = 16, .ofs_x = 0, .ofs_y = 0},
    {.bitmap_index = 4528, .adv_w = 229, .box_w = 14, .box_h = 16, .ofs_x = 0, .ofs_y = 0},
    {.bitmap_index = 4640, .adv_w = 228, .box_w = 14, .box_h = 16, .ofs_x = 0, .ofs_y = 0},
    {.bitmap_index = 4752, .adv_w = 211, .box_w = 11, .box_h = 16, .ofs_x = 1, .ofs_y = 0},
    {.bitmap_index = 4840, .adv_w = 123, .box_w = 5, .box_h = 20, .ofs_x = 2, .ofs_y = -3},
    {.bitmap_index = 4890, .adv_w = 121, .box_w = 8, .box_h = 19, .ofs_x = 0, .ofs_y = -2},
    {.bitmap_index = 4966, .adv_w = 123, .box_w = 5, .box_h = 20, .ofs_x = 1, .ofs_y = -3},
    {.bitmap_index = 5016, .adv_w = 158, .box_w = 10, .box_h = 7, .ofs_x = 0, .ofs_y = 9},
    {.bitmap_index = 5051, .adv_w = 153, .box_w = 10, .box_h = 2, .ofs_x = 0, .ofs_y = -2},
    {.bitmap_index = 5061, .adv_w = 108, .box_w = 5, .box_h = 4, .ofs_x = 1, .ofs_y = 13},
    {.bitmap_index = 5071, .adv_w = 189, .box_w = 11, .box_h = 12, .ofs_x = 0, .ofs_y = 0},
    {.bitmap_index = 5137, .adv_w = 206, .box_w = 11, .box_h = 16, .ofs_x = 1, .ofs_y = 0},
    {.bitmap_index = 5225, .adv_w = 192, .box_w = 10, .box_h = 12, .ofs_x = 1, .ofs_y = 0},
    {.bitmap_index = 5285, .adv_w = 206, .box_w = 11, .box_h = 16, .ofs_x = 1, .ofs_y = 0},
    {.bitmap_index = 5373, .adv_w = 196, .box_w = 11, .box_h = 12, .ofs_x = 1, .ofs_y = 0},
    {.bitmap_index = 5439, .adv_w = 124, .box_w = 8, .box_h = 17, .ofs_x = 0, .ofs_y = 0},
    {.bitmap_index = 5507, .adv_w = 206, .box_w = 11, .box_h = 16, .ofs_x = 1, .ofs_y = -4},
    {.bitmap_index = 5595, .adv_w = 199, .box_w = 10, .box_h = 16, .ofs_x = 1, .ofs_y = 0},
    {.bitmap_index = 5675, .adv_w = 81, .box_w = 3, .box_h = 17, .ofs_x = 1, .ofs_y = 0},
    {.bitmap_index = 5701, .adv_w = 81, .box_w = 5, .box_h = 21, .ofs_x = -1, .ofs_y = -4},
    {.bitmap_index = 5754, .adv_w = 184, .box_w = 11, .box_h = 16, .ofs_x = 1, .ofs_y = 0},
    {.bitmap_index = 5842, .adv_w = 81, .box_w = 3, .box_h = 16, .ofs_x = 1, .ofs_y = 0},
    {.bitmap_index = 5866, .adv_w = 294, .box_w = 16, .box_h = 12, .ofs_x = 1, .ofs_y = 0},
    {.bitmap_index = 5962, .adv_w = 199, .box_w = 10, .box_h = 12, .ofs_x = 1, .ofs_y = 0},
    {.bitmap_index = 6022, .adv_w = 201, .box_w = 11, .box_h = 12, .ofs_x = 1, .ofs_y = 0},
    {.bitmap_index = 6088, .adv_w = 206, .box_w = 11, .box_h = 16, .ofs_x = 1, .ofs_y = -4},
    {.bitmap_index = 6176, .adv_w = 206, .box_w = 11, .box_h = 16, .ofs_x = 1, .ofs_y = -4},
    {.bitmap_index = 6264, .adv_w = 126, .box_w = 7, .box_h = 12, .ofs_x = 1, .ofs_y = 0},
    {.bitmap_index = 6306, .adv_w = 177, .box_w = 10, .box_h = 12, .ofs_x = 1, .ofs_y = 0},
    {.bitmap_index = 6366, .adv_w = 110, .box_w = 7, .box_h = 15, .ofs_x = 0, .ofs_y = 0},
    {.bitmap_index = 6419, .adv_w = 199, .box_w = 10, .box_h = 12, .ofs_x = 1, .ofs_y = 0},
    {.bitmap_index = 6479, .adv_w = 189, .box_w = 12, .box_h = 12, .ofs_x = 0, .ofs_y = 0},
    {.bitmap_index = 6551, .adv_w = 275, .box_w = 17, .box_h = 12, .ofs_x = 0, .ofs_y = 0},
    {.bitmap_index = 6653, .adv_w = 183, .box_w = 11, .box_h = 12, .ofs_x = 0, .ofs_y = 0},
    {.bitmap_index = 6719, .adv_w = 189, .box_w = 12, .box_h = 16, .ofs_x = 0, .ofs_y = -4},
    {.bitmap_index = 6815, .adv_w = 186, .box_w = 10, .box_h = 12, .ofs_x = 1, .ofs_y = 0},
    {.bitmap_index = 6875, .adv_w = 143, .box_w = 7, .box_h = 20, .ofs_x = 1, .ofs_y = -3},
    {.bitmap_index = 6945, .adv_w = 112, .box_w = 3, .box_h = 26, .ofs_x = 2, .ofs_y = -5},
    {.bitmap_index = 6984, .adv_w = 143, .box_w = 7, .box_h = 20, .ofs_x = 1, .ofs_y = -3},
    {.bitmap_index = 7054, .adv_w = 222, .box_w = 12, .box_h = 4, .ofs_x = 1, .ofs_y = 4},
    {.bitmap_index = 7078, .adv_w = 95, .box_w = 0, .box_h = 0, .ofs_x = 0, .ofs_y = 0},
    {.bitmap_index = 7078, .adv_w = 97, .box_w = 4, .box_h = 16, .ofs_x = 1, .ofs_y = -4},
    {.bitmap_index = 7110, .adv_w = 192, .box_w = 10, .box_h = 16, .ofs_x = 1, .ofs_y = 0},
    {.bitmap_index = 7190, .adv_w = 205, .box_w = 11, .box_h = 16, .ofs_x = 1, .ofs_y = 0},
    {.bitmap_index = 7278, .adv_w = 243, .box_w = 13, .box_h = 14, .ofs_x = 1, .ofs_y = 0},
    {.bitmap_index = 7369, .adv_w = 185, .box_w = 12, .box_h = 16, .ofs_x = 0, .ofs_y = 0},
    {.bitmap_index = 7465, .adv_w = 91, .box_w = 3, .box_h = 19, .ofs_x = 1, .ofs_y = -3},
    {.bitmap_index = 7494, .adv_w = 191, .box_w = 10, .box_h = 19, .ofs_x = 1, .ofs_y = -3},
    {.bitmap_index = 7589, .adv_w = 199, .box_w = 8, .box_h = 3, .ofs_x = 2, .ofs_y = 14},
    {.bitmap_index = 7601, .adv_w = 307, .box_w = 17, .box_h = 16, .ofs_x = 1, .ofs_y = 0},
    {.bitmap_index = 7737, .adv_w = 152, .box_w = 9, .box_h = 9, .ofs_x = 0, .ofs_y = 7},
    {.bitmap_index = 7778, .adv_w = 196, .box_w = 11, .box_h = 10, .ofs_x = 1, .ofs_y = 2},
    {.bitmap_index = 7833, .adv_w = 222, .box_w = 9, .box_h = 5, .ofs_x = 2, .ofs_y = 3},
    {.bitmap_index = 7856, .adv_w = 224, .box_w = 12, .box_h = 14, .ofs_x = 1, .ofs_y = 3},
    {.bitmap_index = 7940, .adv_w = 160, .box_w = 6, .box_h = 2, .ofs_x = 2, .ofs_y = 14},
    {.bitmap_index = 7946, .adv_w = 153, .box_w = 8, .box_h = 7, .ofs_x = 1, .ofs_y = 9},
    {.bitmap_index = 7974, .adv_w = 222, .box_w = 10, .box_h = 11, .ofs_x = 2, .ofs_y = 1},
    {.bitmap_index = 8029, .adv_w = 148, .box_w = 8, .box_h = 9, .ofs_x = 1, .ofs_y = 9},
    {.bitmap_index = 8065, .adv_w = 150, .box_w = 8, .box_h = 9, .ofs_x = 1, .ofs_y = 9},
    {.bitmap_index = 8101, .adv_w = 108, .box_w = 5, .box_h = 3, .ofs_x = 1, .ofs_y = 13},
    {.bitmap_index = 8109, .adv_w = 197, .box_w = 12, .box_h = 16, .ofs_x = 1, .ofs_y = -4},
    {.bitmap_index = 8205, .adv_w = 202, .box_w = 10, .box_h = 16, .ofs_x = 1, .ofs_y = 0},
    {.bitmap_index = 8285, .adv_w = 97, .box_w = 4, .box_h = 3, .ofs_x = 1, .ofs_y = 6},
    {.bitmap_index = 8291, .adv_w = 90, .box_w = 5, .box_h = 6, .ofs_x = 1, .ofs_y = -5},
    {.bitmap_index = 8306, .adv_w = 102, .box_w = 5, .box_h = 9, .ofs_x = 1, .ofs_y = 9},
    {.bitmap_index = 8329, .adv_w = 162, .box_w = 10, .box_h = 9, .ofs_x = 0, .ofs_y = 7},
    {.bitmap_index = 8374, .adv_w = 196, .box_w = 12, .box_h = 10, .ofs_x = 0, .ofs_y = 2},
    {.bitmap_index = 8434, .adv_w = 270, .box_w = 16, .box_h = 16, .ofs_x = 0, .ofs_y = 0},
    {.bitmap_index = 8562, .adv_w = 285, .box_w = 17, .box_h = 17, .ofs_x = 0, .ofs_y = -1},
    {.bitmap_index = 8707, .adv_w = 296, .box_w = 17, .box_h = 17, .ofs_x = 1, .ofs_y = 0},
    {.bitmap_index = 8852, .adv_w = 172, .box_w = 9, .box_h = 16, .ofs_x = 1, .ofs_y = -4},
    {.bitmap_index = 8924, .adv_w = 232, .box_w = 14, .box_h = 21, .ofs_x = 0, .ofs_y = 0},
    {.bitmap_index = 9071, .adv_w = 232, .box_w = 14, .box_h = 21, .ofs_x = 0, .ofs_y = 0},
    {.bitmap_index = 9218, .adv_w = 232, .box_w = 14, .box_h = 21, .ofs_x = 0, .ofs_y = 0},
    {.bitmap_index = 9365, .adv_w = 232, .box_w = 14, .box_h = 21, .ofs_x = 0, .ofs_y = 0},
    {.bitmap_index = 9512, .adv_w = 232, .box_w = 14, .box_h = 20, .ofs_x = 0, .ofs_y = 0},
    {.bitmap_index = 9652, .adv_w = 232, .box_w = 14, .box_h = 23, .ofs_x = 0, .ofs_y = 0},
    {.bitmap_index = 9813, .adv_w = 334, .box_w = 20, .box_h = 16, .ofs_x = 0, .ofs_y = 0},
    {.bitmap_index = 9973, .adv_w = 245, .box_w = 14, .box_h = 20, .ofs_x = 1, .ofs_y = -4},
    {.bitmap_index = 10113, .adv_w = 202, .box_w = 11, .box_h = 21, .ofs_x = 1, .ofs_y = 0},
    {.bitmap_index = 10229, .adv_w = 202, .box_w = 11, .box_h = 21, .ofs_x = 1, .ofs_y = 0},
    {.bitmap_index = 10345, .adv_w = 202, .box_w = 11, .box_h = 21, .ofs_x = 1, .ofs_y = 0},
    {.bitmap_index = 10461, .adv_w = 202, .box_w = 11, .box_h = 20, .ofs_x = 1, .ofs_y = 0},
    {.bitmap_index = 10571, .adv_w = 90, .box_w = 4, .box_h = 21, .ofs_x = 0, .ofs_y = 0},
    {.bitmap_index = 10613, .adv_w = 90, .box_w = 5, .box_h = 21, .ofs_x = 1, .ofs_y = 0},
    {.bitmap_index = 10666, .adv_w = 90, .box_w = 8, .box_h = 21, .ofs_x = -1, .ofs_y = 0},
    {.bitmap_index = 10750, .adv_w = 90, .box_w = 8, .box_h = 20, .ofs_x = -1, .ofs_y = 0},
    {.bitmap_index = 10830, .adv_w = 247, .box_w = 15, .box_h = 16, .ofs_x = 0, .ofs_y = 0},
    {.bitmap_index = 10950, .adv_w = 253, .box_w = 13, .box_h = 21, .ofs_x = 1, .ofs_y = 0},
    {.bitmap_index = 11087, .adv_w = 257, .box_w = 14, .box_h = 21, .ofs_x = 1, .ofs_y = 0},
    {.bitmap_index = 11234, .adv_w = 257, .box_w = 14, .box_h = 21, .ofs_x = 1, .ofs_y = 0},
    {.bitmap_index = 11381, .adv_w = 257, .box_w = 14, .box_h = 21, .ofs_x = 1, .ofs_y = 0},
    {.bitmap_index = 11528, .adv_w = 257, .box_w = 14, .box_h = 21, .ofs_x = 1, .ofs_y = 0},
    {.bitmap_index = 11675, .adv_w = 257, .box_w = 14, .box_h = 21, .ofs_x = 1, .ofs_y = 0},
    {.bitmap_index = 11822, .adv_w = 222, .box_w = 10, .box_h = 11, .ofs_x = 2, .ofs_y = 1},
    {.bitmap_index = 11877, .adv_w = 257, .box_w = 14, .box_h = 18, .ofs_x = 1, .ofs_y = -1},
    {.bitmap_index = 12003, .adv_w = 250, .box_w = 13, .box_h = 21, .ofs_x = 1, .ofs_y = 0},
    {.bitmap_index = 12140, .adv_w = 250, .box_w = 13, .box_h = 21, .ofs_x = 1, .ofs_y = 0},
    {.bitmap_index = 12277, .adv_w = 250, .box_w = 13, .box_h = 21, .ofs_x = 1, .ofs_y = 0},
    {.bitmap_index = 12414, .adv_w = 250, .box_w = 13, .box_h = 21, .ofs_x = 1, .ofs_y = 0},
    {.bitmap_index = 12551, .adv_w = 228, .box_w = 14, .box_h = 21, .ofs_x = 0, .ofs_y = 0},
    {.bitmap_index = 12698, .adv_w = 214, .box_w = 11, .box_h = 16, .ofs_x = 1, .ofs_y = 0},
    {.bitmap_index = 12786, .adv_w = 207, .box_w = 11, .box_h = 16, .ofs_x = 1, .ofs_y = 0},
    {.bitmap_index = 12874, .adv_w = 189, .box_w = 11, .box_h = 17, .ofs_x = 0, .ofs_y = 0},
    {.bitmap_index = 12968, .adv_w = 189, .box_w = 11, .box_h = 17, .ofs_x = 0, .ofs_y = 0},
    {.bitmap_index = 13062, .adv_w = 189, .box_w = 11, .box_h = 17, .ofs_x = 0, .ofs_y = 0},
    {.bitmap_index = 13156, .adv_w = 189, .box_w = 11, .box_h = 17, .ofs_x = 0, .ofs_y = 0},
    {.bitmap_index = 13250, .adv_w = 189, .box_w = 11, .box_h = 17, .ofs_x = 0, .ofs_y = 0},
    {.bitmap_index = 13344, .adv_w = 189, .box_w = 11, .box_h = 19, .ofs_x = 0, .ofs_y = 0},
    {.bitmap_index = 13449, .adv_w = 308, .box_w = 19, .box_h = 12, .ofs_x = 0, .ofs_y = 0},
    {.bitmap_index = 13563, .adv_w = 192, .box_w = 10, .box_h = 16, .ofs_x = 1, .ofs_y = -4},
    {.bitmap_index = 13643, .adv_w = 196, .box_w = 11, .box_h = 17, .ofs_x = 1, .ofs_y = 0},
    {.bitmap_index = 13737, .adv_w = 196, .box_w = 11, .box_h = 17, .ofs_x = 1, .ofs_y = 0},
    {.bitmap_index = 13831, .adv_w = 196, .box_w = 11, .box_h = 17, .ofs_x = 1, .ofs_y = 0},
    {.bitmap_index = 13925, .adv_w = 196, .box_w = 11, .box_h = 17, .ofs_x = 1, .ofs_y = 0},
    {.bitmap_index = 14019, .adv_w = 81, .box_w = 5, .box_h = 17, .ofs_x = -1, .ofs_y = 0},
    {.bitmap_index = 14062, .adv_w = 81, .box_w = 5, .box_h = 17, .ofs_x = 1, .ofs_y = 0},
    {.bitmap_index = 14105, .adv_w = 81, .box_w = 7, .box_h = 17, .ofs_x = -1, .ofs_y = 0},
    {.bitmap_index = 14165, .adv_w = 81, .box_w = 7, .box_h = 17, .ofs_x = -1, .ofs_y = 0},
    {.bitmap_index = 14225, .adv_w = 196, .box_w = 11, .box_h = 18, .ofs_x = 1, .ofs_y = 0},
    {.bitmap_index = 14324, .adv_w = 199, .box_w = 10, .box_h = 17, .ofs_x = 1, .ofs_y = 0},
    {.bitmap_index = 14409, .adv_w = 201, .box_w = 11, .box_h = 17, .ofs_x = 1, .ofs_y = 0},
    {.bitmap_index = 14503, .adv_w = 201, .box_w = 11, .box_h = 17, .ofs_x = 1, .ofs_y = 0},
    {.bitmap_index = 14597, .adv_w = 201, .box_w = 11, .box_h = 17, .ofs_x = 1, .ofs_y = 0},
    {.bitmap_index = 14691, .adv_w = 201, .box_w = 11, .box_h = 17, .ofs_x = 1, .ofs_y = 0},
    {.bitmap_index = 14785, .adv_w = 201, .box_w = 11, .box_h = 17, .ofs_x = 1, .ofs_y = 0},
    {.bitmap_index = 14879, .adv_w = 222, .box_w = 10, .box_h = 11, .ofs_x = 2, .ofs_y = 1},
    {.bitmap_index = 14934, .adv_w = 201, .box_w = 12, .box_h = 14, .ofs_x = 0, .ofs_y = -1},
    {.bitmap_index = 15018, .adv_w = 199, .box_w = 10, .box_h = 17, .ofs_x = 1, .ofs_y = 0},
    {.bitmap_index = 15103, .adv_w = 199, .box_w = 10, .box_h = 17, .ofs_x = 1, .ofs_y = 0},
    {.bitmap_index = 15188, .adv_w = 199, .box_w = 10, .box_h = 17, .ofs_x = 1, .ofs_y = 0},
    {.bitmap_index = 15273, .adv_w = 199, .box_w = 10, .box_h = 17, .ofs_x = 1, .ofs_y = 0},
    {.bitmap_index = 15358, .adv_w = 189, .box_w = 12, .box_h = 21, .ofs_x = 0, .ofs_y = -4},
    {.bitmap_index = 15484, .adv_w = 206, .box_w = 11, .box_h = 20, .ofs_x = 1, .ofs_y = -4},
    {.bitmap_index = 15594, .adv_w = 189, .box_w = 12, .box_h = 21, .ofs_x = 0, .ofs_y = -4},
    {.bitmap_index = 15720, .adv_w = 183, .box_w = 0, .box_h = 0, .ofs_x = 0, .ofs_y = 0},
    {.bitmap_index = 15720, .adv_w = 367, .box_w = 0, .box_h = 0, .ofs_x = 0, .ofs_y = 0},
    {.bitmap_index = 15720, .adv_w = 168, .box_w = 0, .box_h = 0, .ofs_x = 0, .ofs_y = 0},
    {.bitmap_index = 15720, .adv_w = 336, .box_w = 0, .box_h = 0, .ofs_x = 0, .ofs_y = 0},
    {.bitmap_index = 15720, .adv_w = 112, .box_w = 0, .box_h = 0, .ofs_x = 0, .ofs_y = 0},
    {.bitmap_index = 15720, .adv_w = 84, .box_w = 0, .box_h = 0, .ofs_x = 0, .ofs_y = 0},
    {.bitmap_index = 15720, .adv_w = 56, .box_w = 0, .box_h = 0, .ofs_x = 0, .ofs_y = 0},
    {.bitmap_index = 15720, .adv_w = 218, .box_w = 0, .box_h = 0, .ofs_x = 0, .ofs_y = 0},
    {.bitmap_index = 15720, .adv_w = 97, .box_w = 0, .box_h = 0, .ofs_x = 0, .ofs_y = 0},
    {.bitmap_index = 15720, .adv_w = 61, .box_w = 0, .box_h = 0, .ofs_x = 0, .ofs_y = 0},
    {.bitmap_index = 15720, .adv_w = 31, .box_w = 0, .box_h = 0, .ofs_x = 0, .ofs_y = 0},
    {.bitmap_index = 15720, .adv_w = 0, .box_w = 0, .box_h = 0, .ofs_x = 0, .ofs_y = 0},
    {.bitmap_index = 15720, .adv_w = 120, .box_w = 8, .box_h = 2, .ofs_x = 0, .ofs_y = 6},
    {.bitmap_index = 15728, .adv_w = 120, .box_w = 8, .box_h = 2, .ofs_x = 0, .ofs_y = 6},
    {.bitmap_index = 15736, .adv_w = 218, .box_w = 13, .box_h = 2, .ofs_x = 0, .ofs_y = 6},
    {.bitmap_index = 15749, .adv_w = 168, .box_w = 11, .box_h = 2, .ofs_x = 0, .ofs_y = 6},
    {.bitmap_index = 15760, .adv_w = 336, .box_w = 21, .box_h = 2, .ofs_x = 0, .ofs_y = 6},
    {.bitmap_index = 15781, .adv_w = 336, .box_w = 21, .box_h = 2, .ofs_x = 0, .ofs_y = 6},
    {.bitmap_index = 15802, .adv_w = 161, .box_w = 6, .box_h = 26, .ofs_x = 2, .ofs_y = -5},
    {.bitmap_index = 15880, .adv_w = 152, .box_w = 11, .box_h = 5, .ofs_x = -1, .ofs_y = -4},
    {.bitmap_index = 15908, .adv_w = 88, .box_w = 4, .box_h = 7, .ofs_x = 1, .ofs_y = 9},
    {.bitmap_index = 15922, .adv_w = 88, .box_w = 4, .box_h = 7, .ofs_x = 1, .ofs_y = 10},
    {.bitmap_index = 15936, .adv_w = 81, .box_w = 4, .box_h = 7, .ofs_x = 1, .ofs_y = -4},
    {.bitmap_index = 15950, .adv_w = 88, .box_w = 4, .box_h = 7, .ofs_x = 0, .ofs_y = 9},
    {.bitmap_index = 15964, .adv_w = 148, .box_w = 8, .box_h = 7, .ofs_x = 1, .ofs_y = 9},
    {.bitmap_index = 15992, .adv_w = 148, .box_w = 8, .box_h = 7, .ofs_x = 1, .ofs_y = 10},
    {.bitmap_index = 16020, .adv_w = 141, .box_w = 8, .box_h = 7, .ofs_x = 1, .ofs_y = -4},
    {.bitmap_index = 16048, .adv_w = 148, .box_w = 8, .box_h = 7, .ofs_x = 0, .ofs_y = 9},
    {.bitmap_index = 16076, .adv_w = 165, .box_w = 9, .box_h = 12, .ofs_x = 1, .ofs_y = 4},
    {.bitmap_index = 16130, .adv_w = 165, .box_w = 9, .box_h = 16, .ofs_x = 1, .ofs_y = 0},
    {.bitmap_index = 16202, .adv_w = 189, .box_w = 8, .box_h = 7, .ofs_x = 2, .ofs_y = 3},
    {.bitmap_index = 16230, .adv_w = 189, .box_w = 7, .box_h = 8, .ofs_x = 3, .ofs_y = 2},
    {.bitmap_index = 16258, .adv_w = 97, .box_w = 4, .box_h = 3, .ofs_x = 1, .ofs_y = 0},
    {.bitmap_index = 16264, .adv_w = 194, .box_w = 10, .box_h = 3, .ofs_x = 1, .ofs_y = 0},
    {.bitmap_index = 16279, .adv_w = 290, .box_w = 16, .box_h = 3, .ofs_x = 1, .ofs_y = 0},
    {.bitmap_index = 16303, .adv_w = 97, .box_w = 4, .box_h = 3, .ofs_x = 1, .ofs_y = 6},
    {.bitmap_index = 16309, .adv_w = 61, .box_w = 0, .box_h = 0, .ofs_x = 0, .ofs_y = 0},
    {.bitmap_index = 16309, .adv_w = 449, .box_w = 24, .box_h = 16, .ofs_x = 2, .ofs_y = 0},
    {.bitmap_index = 16501, .adv_w = 567, .box_w = 32, .box_h = 16, .ofs_x = 2, .ofs_y = 0},
    {.bitmap_index = 16757, .adv_w = 75, .box_w = 3, .box_h = 6, .ofs_x = 1, .ofs_y = 10},
    {.bitmap_index = 16766, .adv_w = 149, .box_w = 8, .box_h = 6, .ofs_x = 1, .ofs_y = 10},
    {.bitmap_index = 16790, .adv_w = 222, .box_w = 12, .box_h = 6, .ofs_x = 1, .ofs_y = 10},
    {.bitmap_index = 16826, .adv_w = 75, .box_w = 3, .box_h = 6, .ofs_x = 1, .ofs_y = 10},
    {.bitmap_index = 16835, .adv_w = 149, .box_w = 8, .box_h = 6, .ofs_x = 1, .ofs_y = 10},
    {.bitmap_index = 16859, .adv_w = 222, .box_w = 12, .box_h = 6, .ofs_x = 1, .ofs_y = 10},
    {.bitmap_index = 16895, .adv_w = 153, .box_w = 9, .box_h = 5, .ofs_x = 0, .ofs_y = -6},
    {.bitmap_index = 16918, .adv_w = 129, .box_w = 7, .box_h = 10, .ofs_x = 1, .ofs_y = 2},
    {.bitmap_index = 16953, .adv_w = 129, .box_w = 8, .box_h = 10, .ofs_x = 0, .ofs_y = 2},
    {.bitmap_index = 16993, .adv_w = 215, .box_w = 12, .box_h = 12, .ofs_x = 1, .ofs_y = 1},
    {.bitmap_index = 17065, .adv_w = 193, .box_w = 10, .box_h = 16, .ofs_x = 1, .ofs_y = 0},
    {.bitmap_index = 17145, .adv_w = 170, .box_w = 10, .box_h = 16, .ofs_x = 0, .ofs_y = 0},
    {.bitmap_index = 17225, .adv_w = 181, .box_w = 11, .box_h = 2, .ofs_x = 0, .ofs_y = 17},
    {.bitmap_index = 17236, .adv_w = 274, .box_w = 17, .box_h = 4, .ofs_x = 0, .ofs_y = -5},
    {.bitmap_index = 17270, .adv_w = 274, .box_w = 17, .box_h = 5, .ofs_x = 0, .ofs_y = 12},
    {.bitmap_index = 17313, .adv_w = 152, .box_w = 9, .box_h = 13, .ofs_x = 0, .ofs_y = -6},
    {.bitmap_index = 17372, .adv_w = 243, .box_w = 13, .box_h = 14, .ofs_x = 1, .ofs_y = 1},
    {.bitmap_index = 17463, .adv_w = 189, .box_w = 6, .box_h = 2, .ofs_x = 3, .ofs_y = 5},
    {.bitmap_index = 17469, .adv_w = 64, .box_w = 14, .box_h = 16, .ofs_x = -5, .ofs_y = 0},
    {.bitmap_index = 17581, .adv_w = 123, .box_w = 5, .box_h = 20, .ofs_x = 2, .ofs_y = -3},
    {.bitmap_index = 17631, .adv_w = 123, .box_w = 5, .box_h = 20, .ofs_x = 1, .ofs_y = -3},
    {.bitmap_index = 17681, .adv_w = 344, .box_w = 21, .box_h = 16, .ofs_x = 0, .ofs_y = 0},
    {.bitmap_index = 17849, .adv_w = 268, .box_w = 16, .box_h = 16, .ofs_x = 0, .ofs_y = 0},
    {.bitmap_index = 17977, .adv_w = 268, .box_w = 15, .box_h = 16, .ofs_x = 1, .ofs_y = 0},
    {.bitmap_index = 18097, .adv_w = 149, .box_w = 8, .box_h = 16, .ofs_x = 1, .ofs_y = -4},
    {.bitmap_index = 18161, .adv_w = 202, .box_w = 11, .box_h = 16, .ofs_x = 1, .ofs_y = 0},
    {.bitmap_index = 18249, .adv_w = 199, .box_w = 10, .box_h = 9, .ofs_x = 1, .ofs_y = 2},
    {.bitmap_index = 18294, .adv_w = 199, .box_w = 10, .box_h = 9, .ofs_x = 1, .ofs_y = 2},
    {.bitmap_index = 18339, .adv_w = 168, .box_w = 9, .box_h = 9, .ofs_x = 1, .ofs_y = -1},
    {.bitmap_index = 18380, .adv_w = 101, .box_w = 5, .box_h = 15, .ofs_x = 1, .ofs_y = -4},
    {.bitmap_index = 18418, .adv_w = 273, .box_w = 17, .box_h = 23, .ofs_x = 0, .ofs_y = -6},
    {.bitmap_index = 18614, .adv_w = 181, .box_w = 9, .box_h = 20, .ofs_x = 2, .ofs_y = -4},
    {.bitmap_index = 18704, .adv_w = 248, .box_w = 14, .box_h = 16, .ofs_x = 1, .ofs_y = 0},
    {.bitmap_index = 18816, .adv_w = 244, .box_w = 13, .box_h = 4, .ofs_x = 1, .ofs_y = 6},
    {.bitmap_index = 18842, .adv_w = 274, .box_w = 17, .box_h = 5, .ofs_x = 0, .ofs_y = -5},
    {.bitmap_index = 18885, .adv_w = 185, .box_w = 10, .box_h = 10, .ofs_x = 1, .ofs_y = 1},
    {.bitmap_index = 18935, .adv_w = 296, .box_w = 17, .box_h = 6, .ofs_x = 1, .ofs_y = 10},
    {.bitmap_index = 18986, .adv_w = 95, .box_w = 0, .box_h = 0, .ofs_x = 0, .ofs_y = 0}
};

/*---------------------
 *  CHARACTER MAPPING
 *--------------------*/

static const uint16_t unicode_list_6[] = {
    0x00, 0x08
};

/*Collect the unicode lists and glyph_id offsets*/
static const lv_font_fmt_txt_cmap_t cmaps[] =
{
    {
        .range_start = 32, .range_length = 95, .glyph_id_start = 1,
        .unicode_list = NULL, .glyph_id_ofs_list = NULL, .list_length = 0, .type = LV_FONT_FMT_TXT_CMAP_FORMAT0_TINY
    },
    {
        .range_start = 160, .range_length = 13, .glyph_id_start = 96,
        .unicode_list = NULL, .glyph_id_ofs_list = NULL, .list_length = 0, .type = LV_FONT_FMT_TXT_CMAP_FORMAT0_TINY
    },
    {
        .range_start = 174, .range_length = 82, .glyph_id_start = 109,
        .unicode_list = NULL, .glyph_id_ofs_list = NULL, .list_length = 0, .type = LV_FONT_FMT_TXT_CMAP_FORMAT0_TINY
    },
    {
        .range_start = 8192, .range_length = 12, .glyph_id_start = 191,
        .unicode_list = NULL, .glyph_id_ofs_list = NULL, .list_length = 0, .type = LV_FONT_FMT_TXT_CMAP_FORMAT0_TINY
    },
    {
        .range_start = 8208, .range_length = 24, .glyph_id_start = 203,
        .unicode_list = NULL, .glyph_id_ofs_list = NULL, .list_length = 0, .type = LV_FONT_FMT_TXT_CMAP_FORMAT0_TINY
    },
    {
        .range_start = 8239, .range_length = 39, .glyph_id_start = 227,
        .unicode_list = NULL, .glyph_id_ofs_list = NULL, .list_length = 0, .type = LV_FONT_FMT_TXT_CMAP_FORMAT0_TINY
    },
    {
        .range_start = 8279, .range_length = 9, .glyph_id_start = 266,
        .unicode_list = unicode_list_6, .glyph_id_ofs_list = NULL, .list_length = 2, .type = LV_FONT_FMT_TXT_CMAP_SPARSE_TINY
    }
};

/*-----------------
 *    KERNING
 *----------------*/

/*Map glyph_ids to kern left classes*/
static const uint8_t kern_left_class_mapping[] =
{
    0, 0, 0, 1, 0, 0, 2, 3,
    1, 4, 5, 6, 7, 8, 7, 8,
    9, 10, 11, 12, 13, 14, 15, 16,
    17, 13, 10, 18, 18, 0, 19, 20,
    0, 21, 0, 0, 0, 0, 0, 0,
    0, 0, 0, 0, 0, 0, 0, 0,
    0, 0, 0, 0, 0, 0, 0, 0,
    0, 0, 0, 0, 4, 22, 5, 6,
    23, 0, 0, 0, 0, 0, 0, 0,
    0, 0, 0, 0, 0, 0, 0, 0,
    0, 0, 0, 0, 0, 0, 0, 0,
    0, 0, 0, 0, 4, 11, 5, 7,
    0, 24, 25, 0, 0, 0, 0, 0,
    0, 21, 0, 0, 0, 26, 0, 6,
    19, 0, 0, 0, 27, 11, 28, 0,
    0, 0, 29, 0, 0, 0, 30, 0,
    0, 0, 0, 0, 0, 0, 0, 0,
    0, 0, 0, 0, 0, 0, 0, 0,
    0, 0, 0, 0, 0, 0, 31, 0,
    0, 0, 0, 0, 0, 0, 0, 0,
    0, 0, 0, 0, 0, 0, 0, 0,
    0, 0, 0, 0, 0, 0, 0, 0,
    0, 0, 0, 0, 0, 0, 7, 0,
    0, 0, 0, 0, 0, 0, 0, 0,
    0, 0, 0, 0, 0, 0, 0, 0,
    0, 0, 0, 0, 0, 0, 0, 0,
    0, 0, 0, 32, 33, 34, 0, 32,
    33, 34, 0, 35, 35, 31, 31, 0,
    0, 36, 0, 0, 0, 0, 0, 0,
    33, 0, 0, 0, 0, 0, 29, 0,
    0, 0, 0, 0, 0, 0, 0, 31,
    0, 0, 0, 0, 0, 0, 0, 37,
    38, 31, 0, 18, 0, 0, 0, 0,
    0, 0, 0, 0
};

/*Map glyph_ids to kern right classes*/
static const uint8_t kern_right_class_mapping[] =
{
    0, 0, 0, 1, 2, 0, 0, 3,
    1, 0, 4, 5, 6, 7, 6, 8,
    9, 10, 11, 12, 13, 14, 15, 10,
    16, 17, 18, 19, 19, 20, 21, 0,
    22, 23, 0, 0, 0, 0, 0, 0,
    0, 0, 0, 0, 0, 0, 0, 0,
    0, 0, 0, 0, 0, 0, 0, 0,
    0, 0, 0, 0, 0, 24, 4, 5,
    25, 0, 0, 0, 0, 0, 0, 0,
    0, 0, 0, 0, 0, 0, 0, 0,
    0, 0, 0, 0, 0, 0, 0, 0,
    0, 0, 0, 0, 0, 26, 4, 27,
    0, 0, 28, 0, 0, 0, 0, 0,
    0, 23, 0, 29, 30, 31, 0, 5,
    21, 0, 0, 0, 32, 33, 6, 0,
    0, 0, 34, 0, 0, 0, 35, 0,
    0, 0, 0, 0, 0, 0, 0, 0,
    0, 0, 0, 0, 0, 0, 0, 0,
    0, 0, 0, 0, 0, 0, 34, 0,
    0, 0, 0, 0, 0, 0, 0, 0,
    0, 0, 0, 0, 0, 0, 0, 0,
    0, 0, 0, 0, 0, 0, 0, 0,
    0, 0, 0, 0, 0, 0, 6, 0,
    0, 0, 0, 0, 0, 0, 0, 0,
    0, 0, 0, 0, 0, 0, 0, 0,
    0, 0, 0, 0, 0, 0, 0, 0,
    0, 0, 0, 36, 37, 38, 39, 36,
    37, 38, 40, 41, 41, 34, 34, 0,
    0, 42, 0, 0, 0, 0, 0, 0,
    37, 0, 0, 0, 0, 29, 34, 0,
    0, 22, 0, 0, 0, 0, 0, 34,
    43, 0, 0, 0, 0, 0, 44, 26,
    34, 45, 0, 19, 0, 0, 0, 0,
    0, 0, 0, 0
};

/*Kern values between classes*/
static const int8_t kern_class_values[] =
{
    0, 0, -11, 0, 0, 0, -28, -28,
    0, 0, 0, 0, 0, -21, 0, 0,
    0, 0, 0, 0, 0, 0, 0, 0,
    0, 0, 0, -5, 0, 0, 0, 0,
    0, 0, 0, 0, 0, 0, 0, 0,
    0, -28, 0, 0, 0, 0, 0, 0,
    0, 0, 0, 0, 0, 0, 0, 0,
    0, 0, 0, 0, 0, 0, 0, 0,
    0, 0, 0, 0, 0, 0, 0, 0,
    0, 0, 0, 0, 0, 0, 0, 0,
    -21, -23, 0, 0, 0, 0, 0, 0,
    0, 0, -11, 0, 0, 0, 0, 0,
    0, 0, 0, 0, 0, 0, 0, 0,
    0, 0, 0, 0, 0, 0, 0, 0,
    0, -21, 0, 0, 0, 0, 0, 0,
    -8, 0, 0, 0, 0, -31, 0, 0,
    0, 0, -13, 0, 0, 0, 0, 0,
    0, 0, 0, 0, 0, 0, 0, 0,
    0, 0, 0, 0, 0, 0, 0, 0,
    0, 0, 0, 0, 0, 0, 0, 0,
    0, 0, -4, 0, 0, 0, 0, 0,
    0, 0, 0, 0, 0, 0, 0, 0,
    0, 0, 0, 0, 0, 0, 0, 0,
    0, 0, 0, 0, 0, 0, 0, 0,
    0, 0, 0, 0, 0, 0, 0, 0,
    0, 0, 0, 0, 0, 0, 0, 0,
    0, 0, 0, 0, 0, 0, 0, -11,
    0, 0, 0, 0, 0, 0, 0, 0,
    0, 0, 0, -11, 0, 0, 0, -46,
    -46, 0, 0, 0, 0, 0, -15, 0,
    0, 0, 0, 0, 0, 0, 0, -4,
    0, -23, 0, 0, 0, 0, 0, 0,
    0, 0, 0, 0, 0, 0, 0, 0,
    0, 0, -46, 0, 0, 0, 0, 0,
    0, 0, 0, 0, 0, 0, 0, 0,
    0, -11, -4, 0, 0, -8, 0, 0,
    0, 0, 0, 0, 0, -17, 0, 0,
    0, 0, 0, 0, 0, 0, -6, 0,
    0, -21, 0, 0, 0, 0, 0, 0,
    0, 0, 0, -28, 0, 0, 0, 0,
    0, 0, 0, 0, -9, -29, 0, -9,
    0, -5, -5, -8, -2, 0, 0, 0,
    -30, -15, 0, 0, 0, 0, 0, 0,
    0, 0, 0, -17, 0, 0, 0, -19,
    0, -46, -46, 0, 0, 0, 0, 0,
    0, 0, 0, 0, 0, 0, -13, -13,
    0, 0, 0, 0, 0, 0, 0, 0,
    0, 0, 0, 0, 0, 0, 0, 0,
    0, 0, 0, 0, 0, 0, 0, 0,
    0, 0, 0, 0, 0, 0, 0, 0,
    0, -13, 0, 0, 0, 0, 0, 0,
    0, 0, 0, -9, -9, 0, 0, 0,
    0, 0, 0, 0, -7, 0, 0, 0,
    0, 0, 0, 0, -3, -15, 0, 0,
    0, 0, 0, 0, 0, 0, 0, 0,
    -15, 0, -17, 0, 0, 0, -9, 0,
    5, 0, 0, 0, 0, 0, 0, 0,
    0, 0, 0, 0, 0, 0, 0, 0,
    0, 0, 0, 0, 0, 0, 0, 0,
    0, 0, 0, 0, 0, 0, 0, 0,
    0, 0, 0, 0, 0, 0, 0, 0,
    0, 0, 0, 0, 0, 5, 0, 0,
    0, 0, 0, 0, 0, 0, 0, 0,
    0, 0, 0, 0, -5, 0, 0, 0,
    0, 0, 0, 0, 0, 0, 0, 0,
    0, 0, 0, 0, 0, 0, 0, 0,
    0, 0, 0, 0, 0, 0, 0, 0,
    0, 0, 0, 0, 0, 0, 0, 0,
    -5, 0, -8, -8, 0, 0, 0, 0,
    0, 0, 0, 0, 0, 0, 0, 0,
    0, 0, 0, 0, 0, 0, 0, 0,
    -11, 0, 0, 0, 0, 0, 0, 0,
    0, -17, 0, 0, 0, -8, 0, 0,
    0, 0, 0, 0, 0, -7, 0, -11,
    -11, 0, 0, -7, 0, 0, 0, 0,
    0, 0, 0, 0, 0, 0, 0, 0,
    0, 0, 0, 0, 0, 0, 0, -2,
    0, -13, 0, 0, 0, 0, 0, 0,
    0, 0, -11, 0, 0, 0, 0, 0,
    0, 0, 0, 0, -9, -9, 0, 0,
    0, 0, 0, 0, 0, 0, 0, 0,
    0, 0, 0, 0, 0, 0, 0, 0,
    0, 0, 0, 0, -2, 0, 0, 0,
    0, 0, 0, 0, 0, 0, 0, -9,
    0, 0, 0, 0, 0, 0, 0, 0,
    0, -11, -11, 0, 0, 0, 0, 0,
    0, 0, 0, 0, 0, 0, 0, 0,
    0, 0, 0, -15, 0, 0, 0, 0,
    0, 0, 0, 0, 0, 0, 0, 0,
    -15, 0, 0, 0, -11, 0, 0, 0,
    0, -19, -15, 0, 0, 0, -42, -42,
    0, -5, 0, 0, -6, -20, -3, 7,
    -5, -3, -11, -31, 0, 0, 0, 0,
    -53, 0, 0, -17, -21, 0, 0, 0,
    0, 0, 0, 0, 0, -48, 0, 0,
    0, -42, 0, 0, -17, 0, 0, 0,
    0, 0, 0, 0, 0, 0, 0, 0,
    0, 0, 0, 0, 0, 0, 0, 0,
    0, 0, 0, 0, -21, 0, 0, 0,
    0, 0, 0, 0, 0, 0, 0, 0,
    -15, 0, 0, 0, 0, 0, 0, 0,
    0, 0, 0, 0, 0, 0, 0, 0,
    0, 0, 0, 0, 0, 0, 0, 0,
    0, 0, 0, 0, 0, 0, 0, 0,
    0, -23, 0, 0, 0, 0, 0, 0,
    0, 0, 0, 0, 0, -19, 0, 0,
    0, 0, 0, 0, 0, 0, 0, 0,
    0, 0, 0, 0, 0, 0, 0, 0,
    0, 0, 0, 0, 0, 0, -25, 0,
    0, 0, 0, 0, 0, 0, -25, 0,
    0, 0, 0, 0, 0, 0, 0, 0,
    0, 0, -32, 0, 0, 0, 0, 0,
    0, 0, 0, 0, 0, 0, 0, 0,
    0, 0, -15, -15, -13, 0, 0, 0,
    0, 0, 0, 0, 0, 0, 0, 0,
    0, 0, 0, -11, -13, 0, 0, 0,
    0, 0, -2, 0, 0, 0, 0, -11,
    0, -13, 0, 0, 0, -15, 0, 0,
    0, -27, 0, 0, 0, -27, -11, 0,
    0, 7, 0, -11, 0, 0, 0, 0,
    0, 0, 0, 0, 0, -17, -21, -11,
    -16, 0, 0, -11, 0, -11, -11, -24,
    0, -16, -11, 0, -14, -19, 0, 0,
    0, -25, 0, -2, -7, 0, 0, 0,
    0, 0, -23, 0, 0, 0, 0, -15,
    -36, 0, -15, -19, -15, 0, -15, -15,
    0, 0, 0, 0, -13, -27, 0, 11,
    0, 0, 0, 0, 0, 0, -15, 0,
    0, -13, 0, 0, 0, 0, 0, 0,
    0, 0, 11, 0, 0, 0, 0, 0,
    0, 0, 0, 0, 0, 0, 0, 0,
    0, 0, 0, 0, 0, 0, 0, 0,
    0, 0, -11, 0, 0, 0, 0, 0,
    0, 0, 0, 0, 0, 0, -11, 0,
    0, 0, 0, 0, 0, 0, 0, 0,
    -5, 0, 0, -4, 0, 0, 0, 0,
    0, 0, -11, 0, 0, 0, 0, 0,
    0, 0, 0, 0, 0, 0, 0, -17,
    0, 0, 0, 0, 0, 0, -4, 0,
    0, 0, 0, -21, -8, 0, 0, 0,
    -11, 0, 0, 0, 0, 0, 0, -11,
    0, 0, 0, 0, 0, 0, 0, 0,
    0, 0, -17, 0, 0, 0, 0, 0,
    0, 0, 0, -2, 0, 0, 0, 0,
    -10, 0, 0, 0, 0, 0, 0, 0,
    0, 0, 0, 0, 0, 0, 0, 0,
    0, 0, 0, 0, 0, 0, 0, -13,
    0, 0, -11, 0, 0, 0, 0, 0,
    0, 0, 0, 0, 0, -13, 0, 0,
    0, 0, -11, 0, -13, 0, 0, -11,
    0, 0, 0, 0, 0, -17, 5, 0,
    0, 0, 0, 0, 0, 0, 0, 0,
    0, 0, 0, 0, 0, 0, 0, 0,
    0, 0, -11, -4, 0, 0, -8, 0,
    0, 0, 0, 0, 0, 0, -13, 0,
    0, 0, 0, 0, 0, 0, 0, -6,
    0, 0, -21, 0, 0, 0, 0, 0,
    0, 0, 0, 0, 0, 0, 0, 0,
    0, 0, 0, 0, 0, 0, -13, -17,
    -15, 0, 0, -17, -11, 0, 0, 0,
    0, 0, 0, -21, 0, 0, 0, 0,
    0, 0, 0, 0, 0, 0, 0, -29,
    0, 0, 0, 0, 0, 0, 0, 0,
    0, 0, 0, 0, 0, 0, 0, 0,
    0, 0, 0, 0, 0, 0, 0, 0,
    0, 0, 0, 0, 0, 0, 0, 0,
    -26, 0, 0, 0, 0, 0, 0, 0,
    0, 0, 0, 0, -21, -11, 0, 0,
    0, 0, 0, 0, 0, 0, 0, 0,
    0, 0, 0, 0, 0, 0, 0, 0,
    0, 0, 0, 0, 0, 0, 0, 0,
    0, 0, 0, 0, 0, -13, 0, 0,
    0, 0, 0, 0, 0, 0, 0, 0,
    0, 0, 0, 0, 0, 0, 0, 0,
    0, 0, 0, 0, 0, -21, 0, 0,
    0, -29, -29, -32, 0, 0, 0, 0,
    -21, 0, 0, 0, 0, 0, 0, 0,
    0, 0, 0, 0, 0, 0, -13, 0,
    0, 0, 0, 0, 0, -21, 0, 0,
    -21, 0, 0, 0, -29, 0, 0, 0,
    0, -42, -23, 0, 0, -21, -33, -33,
    -48, -15, 0, 0, 0, -32, 0, -21,
    -13, 0, -19, -32, -19, 0, -19, 0,
    -13, 0, -15, -21, -29, -21, 0, -15,
    -4, 0, -23, 0, 0, 0, 0, 0,
    0, -33, 0, 5, -7, 0, 0, 0,
    0, 0, 0, 0, 0, 0, 0, -23,
    0, 0, 0, 0, 0, 0, 0, 0,
    0, 0, 0, 0, -31, 0, 0, 0,
    0, 0, 0, 0, 0, 0, 0, 0,
    -42, -32, 0, 0, 0, 0, 0, 0,
    0, 0, 0, 0, -13, 0, 0, 0,
    0, 0, 0, 0, 0, 0, 0, 0,
    0, 0, 0, 0, 0, 0, 0, 0,
    0, 0, 0, 0, 0, -11, 0, 0,
    0, 0, 0, 0, 0, 0, 0, 0,
    0, 0, 0, 0, 0, 0, 0, -28,
    0, 0, 0, 0, 0, 0, 0, 0,
    -9, -29, 0, -9, 0, -5, -5, -8,
    -2, 0, 0, 0, -30, -15, 0, 0,
    0, 0, 0, 0, 0, 0, 0, -17,
    0, 0, 0, -19, 0, -46, -61, 0,
    0, 0, 0, 0, 0, 0, -11, 0,
    0, -15, -13, -11, 0, 0, 0, 0,
    0, 0, 0, 0, 0, 0, 0, 0,
    0, 0, 0, 0, 0, 0, -15, -2,
    0, -15, 0, 0, 0, 0, 0, 0,
    0, -48, 0, 0, 0, -32, 0, 0,
    0, 0, 0, 0, 0, 0, 0, 0,
    0, 0, 0, -13, 0, 0, 0, 0,
    0, 0, 0, 0, 0, 0, 0, 0,
    -17, 0, 0, 0, 0, 0, 0, -3,
    0, 0, 0, 0, -15, -7, 0, 0,
    0, 0, 0, 0, 0, 0
};

/*Collect the kern class' data in one place*/
static const lv_font_fmt_txt_kern_classes_t kern_classes =
{
    .class_pair_values   = kern_class_values,
    .left_class_mapping  = kern_left_class_mapping,
    .right_class_mapping = kern_right_class_mapping,
    .left_class_cnt      = 38,
    .right_class_cnt     = 45,
};

/*--------------------
 *  ALL CUSTOM DATA
 *--------------------*/

#if LVGL_VERSION_MAJOR == 8
/*Store all the custom data of the font*/
static  lv_font_fmt_txt_glyph_cache_t cache;
#endif

#if LVGL_VERSION_MAJOR >= 8
static const lv_font_fmt_txt_dsc_t font_dsc = {
#else
static lv_font_fmt_txt_dsc_t font_dsc = {
#endif
    .glyph_bitmap = glyph_bitmap,
    .glyph_dsc = glyph_dsc,
    .cmaps = cmaps,
    .kern_dsc = &kern_classes,
    .kern_scale = 16,
    .cmap_num = 7,
    .bpp = 4,
    .kern_classes = 1,
    .bitmap_format = 0,
#if LVGL_VERSION_MAJOR == 8
    .cache = &cache
#endif

};



/*-----------------
 *  PUBLIC FONT
 *----------------*/

/*Initialize a public general font descriptor*/
#if LVGL_VERSION_MAJOR >= 8
const lv_font_t font_inter_regular_21_data = {
#else
lv_font_t font_inter_regular_21_data = {
#endif
    .get_glyph_dsc = lv_font_get_glyph_dsc_fmt_txt,    /*Function pointer to get glyph's data*/
    .get_glyph_bitmap = lv_font_get_bitmap_fmt_txt,    /*Function pointer to get glyph's bitmap*/
    .line_height = 29,          /*The maximum line height required by the font*/
    .base_line = 6,             /*Baseline measured from the bottom of the line*/
#if !(LVGL_VERSION_MAJOR == 6 && LVGL_VERSION_MINOR == 0)
    .subpx = LV_FONT_SUBPX_NONE,
#endif
#if LV_VERSION_CHECK(7, 4, 0) || LVGL_VERSION_MAJOR >= 8
    .underline_position = -4,
    .underline_thickness = 1,
#endif

#if LV_VERSION_CHECK(9, 3, 0)
    .static_bitmap = 1,    /*Bitmaps are stored as const so they are always static if not compressed */
#endif

    .dsc = &font_dsc,          /*The custom font data. Will be accessed by `get_glyph_bitmap/dsc` */
#if LV_VERSION_CHECK(8, 2, 0) || LVGL_VERSION_MAJOR >= 9
    .fallback = NULL,
#endif
    .user_data = NULL,
};



#endif /*#if FONT_INTER_REGULAR_21_DATA*/
