/*******************************************************************************
 * Size: 10 px
 * Bpp: 4
 * Opts: --font /fonts/Inter-Regular.ttf -o /fonts/font_inter_regular_10_data.c --size 10 --bpp 4 --format lvgl --no-compress --range 0x20-0x7F, 0xA0-0xFF, 0x0100-0x017F, 0x2000-0x206F
 ******************************************************************************/

#ifdef __has_include
    #if __has_include("lvgl.h")
        #ifndef LV_LVGL_H_INCLUDE_SIMPLE
            #define LV_LVGL_H_INCLUDE_SIMPLE
        #endif
    #endif
#endif

#ifdef LV_LVGL_H_INCLUDE_SIMPLE
    #include "lvgl.h"
#else
    #include "lvgl/lvgl.h"
#endif



#ifndef FONT_INTER_REGULAR_10_DATA
#define FONT_INTER_REGULAR_10_DATA 1
#endif

#if FONT_INTER_REGULAR_10_DATA

/*-----------------
 *    BITMAPS
 *----------------*/

/*Store the image of the glyphs*/
static LV_ATTRIBUTE_LARGE_CONST const uint8_t glyph_bitmap[] = {
    /* U+0020 " " */

    /* U+0021 "!" */
    0x0e, 0x00, 0xe0, 0x0e, 0x00, 0xe0, 0x0e, 0x00,
    0x50, 0x04, 0x01, 0xe0,

    /* U+0022 "\"" */
    0xe4, 0x9d, 0x49, 0xc3, 0x80,

    /* U+0023 "#" */
    0x00, 0xb0, 0x65, 0x00, 0x1a, 0x08, 0x20, 0x4f,
    0xfd, 0xfd, 0x10, 0x65, 0x0b, 0x00, 0x09, 0x20,
    0xb0, 0x09, 0xfd, 0xff, 0x80, 0x0b, 0x04, 0x70,
    0x00, 0xb0, 0x74, 0x00,

    /* U+0024 "$" */
    0x00, 0x00, 0x00, 0x00, 0x18, 0x00, 0x05, 0xff,
    0xa1, 0x1d, 0x28, 0x79, 0x2c, 0x18, 0x00, 0x09,
    0xef, 0x10, 0x00, 0x3f, 0xd5, 0x11, 0x18, 0x2c,
    0x4d, 0x28, 0x7a, 0x07, 0xff, 0xb1, 0x00, 0x18,
    0x00, 0x00, 0x00, 0x00,

    /* U+0025 "%" */
    0x6b, 0x70, 0x05, 0x70, 0xc0, 0xb0, 0x1b, 0x00,
    0xb0, 0xb0, 0x93, 0x00, 0x4b, 0x53, 0x90, 0x00,
    0x00, 0x0b, 0x17, 0xa2, 0x00, 0x75, 0x1a, 0x2a,
    0x02, 0xb0, 0x1a, 0x1a, 0x0a, 0x20, 0x09, 0xb4,

    /* U+0026 "&" */
    0x05, 0xdc, 0x20, 0x00, 0xd1, 0x59, 0x00, 0x0b,
    0x3a, 0x60, 0x00, 0x4f, 0x90, 0x00, 0x1d, 0xca,
    0x07, 0x06, 0x80, 0xa9, 0xb0, 0x5a, 0x02, 0xf7,
    0x00, 0x9d, 0xd8, 0xd0,

    /* U+0027 "'" */
    0xed, 0xc0,

    /* U+0028 "(" */
    0x0d, 0x04, 0x90, 0x85, 0x0c, 0x10, 0xd0, 0x0e,
    0x00, 0xd1, 0x0a, 0x40, 0x59, 0x00, 0xd0,

    /* U+0029 ")" */
    0x58, 0x00, 0xd0, 0x0b, 0x30, 0x76, 0x06, 0x80,
    0x58, 0x06, 0x70, 0xa4, 0x0d, 0x05, 0x80,

    /* U+002A "*" */
    0x00, 0xa0, 0x03, 0xbc, 0xb3, 0x09, 0xe9, 0x02,
    0x4a, 0x42, 0x00, 0x40, 0x00,

    /* U+002B "+" */
    0x00, 0x00, 0x00, 0x00, 0x1b, 0x00, 0x00, 0x1b,
    0x00, 0x0d, 0xff, 0xd9, 0x00, 0x1b, 0x00, 0x00,
    0x1a, 0x00,

    /* U+002C "," */
    0x00, 0x00, 0xe0, 0x2a, 0x04, 0x60,

    /* U+002D "-" */
    0x4e, 0xec,

    /* U+002E "." */
    0x04, 0x01, 0xe0,

    /* U+002F "/" */
    0x00, 0x42, 0x00, 0xa2, 0x00, 0xc0, 0x02, 0xa0,
    0x06, 0x60, 0x0a, 0x20, 0x0c, 0x00, 0x2a, 0x00,
    0x66, 0x00, 0xa2, 0x00,

    /* U+0030 "0" */
    0x04, 0xde, 0x70, 0x0d, 0x20, 0xc3, 0x4a, 0x00,
    0x58, 0x68, 0x00, 0x3a, 0x68, 0x00, 0x3a, 0x4a,
    0x00, 0x58, 0x0d, 0x20, 0xc3, 0x04, 0xde, 0x70,

    /* U+0031 "1" */
    0x08, 0xf3, 0x78, 0xb3, 0x10, 0xb3, 0x00, 0xb3,
    0x00, 0xb3, 0x00, 0xb3, 0x00, 0xb3, 0x00, 0xb3,

    /* U+0032 "2" */
    0x05, 0xee, 0x60, 0x1d, 0x10, 0xd2, 0x13, 0x00,
    0xa3, 0x00, 0x02, 0xd0, 0x00, 0x0d, 0x30, 0x00,
    0xb6, 0x00, 0x09, 0x80, 0x00, 0x3f, 0xee, 0xe5,

    /* U+0033 "3" */
    0x06, 0xde, 0x80, 0x1c, 0x00, 0xc3, 0x00, 0x00,
    0xc2, 0x00, 0x8f, 0x80, 0x00, 0x01, 0xc4, 0x12,
    0x00, 0x68, 0x3d, 0x10, 0xb5, 0x06, 0xee, 0x80,

    /* U+0034 "4" */
    0x00, 0x08, 0xf0, 0x00, 0x2c, 0xf0, 0x00, 0xc3,
    0xe0, 0x06, 0x80, 0xe0, 0x1c, 0x00, 0xe0, 0x6e,
    0xee, 0xfc, 0x00, 0x00, 0xe0, 0x00, 0x00, 0xe0,

    /* U+0035 "5" */
    0x0e, 0xee, 0xe0, 0x0d, 0x00, 0x00, 0x1c, 0x00,
    0x00, 0x3e, 0xcd, 0x50, 0x04, 0x02, 0xe1, 0x00,
    0x00, 0xa4, 0x4b, 0x01, 0xd2, 0x08, 0xde, 0x50,

    /* U+0036 "6" */
    0x03, 0xde, 0x80, 0x0c, 0x30, 0xb4, 0x2a, 0x00,
    0x11, 0x59, 0xbe, 0x80, 0x6e, 0x20, 0xb6, 0x4a,
    0x00, 0x59, 0x0d, 0x10, 0xb6, 0x04, 0xde, 0x90,

    /* U+0037 "7" */
    0x7e, 0xee, 0xf2, 0x00, 0x01, 0xd0, 0x00, 0x08,
    0x70, 0x00, 0x0e, 0x10, 0x00, 0x68, 0x00, 0x00,
    0xd1, 0x00, 0x05, 0xa0, 0x00, 0x0c, 0x20, 0x00,

    /* U+0038 "8" */
    0x06, 0xdd, 0x80, 0x1e, 0x10, 0xc3, 0x0d, 0x10,
    0xc2, 0x06, 0xff, 0x90, 0x2d, 0x10, 0xc4, 0x59,
    0x00, 0x68, 0x3d, 0x00, 0xa6, 0x06, 0xee, 0x80,

    /* U+0039 "9" */
    0x05, 0xee, 0x60, 0x2d, 0x10, 0xc3, 0x68, 0x00,
    0x77, 0x3d, 0x11, 0xc9, 0x05, 0xdc, 0x78, 0x12,
    0x00, 0x76, 0x1e, 0x11, 0xd1, 0x06, 0xee, 0x40,

    /* U+003A ":" */
    0x00, 0x01, 0xf0, 0x02, 0x00, 0x00, 0x00, 0x00,
    0x40, 0x1e, 0x00,

    /* U+003B ";" */
    0x00, 0x00, 0xf2, 0x02, 0x00, 0x00, 0x00, 0x00,
    0xe0, 0x2a, 0x04, 0x60,

    /* U+003C "<" */
    0x00, 0x00, 0x65, 0x00, 0x5d, 0x91, 0x1c, 0xa2,
    0x00, 0x09, 0xc4, 0x00, 0x00, 0x2b, 0xc2, 0x00,
    0x00, 0x34,

    /* U+003D "=" */
    0xce, 0xee, 0x70, 0x00, 0x00, 0xce, 0xee, 0x70,

    /* U+003E ">" */
    0x93, 0x00, 0x04, 0xca, 0x20, 0x00, 0x4c, 0x70,
    0x07, 0xd5, 0x6d, 0x70, 0x07, 0x10, 0x00,

    /* U+003F "?" */
    0x0a, 0xdb, 0x07, 0x80, 0x78, 0x00, 0x06, 0x80,
    0x04, 0xd2, 0x00, 0xe1, 0x00, 0x16, 0x00, 0x00,
    0x40, 0x00, 0x3c, 0x00,

    /* U+0040 "@" */
    0x00, 0x2a, 0xcc, 0x91, 0x00, 0x04, 0xc3, 0x00,
    0x4c, 0x10, 0x0d, 0x15, 0xca, 0xa4, 0x90, 0x3a,
    0x0c, 0x04, 0xc0, 0xd0, 0x57, 0x38, 0x00, 0xc0,
    0xb0, 0x67, 0x38, 0x00, 0xc0, 0xb0, 0x49, 0x1c,
    0x04, 0xd0, 0xb0, 0x0d, 0x17, 0xc9, 0xac, 0x50,
    0x06, 0xc2, 0x00, 0x00, 0x00, 0x00, 0x4b, 0xcc,
    0xb1, 0x00,

    /* U+0041 "A" */
    0x00, 0x4f, 0x20, 0x00, 0x09, 0xa7, 0x00, 0x00,
    0xd2, 0xc0, 0x00, 0x4a, 0x0c, 0x20, 0x09, 0x50,
    0x77, 0x00, 0xfe, 0xef, 0xf0, 0x4b, 0x00, 0x0d,
    0x29, 0x60, 0x00, 0x77,

    /* U+0042 "B" */
    0x2f, 0xee, 0xc2, 0x2d, 0x00, 0x59, 0x2d, 0x00,
    0x77, 0x2f, 0xde, 0xd1, 0x2d, 0x00, 0x6b, 0x2d,
    0x00, 0x0e, 0x2d, 0x00, 0x3d, 0x2f, 0xee, 0xd3,

    /* U+0043 "C" */
    0x01, 0xae, 0xe6, 0x00, 0xb7, 0x01, 0xb5, 0x2c,
    0x00, 0x02, 0x55, 0x80, 0x00, 0x00, 0x58, 0x00,
    0x00, 0x03, 0xc0, 0x00, 0x26, 0x0c, 0x70, 0x1c,
    0x50, 0x1a, 0xee, 0x70,

    /* U+0044 "D" */
    0x2f, 0xee, 0xc2, 0x02, 0xd0, 0x04, 0xd1, 0x2d,
    0x00, 0x08, 0x62, 0xd0, 0x00, 0x59, 0x2d, 0x00,
    0x05, 0x92, 0xd0, 0x00, 0x86, 0x2d, 0x00, 0x4d,
    0x12, 0xfe, 0xeb, 0x20,

    /* U+0045 "E" */
    0x2f, 0xee, 0xe4, 0x2d, 0x00, 0x00, 0x2d, 0x00,
    0x00, 0x2d, 0x00, 0x00, 0x2f, 0xee, 0xe1, 0x2d,
    0x00, 0x00, 0x2d, 0x00, 0x00, 0x2f, 0xee, 0xe5,

    /* U+0046 "F" */
    0x2f, 0xee, 0xe4, 0x2d, 0x00, 0x00, 0x2d, 0x00,
    0x00, 0x2d, 0x00, 0x00, 0x2f, 0xee, 0xd0, 0x2d,
    0x00, 0x00, 0x2d, 0x00, 0x00, 0x2d, 0x00, 0x00,

    /* U+0047 "G" */
    0x01, 0xae, 0xd6, 0x00, 0xc7, 0x01, 0xc5, 0x3c,
    0x00, 0x02, 0x65, 0x80, 0x00, 0x00, 0x58, 0x00,
    0xde, 0xc3, 0xc0, 0x00, 0x2c, 0x0c, 0x70, 0x1b,
    0x60, 0x1a, 0xee, 0x80,

    /* U+0048 "H" */
    0x2d, 0x00, 0x06, 0x82, 0xd0, 0x00, 0x68, 0x2d,
    0x00, 0x06, 0x82, 0xfe, 0xee, 0xe8, 0x2d, 0x00,
    0x06, 0x82, 0xd0, 0x00, 0x68, 0x2d, 0x00, 0x06,
    0x82, 0xd0, 0x00, 0x68,

    /* U+0049 "I" */
    0x2d, 0x2d, 0x2d, 0x2d, 0x2d, 0x2d, 0x2d, 0x2d,

    /* U+004A "J" */
    0x00, 0x01, 0xd0, 0x00, 0x1d, 0x00, 0x01, 0xd0,
    0x00, 0x1d, 0x00, 0x01, 0xd6, 0x50, 0x1d, 0x5a,
    0x05, 0xa0, 0xae, 0xc2,

    /* U+004B "K" */
    0x2d, 0x00, 0x3d, 0x12, 0xd0, 0x2d, 0x30, 0x2c,
    0x0d, 0x50, 0x02, 0xcc, 0xd0, 0x00, 0x2f, 0x9d,
    0x20, 0x02, 0xf0, 0x4c, 0x00, 0x2d, 0x00, 0xa7,
    0x02, 0xd0, 0x01, 0xd2,

    /* U+004C "L" */
    0x2d, 0x00, 0x00, 0x2d, 0x00, 0x00, 0x2d, 0x00,
    0x00, 0x2d, 0x00, 0x00, 0x2d, 0x00, 0x00, 0x2d,
    0x00, 0x00, 0x2d, 0x00, 0x00, 0x2f, 0xee, 0xe2,

    /* U+004D "M" */
    0x2f, 0x60, 0x00, 0x5f, 0x22, 0xeb, 0x00, 0x0b,
    0xe2, 0x2c, 0xd1, 0x01, 0xdc, 0x22, 0xc8, 0x70,
    0x68, 0xc2, 0x2c, 0x2c, 0x0b, 0x2c, 0x22, 0xc0,
    0xc3, 0xc0, 0xc2, 0x2c, 0x06, 0xc7, 0x0c, 0x22,
    0xc0, 0x1f, 0x10, 0xc2,

    /* U+004E "N" */
    0x2f, 0x40, 0x04, 0xa2, 0xed, 0x00, 0x4a, 0x2c,
    0xa7, 0x04, 0xa2, 0xc1, 0xe1, 0x4a, 0x2d, 0x08,
    0x94, 0xa2, 0xd0, 0x0d, 0x7a, 0x2d, 0x00, 0x5e,
    0xa2, 0xd0, 0x00, 0xca,

    /* U+004F "O" */
    0x01, 0xae, 0xe7, 0x00, 0x0b, 0x70, 0x1b, 0x60,
    0x2c, 0x00, 0x02, 0xd0, 0x58, 0x00, 0x00, 0xe0,
    0x58, 0x00, 0x00, 0xe0, 0x3c, 0x00, 0x02, 0xd0,
    0x0c, 0x70, 0x1b, 0x60, 0x01, 0xae, 0xe7, 0x00,

    /* U+0050 "P" */
    0x2f, 0xee, 0xc1, 0x2d, 0x00, 0x6a, 0x2d, 0x00,
    0x2d, 0x2d, 0x00, 0x7a, 0x2f, 0xee, 0xb1, 0x2d,
    0x00, 0x00, 0x2d, 0x00, 0x00, 0x2d, 0x00, 0x00,

    /* U+0051 "Q" */
    0x01, 0xae, 0xe7, 0x00, 0x0b, 0x70, 0x1b, 0x60,
    0x2c, 0x00, 0x02, 0xd0, 0x58, 0x00, 0x00, 0xe0,
    0x58, 0x00, 0x00, 0xe0, 0x3c, 0x02, 0x62, 0xd0,
    0x0c, 0x70, 0xcf, 0x60, 0x01, 0xae, 0xff, 0x10,
    0x00, 0x00, 0x03, 0x40,

    /* U+0052 "R" */
    0x2f, 0xee, 0xc1, 0x02, 0xd0, 0x06, 0xa0, 0x2d,
    0x00, 0x2d, 0x02, 0xd0, 0x07, 0xa0, 0x2f, 0xef,
    0xf1, 0x02, 0xd0, 0x3d, 0x00, 0x2d, 0x00, 0xb6,
    0x02, 0xd0, 0x03, 0xd0,

    /* U+0053 "S" */
    0x05, 0xde, 0xa1, 0x1d, 0x10, 0x79, 0x2c, 0x00,
    0x00, 0x09, 0xd7, 0x10, 0x00, 0x27, 0xd5, 0x11,
    0x00, 0x2c, 0x4d, 0x10, 0x7a, 0x07, 0xee, 0xb1,

    /* U+0054 "T" */
    0x7e, 0xef, 0xee, 0x00, 0x3b, 0x00, 0x00, 0x3b,
    0x00, 0x00, 0x3b, 0x00, 0x00, 0x3b, 0x00, 0x00,
    0x3b, 0x00, 0x00, 0x3b, 0x00, 0x00, 0x3b, 0x00,

    /* U+0055 "U" */
    0x2d, 0x00, 0x05, 0x92, 0xd0, 0x00, 0x59, 0x2d,
    0x00, 0x05, 0x92, 0xd0, 0x00, 0x59, 0x2d, 0x00,
    0x05, 0x91, 0xe0, 0x00, 0x78, 0x0c, 0x60, 0x2d,
    0x30, 0x2b, 0xfe, 0x60,

    /* U+0056 "V" */
    0x96, 0x00, 0x08, 0x74, 0xb0, 0x00, 0xd2, 0x0e,
    0x00, 0x2c, 0x00, 0x95, 0x07, 0x70, 0x03, 0xa0,
    0xc2, 0x00, 0x0d, 0x1c, 0x00, 0x00, 0x9a, 0x70,
    0x00, 0x03, 0xf2, 0x00,

    /* U+0057 "W" */
    0xa5, 0x00, 0xc9, 0x00, 0x77, 0x68, 0x00, 0xdc,
    0x00, 0xb3, 0x2c, 0x03, 0xac, 0x00, 0xe0, 0x0d,
    0x07, 0x69, 0x42, 0xb0, 0x0a, 0x4a, 0x25, 0x86,
    0x70, 0x06, 0x7d, 0x01, 0xba, 0x30, 0x02, 0xcb,
    0x00, 0xcc, 0x00, 0x00, 0xe7, 0x00, 0x9c, 0x00,

    /* U+0058 "X" */
    0x4c, 0x00, 0x0d, 0x20, 0x97, 0x09, 0x70, 0x01,
    0xd4, 0xc0, 0x00, 0x06, 0xf3, 0x00, 0x00, 0x7f,
    0x50, 0x00, 0x2d, 0x2d, 0x10, 0x0c, 0x40, 0x79,
    0x06, 0xa0, 0x00, 0xd3,

    /* U+0059 "Y" */
    0x79, 0x00, 0x0c, 0x30, 0xd2, 0x05, 0xa0, 0x05,
    0xb0, 0xd2, 0x00, 0x0c, 0xa8, 0x00, 0x00, 0x3f,
    0x10, 0x00, 0x01, 0xd0, 0x00, 0x00, 0x1d, 0x00,
    0x00, 0x01, 0xd0, 0x00,

    /* U+005A "Z" */
    0x5e, 0xee, 0xfa, 0x00, 0x00, 0xc3, 0x00, 0x07,
    0x90, 0x00, 0x1d, 0x00, 0x00, 0xa5, 0x00, 0x04,
    0xb0, 0x00, 0x0d, 0x20, 0x00, 0x5f, 0xdd, 0xd9,

    /* U+005B "[" */
    0xcd, 0x0d, 0x00, 0xd0, 0x0d, 0x00, 0xd0, 0x0d,
    0x00, 0xd0, 0x0d, 0x00, 0xd0, 0x0c, 0xd0,

    /* U+005C "\\" */
    0x50, 0x00, 0x84, 0x00, 0x48, 0x00, 0x0c, 0x00,
    0x0c, 0x00, 0x08, 0x40, 0x04, 0x80, 0x01, 0xb0,
    0x00, 0xc0, 0x00, 0x94,

    /* U+005D "]" */
    0x5d, 0x70, 0x48, 0x04, 0x80, 0x48, 0x04, 0x80,
    0x48, 0x04, 0x80, 0x48, 0x04, 0x85, 0xd7,

    /* U+005E "^" */
    0x00, 0x10, 0x00, 0x6f, 0x20, 0x0c, 0x59, 0x04,
    0x90, 0xc0, 0x10, 0x01, 0x00,

    /* U+005F "_" */
    0xee, 0xee, 0x70,

    /* U+0060 "`" */
    0x07, 0x00, 0xa2,

    /* U+0061 "a" */
    0x09, 0xdd, 0x32, 0x70, 0x2c, 0x03, 0x7a, 0xd5,
    0xc4, 0x2d, 0x77, 0x05, 0xd1, 0xcd, 0x8d,

    /* U+0062 "b" */
    0x3a, 0x00, 0x00, 0x3a, 0x00, 0x00, 0x3b, 0xbe,
    0x90, 0x3f, 0x20, 0xb5, 0x3b, 0x00, 0x59, 0x3b,
    0x00, 0x58, 0x3f, 0x20, 0xb5, 0x3a, 0xbd, 0x90,

    /* U+0063 "c" */
    0x06, 0xdd, 0x60, 0x2d, 0x00, 0xa0, 0x67, 0x00,
    0x00, 0x67, 0x00, 0x00, 0x2d, 0x00, 0xb0, 0x06,
    0xdd, 0x60,

    /* U+0064 "d" */
    0x00, 0x00, 0x85, 0x00, 0x00, 0x85, 0x07, 0xec,
    0xa5, 0x3d, 0x01, 0xe5, 0x77, 0x00, 0x95, 0x77,
    0x00, 0x95, 0x3d, 0x01, 0xe5, 0x07, 0xec, 0x95,

    /* U+0065 "e" */
    0x06, 0xed, 0x60, 0x2c, 0x00, 0xd2, 0x6f, 0xcc,
    0xe4, 0x77, 0x00, 0x00, 0x3c, 0x00, 0xb1, 0x06,
    0xdd, 0x70,

    /* U+0066 "f" */
    0x05, 0xe5, 0x0c, 0x20, 0xbf, 0xd4, 0x0d, 0x00,
    0x0d, 0x00, 0x0d, 0x00, 0x0d, 0x00, 0x0d, 0x00,

    /* U+0067 "g" */
    0x07, 0xec, 0x95, 0x2d, 0x01, 0xe5, 0x67, 0x00,
    0x95, 0x77, 0x00, 0x95, 0x3c, 0x01, 0xd5, 0x08,
    0xdc, 0xa5, 0x04, 0x00, 0xb4, 0x09, 0xdd, 0x80,

    /* U+0068 "h" */
    0x3a, 0x00, 0x00, 0x3a, 0x00, 0x00, 0x3b, 0xce,
    0x70, 0x3e, 0x11, 0xe0, 0x3a, 0x00, 0xb2, 0x3a,
    0x00, 0xb2, 0x3a, 0x00, 0xb2, 0x3a, 0x00, 0xb2,

    /* U+0069 "i" */
    0x4a, 0x01, 0x3a, 0x3a, 0x3a, 0x3a, 0x3a, 0x3a,

    /* U+006A "j" */
    0x04, 0xa0, 0x01, 0x03, 0xa0, 0x3a, 0x03, 0xa0,
    0x3a, 0x03, 0xa0, 0x3a, 0x05, 0x91, 0xe3,

    /* U+006B "k" */
    0x3a, 0x00, 0x00, 0x3a, 0x00, 0x00, 0x3a, 0x05,
    0xb0, 0x3a, 0x3c, 0x00, 0x3d, 0xf2, 0x00, 0x3e,
    0xa8, 0x00, 0x3a, 0x0d, 0x40, 0x3a, 0x02, 0xd1,

    /* U+006C "l" */
    0x3a, 0x3a, 0x3a, 0x3a, 0x3a, 0x3a, 0x3a, 0x3a,

    /* U+006D "m" */
    0x3b, 0xad, 0x5b, 0xc5, 0x3d, 0x02, 0xe0, 0x0d,
    0x3a, 0x01, 0xd0, 0x0d, 0x3a, 0x01, 0xd0, 0x0e,
    0x3a, 0x01, 0xd0, 0x0e, 0x3a, 0x01, 0xd0, 0x0e,

    /* U+006E "n" */
    0x3b, 0xbd, 0x70, 0x3e, 0x00, 0xe0, 0x3a, 0x00,
    0xb2, 0x3a, 0x00, 0xb2, 0x3a, 0x00, 0xb2, 0x3a,
    0x00, 0xb2,

    /* U+006F "o" */
    0x06, 0xdd, 0x60, 0x2d, 0x00, 0xd2, 0x67, 0x00,
    0x76, 0x67, 0x00, 0x76, 0x2d, 0x00, 0xd2, 0x06,
    0xdd, 0x60,

    /* U+0070 "p" */
    0x3b, 0xbd, 0x90, 0x3e, 0x10, 0xb5, 0x3b, 0x00,
    0x59, 0x3b, 0x00, 0x58, 0x3f, 0x20, 0xb5, 0x3b,
    0xbd, 0x90, 0x3a, 0x00, 0x00, 0x3a, 0x00, 0x00,

    /* U+0071 "q" */
    0x07, 0xec, 0x95, 0x3d, 0x01, 0xe5, 0x77, 0x00,
    0x95, 0x77, 0x00, 0x95, 0x3d, 0x01, 0xe5, 0x07,
    0xec, 0xa5, 0x00, 0x00, 0x85, 0x00, 0x00, 0x85,

    /* U+0072 "r" */
    0x3b, 0xc7, 0x3d, 0x00, 0x3a, 0x00, 0x3a, 0x00,
    0x3a, 0x00, 0x3a, 0x00,

    /* U+0073 "s" */
    0x09, 0xdc, 0x24, 0xb0, 0x34, 0x1d, 0x83, 0x00,
    0x05, 0xb8, 0x36, 0x04, 0xb0, 0xbd, 0xc3,

    /* U+0074 "t" */
    0x06, 0x00, 0x1c, 0x00, 0xdf, 0xb0, 0x1c, 0x00,
    0x1c, 0x00, 0x1c, 0x00, 0x0d, 0x00, 0x0a, 0xd0,

    /* U+0075 "u" */
    0x3a, 0x00, 0xb2, 0x3a, 0x00, 0xb2, 0x3a, 0x00,
    0xb2, 0x3a, 0x00, 0xc2, 0x1d, 0x01, 0xf2, 0x08,
    0xeb, 0xb2,

    /* U+0076 "v" */
    0x96, 0x00, 0xc2, 0x3b, 0x01, 0xd0, 0x0d, 0x16,
    0x70, 0x08, 0x5b, 0x20, 0x02, 0xbc, 0x00, 0x00,
    0xe7, 0x00,

    /* U+0077 "w" */
    0x86, 0x07, 0xb0, 0x3b, 0x3a, 0x0b, 0xc0, 0x76,
    0x0d, 0x0b, 0x93, 0xb2, 0x0b, 0x68, 0x56, 0xd0,
    0x06, 0xc4, 0x1c, 0x90, 0x02, 0xf0, 0x0d, 0x50,

    /* U+0078 "x" */
    0x4b, 0x03, 0xb0, 0x0a, 0x4c, 0x20, 0x01, 0xf8,
    0x00, 0x02, 0xf9, 0x00, 0x0b, 0x3b, 0x30, 0x6a,
    0x02, 0xc0,

    /* U+0079 "y" */
    0x86, 0x00, 0xc2, 0x3b, 0x01, 0xc0, 0x0d, 0x17,
    0x70, 0x07, 0x6c, 0x10, 0x02, 0xcb, 0x00, 0x00,
    0xe6, 0x00, 0x00, 0xd0, 0x00, 0x2d, 0x60, 0x00,

    /* U+007A "z" */
    0x4e, 0xef, 0xc0, 0x00, 0xb4, 0x00, 0x69, 0x00,
    0x2d, 0x00, 0x0c, 0x40, 0x05, 0xfe, 0xed,

    /* U+007B "{" */
    0x00, 0xb8, 0x03, 0xa0, 0x03, 0x90, 0x06, 0x80,
    0x9f, 0x10, 0x06, 0x70, 0x03, 0x90, 0x03, 0x90,
    0x02, 0xb0, 0x00, 0x88,

    /* U+007C "|" */
    0xb0, 0xb0, 0xb0, 0xb0, 0xb0, 0xb0, 0xb0, 0xb0,
    0xb0, 0xb0, 0xb0, 0xb0, 0xb0,

    /* U+007D "}" */
    0x5c, 0x10, 0x06, 0x70, 0x05, 0x70, 0x04, 0xa0,
    0x00, 0xff, 0x03, 0xa0, 0x05, 0x70, 0x05, 0x70,
    0x07, 0x60, 0x5a, 0x00,

    /* U+007E "~" */
    0x0a, 0xd5, 0x18, 0x18, 0x09, 0xd5,

    /* U+00A0 " " */

    /* U+00A1 "¡" */
    0x1d, 0x00, 0x40, 0x04, 0x00, 0xe0, 0x0e, 0x00,
    0xe0, 0x0e, 0x00, 0xe0,

    /* U+00A2 "¢" */
    0x00, 0x53, 0x00, 0x05, 0xff, 0x50, 0x2d, 0x64,
    0xb0, 0x67, 0x53, 0x00, 0x67, 0x53, 0x00, 0x2d,
    0x64, 0xb0, 0x05, 0xff, 0x50, 0x00, 0x53, 0x00,

    /* U+00A3 "£" */
    0x01, 0xce, 0x90, 0x09, 0x60, 0x95, 0x0c, 0x20,
    0x11, 0x0b, 0x20, 0x00, 0x5f, 0xfc, 0x60, 0x0b,
    0x30, 0x00, 0x0b, 0x10, 0x35, 0x8f, 0xee, 0xe4,

    /* U+00A4 "¤" */
    0x00, 0x00, 0x00, 0x02, 0xaa, 0xdb, 0x86, 0x0f,
    0x60, 0x3f, 0x12, 0xa0, 0x00, 0x75, 0x48, 0x00,
    0x05, 0x72, 0xa0, 0x00, 0x75, 0x0f, 0x50, 0x2f,
    0x22, 0xab, 0xdc, 0x86,

    /* U+00A5 "¥" */
    0xa5, 0x00, 0xd2, 0x3c, 0x04, 0xb0, 0x0c, 0x2a,
    0x40, 0x05, 0xbc, 0x00, 0x3b, 0xff, 0x90, 0x3b,
    0xff, 0x90, 0x00, 0xb3, 0x00, 0x00, 0xb3, 0x00,

    /* U+00A6 "¦" */
    0x1c, 0x1c, 0x1c, 0x07, 0x00, 0x00, 0x1c, 0x1c,
    0x1c, 0x07,

    /* U+00A7 "§" */
    0x06, 0xdc, 0x20, 0x0d, 0x03, 0x80, 0x0a, 0x50,
    0x00, 0x19, 0x9a, 0x00, 0x57, 0x03, 0xb0, 0x1e,
    0x60, 0xc0, 0x02, 0xce, 0x80, 0x00, 0x09, 0x60,
    0x0c, 0x05, 0x80, 0x06, 0xcb, 0x10,

    /* U+00A8 "¨" */
    0x00, 0x00, 0x86, 0x77, 0x10, 0x00,

    /* U+00A9 "©" */
    0x00, 0x3c, 0xec, 0x40, 0x00, 0x4d, 0x30, 0x2c,
    0x60, 0x0d, 0x29, 0xea, 0x2d, 0x01, 0xc6, 0x90,
    0x54, 0xa4, 0x1c, 0x69, 0x05, 0x3a, 0x40, 0xd2,
    0x9d, 0xa2, 0xd0, 0x04, 0xd3, 0x02, 0xc6, 0x00,
    0x03, 0xce, 0xc4, 0x00,

    /* U+00AA "ª" */
    0x2c, 0xc8, 0x03, 0x5e, 0x77, 0x2e, 0x5c, 0x9d,

    /* U+00AB "«" */
    0x01, 0xc3, 0xd1, 0x0b, 0x5b, 0x40, 0x5b, 0x5b,
    0x00, 0x0b, 0x5b, 0x40, 0x01, 0xc3, 0xd1,

    /* U+00AC "¬" */
    0xcd, 0xde, 0x20, 0x00, 0xa2, 0x00, 0x04, 0x10,

    /* U+00AE "®" */
    0x02, 0xab, 0x80, 0x01, 0xc9, 0x86, 0xa0, 0x64,
    0x93, 0x69, 0x16, 0x4b, 0xd2, 0x91, 0x1c, 0x72,
    0x9a, 0x00, 0x2a, 0xb9, 0x00,

    /* U+00AF "¯" */
    0xbc, 0x80,

    /* U+00B0 "°" */
    0x09, 0xc3, 0x38, 0x0b, 0x38, 0x0b, 0x09, 0xc3,

    /* U+00B1 "±" */
    0x01, 0xb0, 0x00, 0x1b, 0x00, 0xef, 0xfe, 0x80,
    0x1b, 0x00, 0x00, 0x40, 0x0e, 0xee, 0xe8,

    /* U+00B2 "²" */
    0x2c, 0xc6, 0x11, 0x3a, 0x05, 0xa1, 0x5f, 0xca,

    /* U+00B3 "³" */
    0x2b, 0xb8, 0x02, 0xc7, 0x22, 0x0e, 0x2c, 0xc7,

    /* U+00B4 "´" */
    0x04, 0x20, 0xb0,

    /* U+00B5 "µ" */
    0x3a, 0x00, 0xb2, 0x3a, 0x00, 0xb2, 0x3a, 0x00,
    0xb2, 0x3a, 0x00, 0xc2, 0x3f, 0x00, 0xf2, 0x3c,
    0xbb, 0x7a, 0x3a, 0x00, 0x00, 0x3a, 0x00, 0x00,

    /* U+00B6 "¶" */
    0x07, 0xfe, 0xf3, 0x4f, 0xf5, 0xc2, 0x7f, 0xf5,
    0xc2, 0x4f, 0xf5, 0xc2, 0x08, 0xf5, 0xc2, 0x00,
    0x00, 0xc2, 0x00, 0x00, 0xc2, 0x00, 0x00, 0xc2,

    /* U+00B7 "·" */
    0x00, 0x01, 0xf0, 0x03, 0x00,

    /* U+00B8 "¸" */
    0x00, 0x00, 0x80, 0x05, 0x42, 0x93,

    /* U+00B9 "¹" */
    0x4d, 0x71, 0x67, 0x06, 0x70, 0x67,

    /* U+00BA "º" */
    0x1b, 0xca, 0x08, 0x60, 0x85, 0x85, 0x08, 0x51,
    0xbc, 0xa0,

    /* U+00BB "»" */
    0x3b, 0x4b, 0x00, 0x07, 0x97, 0x80, 0x00, 0xd2,
    0xe2, 0x07, 0x97, 0x80, 0x3b, 0x4b, 0x00,

    /* U+00BC "¼" */
    0x04, 0x00, 0x00, 0x30, 0x7d, 0x20, 0x09, 0x30,
    0x0a, 0x20, 0x39, 0x00, 0x0a, 0x20, 0xb0, 0x00,
    0x0a, 0x28, 0x51, 0xf1, 0x00, 0x2a, 0x09, 0xc1,
    0x00, 0xb1, 0x19, 0xa1, 0x06, 0x60, 0x5c, 0xf8,
    0x06, 0x00, 0x00, 0x50,

    /* U+00BD "½" */
    0x06, 0x00, 0x01, 0x40, 0x7c, 0x20, 0x0a, 0x30,
    0x0a, 0x20, 0x39, 0x00, 0x0a, 0x20, 0xb1, 0x00,
    0x08, 0x17, 0x64, 0xc7, 0x00, 0x1b, 0x04, 0x0c,
    0x00, 0xa2, 0x00, 0x58, 0x04, 0x90, 0x02, 0xc0,
    0x0a, 0x00, 0x08, 0xcb,

    /* U+00BE "¾" */
    0x1a, 0xa0, 0x00, 0x73, 0x01, 0x29, 0x30, 0x1b,
    0x00, 0x05, 0xd1, 0x0a, 0x20, 0x02, 0x28, 0x54,
    0x80, 0x00, 0x1a, 0x91, 0xc0, 0x4f, 0x00, 0x00,
    0x75, 0x0a, 0xb0, 0x00, 0x1b, 0x04, 0x6b, 0x00,
    0x0a, 0x20, 0x8c, 0xf4, 0x01, 0x50, 0x00, 0x06,
    0x00,

    /* U+00BF "¿" */
    0x00, 0xb4, 0x00, 0x03, 0x10, 0x00, 0x52, 0x00,
    0x1d, 0x10, 0x1d, 0x60, 0x06, 0x80, 0x00, 0x59,
    0x07, 0x90, 0xad, 0xb1,

    /* U+00C0 "À" */
    0x00, 0x85, 0x00, 0x00, 0x00, 0x60, 0x00, 0x00,
    0x4f, 0x20, 0x00, 0x09, 0xa7, 0x00, 0x00, 0xd2,
    0xc0, 0x00, 0x4a, 0x0c, 0x20, 0x09, 0x50, 0x77,
    0x00, 0xfe, 0xef, 0xf0, 0x4b, 0x00, 0x0d, 0x29,
    0x60, 0x00, 0x77,

    /* U+00C1 "Á" */
    0x00, 0x07, 0x60, 0x00, 0x00, 0x50, 0x00, 0x00,
    0x4f, 0x20, 0x00, 0x09, 0xa7, 0x00, 0x00, 0xd2,
    0xc0, 0x00, 0x4a, 0x0c, 0x20, 0x09, 0x50, 0x77,
    0x00, 0xfe, 0xef, 0xf0, 0x4b, 0x00, 0x0d, 0x29,
    0x60, 0x00, 0x77,

    /* U+00C2 "Â" */
    0x00, 0x89, 0x60, 0x00, 0x00, 0x00, 0x00, 0x00,
    0x4f, 0x20, 0x00, 0x09, 0xa7, 0x00, 0x00, 0xd2,
    0xc0, 0x00, 0x4a, 0x0c, 0x20, 0x09, 0x50, 0x77,
    0x00, 0xfe, 0xef, 0xf0, 0x4b, 0x00, 0x0d, 0x29,
    0x60, 0x00, 0x77,

    /* U+00C3 "Ã" */
    0x00, 0x8a, 0x70, 0x00, 0x00, 0x00, 0x00, 0x00,
    0x4f, 0x20, 0x00, 0x09, 0xa7, 0x00, 0x00, 0xd2,
    0xc0, 0x00, 0x4a, 0x0c, 0x20, 0x09, 0x50, 0x77,
    0x00, 0xfe, 0xef, 0xf0, 0x4b, 0x00, 0x0d, 0x29,
    0x60, 0x00, 0x77,

    /* U+00C4 "Ä" */
    0x00, 0x00, 0x00, 0x00, 0x0d, 0x0d, 0x00, 0x00,
    0x10, 0x10, 0x00, 0x04, 0xf2, 0x00, 0x00, 0x9a,
    0x70, 0x00, 0x0d, 0x2c, 0x00, 0x04, 0xa0, 0xc2,
    0x00, 0x95, 0x07, 0x70, 0x0f, 0xee, 0xff, 0x04,
    0xb0, 0x00, 0xd2, 0x96, 0x00, 0x07, 0x70,

    /* U+00C5 "Å" */
    0x00, 0x5b, 0x40, 0x00, 0x0b, 0x0a, 0x00, 0x00,
    0x5b, 0x40, 0x00, 0x04, 0xf2, 0x00, 0x00, 0x9a,
    0x70, 0x00, 0x0d, 0x2c, 0x00, 0x04, 0xa0, 0xc2,
    0x00, 0x95, 0x07, 0x70, 0x0f, 0xee, 0xff, 0x04,
    0xb0, 0x00, 0xd2, 0x96, 0x00, 0x07, 0x70,

    /* U+00C6 "Æ" */
    0x00, 0x07, 0xdf, 0xee, 0xe3, 0x00, 0x0d, 0x3b,
    0x00, 0x00, 0x00, 0x59, 0x2b, 0x00, 0x00, 0x00,
    0xc2, 0x2b, 0x00, 0x00, 0x03, 0xc0, 0x2f, 0xee,
    0xe0, 0x0b, 0xfd, 0xff, 0x00, 0x00, 0x1e, 0x00,
    0x2b, 0x00, 0x00, 0x87, 0x00, 0x2f, 0xee, 0xe4,

    /* U+00C7 "Ç" */
    0x01, 0xae, 0xe6, 0x00, 0xb7, 0x01, 0xb5, 0x2c,
    0x00, 0x02, 0x55, 0x80, 0x00, 0x00, 0x58, 0x00,
    0x00, 0x03, 0xc0, 0x00, 0x26, 0x0c, 0x70, 0x1c,
    0x50, 0x1a, 0xfe, 0x70, 0x00, 0x07, 0x90, 0x00,
    0x00, 0x6b, 0x00,

    /* U+00C8 "È" */
    0x00, 0xc1, 0x00, 0x00, 0x33, 0x00, 0x2f, 0xee,
    0xe4, 0x2d, 0x00, 0x00, 0x2d, 0x00, 0x00, 0x2d,
    0x00, 0x00, 0x2f, 0xee, 0xe1, 0x2d, 0x00, 0x00,
    0x2d, 0x00, 0x00, 0x2f, 0xee, 0xe5,

    /* U+00C9 "É" */
    0x00, 0x0c, 0x20, 0x00, 0x14, 0x00, 0x2f, 0xee,
    0xe4, 0x2d, 0x00, 0x00, 0x2d, 0x00, 0x00, 0x2d,
    0x00, 0x00, 0x2f, 0xee, 0xe1, 0x2d, 0x00, 0x00,
    0x2d, 0x00, 0x00, 0x2f, 0xee, 0xe5,

    /* U+00CA "Ê" */
    0x01, 0xa9, 0x30, 0x00, 0x00, 0x00, 0x2f, 0xee,
    0xe4, 0x2d, 0x00, 0x00, 0x2d, 0x00, 0x00, 0x2d,
    0x00, 0x00, 0x2f, 0xee, 0xe1, 0x2d, 0x00, 0x00,
    0x2d, 0x00, 0x00, 0x2f, 0xee, 0xe5,

    /* U+00CB "Ë" */
    0x00, 0x00, 0x00, 0x05, 0x85, 0x90, 0x00, 0x10,
    0x10, 0x2f, 0xee, 0xe4, 0x2d, 0x00, 0x00, 0x2d,
    0x00, 0x00, 0x2d, 0x00, 0x00, 0x2f, 0xee, 0xe1,
    0x2d, 0x00, 0x00, 0x2d, 0x00, 0x00, 0x2f, 0xee,
    0xe5,

    /* U+00CC "Ì" */
    0xa4, 0x15, 0x2d, 0x2d, 0x2d, 0x2d, 0x2d, 0x2d,
    0x2d, 0x2d,

    /* U+00CD "Í" */
    0x09, 0x40, 0x60, 0x2d, 0x02, 0xd0, 0x2d, 0x02,
    0xd0, 0x2d, 0x02, 0xd0, 0x2d, 0x02, 0xd0,

    /* U+00CE "Î" */
    0x09, 0x95, 0x00, 0x00, 0x02, 0xd0, 0x02, 0xd0,
    0x02, 0xd0, 0x02, 0xd0, 0x02, 0xd0, 0x02, 0xd0,
    0x02, 0xd0, 0x02, 0xd0,

    /* U+00CF "Ï" */
    0x00, 0x00, 0x2c, 0x1c, 0x01, 0x01, 0x02, 0xd0,
    0x02, 0xd0, 0x02, 0xd0, 0x02, 0xd0, 0x02, 0xd0,
    0x02, 0xd0, 0x02, 0xd0, 0x02, 0xd0,

    /* U+00D0 "Ð" */
    0x0f, 0xee, 0xc4, 0x00, 0xe0, 0x03, 0xd2, 0x0e,
    0x00, 0x06, 0x80, 0xe0, 0x00, 0x2b, 0xbf, 0xdb,
    0x02, 0xb0, 0xe0, 0x00, 0x68, 0x0e, 0x00, 0x3d,
    0x20, 0xfe, 0xec, 0x30,

    /* U+00D1 "Ñ" */
    0x00, 0x4a, 0x90, 0x00, 0x00, 0x00, 0x00, 0x2f,
    0x40, 0x04, 0xa2, 0xed, 0x00, 0x4a, 0x2c, 0xa7,
    0x04, 0xa2, 0xc1, 0xe1, 0x4a, 0x2d, 0x08, 0x94,
    0xa2, 0xd0, 0x0d, 0x7a, 0x2d, 0x00, 0x5e, 0xa2,
    0xd0, 0x00, 0xca,

    /* U+00D2 "Ò" */
    0x00, 0x25, 0x00, 0x00, 0x00, 0x0b, 0x00, 0x00,
    0x00, 0x00, 0x00, 0x00, 0x01, 0xae, 0xe7, 0x00,
    0x0b, 0x70, 0x1b, 0x60, 0x2c, 0x00, 0x02, 0xd0,
    0x58, 0x00, 0x00, 0xe0, 0x58, 0x00, 0x00, 0xe0,
    0x3c, 0x00, 0x02, 0xd0, 0x0c, 0x70, 0x1b, 0x60,
    0x01, 0xae, 0xe7, 0x00,

    /* U+00D3 "Ó" */
    0x00, 0x00, 0x70, 0x00, 0x00, 0x05, 0x70, 0x00,
    0x00, 0x00, 0x00, 0x00, 0x01, 0xae, 0xe7, 0x00,
    0x0b, 0x70, 0x1b, 0x60, 0x2c, 0x00, 0x02, 0xd0,
    0x58, 0x00, 0x00, 0xe0, 0x58, 0x00, 0x00, 0xe0,
    0x3c, 0x00, 0x02, 0xd0, 0x0c, 0x70, 0x1b, 0x60,
    0x01, 0xae, 0xe7, 0x00,

    /* U+00D4 "Ô" */
    0x00, 0x06, 0x30, 0x00, 0x00, 0x68, 0xb1, 0x00,
    0x00, 0x00, 0x00, 0x00, 0x01, 0xae, 0xe7, 0x00,
    0x0b, 0x70, 0x1b, 0x60, 0x2c, 0x00, 0x02, 0xd0,
    0x58, 0x00, 0x00, 0xe0, 0x58, 0x00, 0x00, 0xe0,
    0x3c, 0x00, 0x02, 0xd0, 0x0c, 0x70, 0x1b, 0x60,
    0x01, 0xae, 0xe7, 0x00,

    /* U+00D5 "Õ" */
    0x00, 0x4a, 0x91, 0x00, 0x00, 0x00, 0x00, 0x00,
    0x01, 0xae, 0xe7, 0x00, 0x0b, 0x70, 0x1b, 0x60,
    0x2c, 0x00, 0x02, 0xd0, 0x58, 0x00, 0x00, 0xe0,
    0x58, 0x00, 0x00, 0xe0, 0x3c, 0x00, 0x02, 0xd0,
    0x0c, 0x70, 0x1b, 0x60, 0x01, 0xae, 0xe7, 0x00,

    /* U+00D6 "Ö" */
    0x00, 0x00, 0x00, 0x00, 0x00, 0xa4, 0x95, 0x00,
    0x00, 0x10, 0x10, 0x00, 0x01, 0xae, 0xe7, 0x00,
    0x0b, 0x70, 0x1b, 0x60, 0x2c, 0x00, 0x02, 0xd0,
    0x58, 0x00, 0x00, 0xe0, 0x58, 0x00, 0x00, 0xe0,
    0x3c, 0x00, 0x02, 0xd0, 0x0c, 0x70, 0x1b, 0x60,
    0x01, 0xae, 0xe7, 0x00,

    /* U+00D7 "×" */
    0x40, 0x02, 0x28, 0x91, 0xd3, 0x0a, 0xf4, 0x00,
    0xcf, 0x60, 0xa6, 0x0b, 0x42, 0x00, 0x01,

    /* U+00D8 "Ø" */
    0x00, 0x00, 0x00, 0x00, 0x01, 0xae, 0xed, 0x70,
    0x0b, 0x70, 0x2f, 0x70, 0x2c, 0x00, 0xa6, 0xd0,
    0x58, 0x05, 0xa0, 0xe0, 0x58, 0x1c, 0x10, 0xe0,
    0x3c, 0x95, 0x02, 0xd0, 0x0f, 0xf0, 0x1b, 0x60,
    0x0c, 0xce, 0xe7, 0x00, 0x00, 0x00, 0x00, 0x00,

    /* U+00D9 "Ù" */
    0x00, 0x34, 0x00, 0x00, 0x00, 0xc0, 0x00, 0x00,
    0x00, 0x00, 0x02, 0xd0, 0x00, 0x59, 0x2d, 0x00,
    0x05, 0x92, 0xd0, 0x00, 0x59, 0x2d, 0x00, 0x05,
    0x92, 0xd0, 0x00, 0x59, 0x1e, 0x00, 0x07, 0x80,
    0xc6, 0x02, 0xd3, 0x02, 0xbf, 0xe6, 0x00,

    /* U+00DA "Ú" */
    0x00, 0x00, 0x60, 0x00, 0x00, 0x65, 0x00, 0x00,
    0x00, 0x00, 0x02, 0xd0, 0x00, 0x59, 0x2d, 0x00,
    0x05, 0x92, 0xd0, 0x00, 0x59, 0x2d, 0x00, 0x05,
    0x92, 0xd0, 0x00, 0x59, 0x1e, 0x00, 0x07, 0x80,
    0xc6, 0x02, 0xd3, 0x02, 0xbf, 0xe6, 0x00,

    /* U+00DB "Û" */
    0x00, 0x07, 0x20, 0x00, 0x07, 0x7b, 0x00, 0x00,
    0x00, 0x00, 0x02, 0xd0, 0x00, 0x59, 0x2d, 0x00,
    0x05, 0x92, 0xd0, 0x00, 0x59, 0x2d, 0x00, 0x05,
    0x92, 0xd0, 0x00, 0x59, 0x1e, 0x00, 0x07, 0x80,
    0xc6, 0x02, 0xd3, 0x02, 0xbf, 0xe6, 0x00,

    /* U+00DC "Ü" */
    0x00, 0x00, 0x00, 0x00, 0x0b, 0x2b, 0x30, 0x00,
    0x10, 0x10, 0x02, 0xd0, 0x00, 0x59, 0x2d, 0x00,
    0x05, 0x92, 0xd0, 0x00, 0x59, 0x2d, 0x00, 0x05,
    0x92, 0xd0, 0x00, 0x59, 0x1e, 0x00, 0x07, 0x80,
    0xc6, 0x02, 0xd3, 0x02, 0xbf, 0xe6, 0x00,

    /* U+00DD "Ý" */
    0x00, 0x08, 0x50, 0x00, 0x00, 0x50, 0x00, 0x79,
    0x00, 0x0c, 0x30, 0xd2, 0x05, 0xa0, 0x05, 0xb0,
    0xd2, 0x00, 0x0c, 0xa8, 0x00, 0x00, 0x3f, 0x10,
    0x00, 0x01, 0xd0, 0x00, 0x00, 0x1d, 0x00, 0x00,
    0x01, 0xd0, 0x00,

    /* U+00DE "Þ" */
    0x2c, 0x00, 0x00, 0x2c, 0x00, 0x00, 0x2f, 0xee,
    0x90, 0x2c, 0x00, 0x97, 0x2c, 0x00, 0x97, 0x2f,
    0xed, 0x90, 0x2c, 0x00, 0x00, 0x2c, 0x00, 0x00,

    /* U+00DF "ß" */
    0x05, 0xed, 0x70, 0x0e, 0x10, 0xd1, 0x1c, 0x01,
    0xc0, 0x2c, 0x4f, 0x70, 0x2c, 0x00, 0xa5, 0x2c,
    0x00, 0x58, 0x2c, 0x00, 0x96, 0x2c, 0x4e, 0xa0,

    /* U+00E0 "à" */
    0x03, 0x40, 0x00, 0x0c, 0x00, 0x00, 0x00, 0x00,
    0x9d, 0xd3, 0x27, 0x02, 0xc0, 0x37, 0xad, 0x5c,
    0x42, 0xd7, 0x70, 0x5d, 0x1c, 0xd8, 0xd0,

    /* U+00E1 "á" */
    0x00, 0x06, 0x00, 0x06, 0x50, 0x00, 0x00, 0x00,
    0x9d, 0xd3, 0x27, 0x02, 0xc0, 0x37, 0xad, 0x5c,
    0x42, 0xd7, 0x70, 0x5d, 0x1c, 0xd8, 0xd0,

    /* U+00E2 "â" */
    0x00, 0x72, 0x00, 0x77, 0xb0, 0x00, 0x00, 0x00,
    0x9d, 0xd3, 0x27, 0x02, 0xc0, 0x37, 0xad, 0x5c,
    0x42, 0xd7, 0x70, 0x5d, 0x1c, 0xd8, 0xd0,

    /* U+00E3 "ã" */
    0x06, 0xaa, 0x00, 0x00, 0x00, 0x09, 0xdd, 0x32,
    0x70, 0x2c, 0x03, 0x7a, 0xd5, 0xc4, 0x2d, 0x77,
    0x05, 0xd1, 0xcd, 0x8d,

    /* U+00E4 "ä" */
    0x0b, 0x2a, 0x30, 0x10, 0x10, 0x09, 0xdd, 0x32,
    0x70, 0x2c, 0x03, 0x7a, 0xd5, 0xc4, 0x2d, 0x77,
    0x05, 0xd1, 0xcd, 0x8d,

    /* U+00E5 "å" */
    0x02, 0xa6, 0x00, 0x73, 0xb0, 0x02, 0xa7, 0x00,
    0x9d, 0xd3, 0x27, 0x02, 0xc0, 0x37, 0xad, 0x5c,
    0x42, 0xd7, 0x70, 0x5d, 0x1c, 0xd8, 0xd0,

    /* U+00E6 "æ" */
    0x0a, 0xdd, 0x6c, 0xea, 0x01, 0x50, 0x3f, 0x30,
    0x87, 0x09, 0xcd, 0xfc, 0xcd, 0x97, 0x90, 0x0f,
    0x00, 0x00, 0x77, 0x05, 0xf3, 0x07, 0x51, 0xcd,
    0xa2, 0xcd, 0xa0,

    /* U+00E7 "ç" */
    0x06, 0xdd, 0x60, 0x2d, 0x00, 0xa0, 0x67, 0x00,
    0x00, 0x67, 0x00, 0x00, 0x2d, 0x00, 0xb0, 0x06,
    0xff, 0x60, 0x00, 0x4b, 0x00, 0x00, 0x4b, 0x10,

    /* U+00E8 "è" */
    0x01, 0x60, 0x00, 0x00, 0xb1, 0x00, 0x00, 0x00,
    0x00, 0x06, 0xed, 0x60, 0x2c, 0x00, 0xd2, 0x6f,
    0xcc, 0xe4, 0x77, 0x00, 0x00, 0x3c, 0x00, 0xb1,
    0x06, 0xdd, 0x70,

    /* U+00E9 "é" */
    0x00, 0x06, 0x00, 0x00, 0x39, 0x00, 0x00, 0x00,
    0x00, 0x06, 0xed, 0x60, 0x2c, 0x00, 0xd2, 0x6f,
    0xcc, 0xe4, 0x77, 0x00, 0x00, 0x3c, 0x00, 0xb1,
    0x06, 0xdd, 0x70,

    /* U+00EA "ê" */
    0x00, 0x54, 0x00, 0x04, 0x9a, 0x20, 0x00, 0x00,
    0x00, 0x06, 0xed, 0x60, 0x2c, 0x00, 0xd2, 0x6f,
    0xcc, 0xe4, 0x77, 0x00, 0x00, 0x3c, 0x00, 0xb1,
    0x06, 0xdd, 0x70,

    /* U+00EB "ë" */
    0x08, 0x57, 0x60, 0x01, 0x01, 0x00, 0x06, 0xed,
    0x60, 0x2c, 0x00, 0xd2, 0x6f, 0xcc, 0xe4, 0x77,
    0x00, 0x00, 0x3c, 0x00, 0xb1, 0x06, 0xdd, 0x70,

    /* U+00EC "ì" */
    0x0c, 0x20, 0x24, 0x03, 0xa0, 0x3a, 0x03, 0xa0,
    0x3a, 0x03, 0xa0, 0x3a,

    /* U+00ED "í" */
    0x04, 0x30, 0xc1, 0x05, 0x03, 0xa0, 0x3a, 0x03,
    0xa0, 0x3a, 0x03, 0xa0, 0x3a, 0x00,

    /* U+00EE "î" */
    0x03, 0x60, 0x1b, 0x76, 0x00, 0x00, 0x03, 0xa0,
    0x03, 0xa0, 0x03, 0xa0, 0x03, 0xa0, 0x03, 0xa0,
    0x03, 0xa0,

    /* U+00EF "ï" */
    0x49, 0x3a, 0x01, 0x01, 0x03, 0xa0, 0x03, 0xa0,
    0x03, 0xa0, 0x03, 0xa0, 0x03, 0xa0, 0x03, 0xa0,

    /* U+00F0 "ð" */
    0x02, 0x50, 0x20, 0x00, 0xef, 0x30, 0x03, 0x59,
    0x40, 0x06, 0xca, 0xb0, 0x2d, 0x01, 0xe2, 0x67,
    0x00, 0xa4, 0x77, 0x00, 0x94, 0x3c, 0x01, 0xd0,
    0x07, 0xdd, 0x50,

    /* U+00F1 "ñ" */
    0x03, 0xba, 0x20, 0x00, 0x00, 0x00, 0x3b, 0xbd,
    0x70, 0x3e, 0x00, 0xe0, 0x3a, 0x00, 0xb2, 0x3a,
    0x00, 0xb2, 0x3a, 0x00, 0xb2, 0x3a, 0x00, 0xb2,

    /* U+00F2 "ò" */
    0x01, 0x70, 0x00, 0x00, 0xa2, 0x00, 0x00, 0x00,
    0x00, 0x06, 0xdd, 0x60, 0x2d, 0x00, 0xd2, 0x67,
    0x00, 0x76, 0x67, 0x00, 0x76, 0x2d, 0x00, 0xd2,
    0x06, 0xdd, 0x60,

    /* U+00F3 "ó" */
    0x00, 0x06, 0x00, 0x00, 0x2a, 0x00, 0x00, 0x00,
    0x00, 0x06, 0xdd, 0x60, 0x2d, 0x00, 0xd2, 0x67,
    0x00, 0x76, 0x67, 0x00, 0x76, 0x2d, 0x00, 0xd2,
    0x06, 0xdd, 0x60,

    /* U+00F4 "ô" */
    0x00, 0x44, 0x00, 0x03, 0xaa, 0x30, 0x00, 0x00,
    0x00, 0x06, 0xdd, 0x60, 0x2d, 0x00, 0xd2, 0x67,
    0x00, 0x76, 0x67, 0x00, 0x76, 0x2d, 0x00, 0xd2,
    0x06, 0xdd, 0x60,

    /* U+00F5 "õ" */
    0x03, 0xba, 0x30, 0x00, 0x00, 0x00, 0x06, 0xdd,
    0x60, 0x2d, 0x00, 0xd2, 0x67, 0x00, 0x76, 0x67,
    0x00, 0x76, 0x2d, 0x00, 0xd2, 0x06, 0xdd, 0x60,

    /* U+00F6 "ö" */
    0x07, 0x66, 0x70, 0x01, 0x00, 0x10, 0x06, 0xdd,
    0x60, 0x2d, 0x00, 0xd2, 0x67, 0x00, 0x76, 0x67,
    0x00, 0x76, 0x2d, 0x00, 0xd2, 0x06, 0xdd, 0x60,

    /* U+00F7 "÷" */
    0x03, 0xc0, 0x00, 0x04, 0x00, 0xde, 0xee, 0x80,
    0x00, 0x00, 0x03, 0xd0, 0x00, 0x02, 0x00,

    /* U+00F8 "ø" */
    0x00, 0x00, 0x00, 0x06, 0xdd, 0xd5, 0x2d, 0x04,
    0xf2, 0x67, 0x1b, 0x86, 0x68, 0xb2, 0x76, 0x2f,
    0x50, 0xd2, 0x5e, 0xdd, 0x60, 0x00, 0x00, 0x00,

    /* U+00F9 "ù" */
    0x01, 0x60, 0x00, 0x00, 0xa1, 0x00, 0x00, 0x00,
    0x00, 0x3a, 0x00, 0xb2, 0x3a, 0x00, 0xb2, 0x3a,
    0x00, 0xb2, 0x3a, 0x00, 0xc2, 0x1d, 0x01, 0xf2,
    0x08, 0xeb, 0xb2,

    /* U+00FA "ú" */
    0x00, 0x06, 0x00, 0x00, 0x39, 0x00, 0x00, 0x00,
    0x00, 0x3a, 0x00, 0xb2, 0x3a, 0x00, 0xb2, 0x3a,
    0x00, 0xb2, 0x3a, 0x00, 0xc2, 0x1d, 0x01, 0xf2,
    0x08, 0xeb, 0xb2,

    /* U+00FB "û" */
    0x00, 0x54, 0x00, 0x04, 0x9a, 0x20, 0x00, 0x00,
    0x00, 0x3a, 0x00, 0xb2, 0x3a, 0x00, 0xb2, 0x3a,
    0x00, 0xb2, 0x3a, 0x00, 0xc2, 0x1d, 0x01, 0xf2,
    0x08, 0xeb, 0xb2,

    /* U+00FC "ü" */
    0x08, 0x57, 0x60, 0x01, 0x01, 0x00, 0x3a, 0x00,
    0xb2, 0x3a, 0x00, 0xb2, 0x3a, 0x00, 0xb2, 0x3a,
    0x00, 0xc2, 0x1d, 0x01, 0xf2, 0x08, 0xeb, 0xb2,

    /* U+00FD "ý" */
    0x00, 0x07, 0x00, 0x00, 0x57, 0x00, 0x00, 0x00,
    0x00, 0x86, 0x00, 0xc2, 0x3b, 0x01, 0xc0, 0x0d,
    0x17, 0x70, 0x07, 0x6c, 0x10, 0x02, 0xcb, 0x00,
    0x00, 0xe6, 0x00, 0x00, 0xd0, 0x00, 0x2d, 0x60,
    0x00,

    /* U+00FE "þ" */
    0x3a, 0x00, 0x00, 0x3a, 0x00, 0x00, 0x3b, 0xbe,
    0x90, 0x3f, 0x20, 0xb5, 0x3b, 0x00, 0x59, 0x3b,
    0x00, 0x58, 0x3f, 0x20, 0xb5, 0x3b, 0xbd, 0x90,
    0x3a, 0x00, 0x00, 0x3a, 0x00, 0x00,

    /* U+00FF "ÿ" */
    0x0a, 0x39, 0x40, 0x01, 0x01, 0x00, 0x86, 0x00,
    0xc2, 0x3b, 0x01, 0xc0, 0x0d, 0x17, 0x70, 0x07,
    0x6c, 0x10, 0x02, 0xcb, 0x00, 0x00, 0xe6, 0x00,
    0x00, 0xd0, 0x00, 0x2d, 0x60, 0x00,

    /* U+0100 "Ā" */
    0x00, 0xac, 0x90, 0x00, 0x00, 0x00, 0x00, 0x00,
    0x4f, 0x20, 0x00, 0x09, 0xa7, 0x00, 0x00, 0xd2,
    0xc0, 0x00, 0x4a, 0x0c, 0x20, 0x09, 0x50, 0x77,
    0x00, 0xfe, 0xef, 0xf0, 0x4b, 0x00, 0x0d, 0x29,
    0x60, 0x00, 0x77,

    /* U+0101 "ā" */
    0x07, 0xcc, 0x00, 0x00, 0x00, 0x09, 0xdd, 0x32,
    0x70, 0x2c, 0x03, 0x7a, 0xd5, 0xc4, 0x2d, 0x77,
    0x05, 0xd1, 0xcd, 0x8d,

    /* U+0102 "Ă" */
    0x00, 0x8a, 0x70, 0x00, 0x00, 0x00, 0x00, 0x00,
    0x4f, 0x20, 0x00, 0x09, 0xa7, 0x00, 0x00, 0xd2,
    0xc0, 0x00, 0x4a, 0x0c, 0x20, 0x09, 0x50, 0x77,
    0x00, 0xfe, 0xef, 0xf0, 0x4b, 0x00, 0x0d, 0x29,
    0x60, 0x00, 0x77,

    /* U+0103 "ă" */
    0x03, 0x03, 0x00, 0x3b, 0x80, 0x00, 0x00, 0x00,
    0x9d, 0xd3, 0x27, 0x02, 0xc0, 0x37, 0xad, 0x5c,
    0x42, 0xd7, 0x70, 0x5d, 0x1c, 0xd8, 0xd0,

    /* U+0104 "Ą" */
    0x00, 0x4f, 0x20, 0x00, 0x09, 0xa7, 0x00, 0x00,
    0xd2, 0xc0, 0x00, 0x4a, 0x0c, 0x20, 0x09, 0x50,
    0x77, 0x00, 0xfe, 0xef, 0xf0, 0x4b, 0x00, 0x0d,
    0x29, 0x60, 0x00, 0x87, 0x00, 0x00, 0x0b, 0x20,
    0x00, 0x00, 0xca,

    /* U+0105 "ą" */
    0x09, 0xdd, 0x30, 0x27, 0x02, 0xc0, 0x03, 0x7a,
    0xd0, 0x5c, 0x42, 0xd0, 0x77, 0x05, 0xd0, 0x1c,
    0xd9, 0xf0, 0x00, 0x0a, 0x30, 0x00, 0x09, 0xc0,

    /* U+0106 "Ć" */
    0x00, 0x00, 0x70, 0x00, 0x00, 0x57, 0x00, 0x00,
    0x00, 0x00, 0x00, 0x1a, 0xee, 0x60, 0x0b, 0x70,
    0x1b, 0x52, 0xc0, 0x00, 0x25, 0x58, 0x00, 0x00,
    0x05, 0x80, 0x00, 0x00, 0x3c, 0x00, 0x02, 0x60,
    0xc7, 0x01, 0xc5, 0x01, 0xae, 0xe7, 0x00,

    /* U+0107 "ć" */
    0x00, 0x06, 0x00, 0x00, 0x2a, 0x00, 0x00, 0x00,
    0x00, 0x06, 0xdd, 0x60, 0x2d, 0x00, 0xa0, 0x67,
    0x00, 0x00, 0x67, 0x00, 0x00, 0x2d, 0x00, 0xb0,
    0x06, 0xdd, 0x60,

    /* U+0108 "Ĉ" */
    0x00, 0x06, 0x30, 0x00, 0x06, 0x8b, 0x10, 0x00,
    0x00, 0x00, 0x00, 0x1a, 0xee, 0x60, 0x0b, 0x70,
    0x1b, 0x52, 0xc0, 0x00, 0x25, 0x58, 0x00, 0x00,
    0x05, 0x80, 0x00, 0x00, 0x3c, 0x00, 0x02, 0x60,
    0xc7, 0x01, 0xc5, 0x01, 0xae, 0xe7, 0x00,

    /* U+0109 "ĉ" */
    0x00, 0x44, 0x00, 0x03, 0xaa, 0x30, 0x00, 0x00,
    0x00, 0x06, 0xdd, 0x60, 0x2d, 0x00, 0xa0, 0x67,
    0x00, 0x00, 0x67, 0x00, 0x00, 0x2d, 0x00, 0xb0,
    0x06, 0xdd, 0x60,

    /* U+010A "Ċ" */
    0x00, 0x00, 0x00, 0x00, 0x00, 0xa4, 0x00, 0x00,
    0x01, 0x00, 0x00, 0x1a, 0xee, 0x60, 0x0b, 0x70,
    0x1b, 0x52, 0xc0, 0x00, 0x25, 0x58, 0x00, 0x00,
    0x05, 0x80, 0x00, 0x00, 0x3c, 0x00, 0x02, 0x60,
    0xc7, 0x01, 0xc5, 0x01, 0xae, 0xe7, 0x00,

    /* U+010B "ċ" */
    0x00, 0x77, 0x00, 0x00, 0x11, 0x00, 0x06, 0xdd,
    0x60, 0x2d, 0x00, 0xa0, 0x67, 0x00, 0x00, 0x67,
    0x00, 0x00, 0x2d, 0x00, 0xb0, 0x06, 0xdd, 0x60,

    /* U+010C "Č" */
    0x00, 0x42, 0x51, 0x00, 0x01, 0xc9, 0x00, 0x00,
    0x00, 0x00, 0x00, 0x1a, 0xee, 0x60, 0x0b, 0x70,
    0x1b, 0x52, 0xc0, 0x00, 0x25, 0x58, 0x00, 0x00,
    0x05, 0x80, 0x00, 0x00, 0x3c, 0x00, 0x02, 0x60,
    0xc7, 0x01, 0xc5, 0x01, 0xae, 0xe7, 0x00,

    /* U+010D "č" */
    0x03, 0x33, 0x30, 0x00, 0xbb, 0x00, 0x00, 0x00,
    0x00, 0x06, 0xdd, 0x60, 0x2d, 0x00, 0xa0, 0x67,
    0x00, 0x00, 0x67, 0x00, 0x00, 0x2d, 0x00, 0xb0,
    0x06, 0xdd, 0x60,

    /* U+010E "Ď" */
    0x02, 0x9a, 0x20, 0x00, 0x00, 0x00, 0x00, 0x2f,
    0xee, 0xc2, 0x02, 0xd0, 0x04, 0xd1, 0x2d, 0x00,
    0x08, 0x62, 0xd0, 0x00, 0x59, 0x2d, 0x00, 0x05,
    0x92, 0xd0, 0x00, 0x86, 0x2d, 0x00, 0x4d, 0x12,
    0xfe, 0xeb, 0x20,

    /* U+010F "ď" */
    0x00, 0x00, 0x85, 0xc0, 0x00, 0x08, 0x5a, 0x07,
    0xec, 0xa5, 0x03, 0xd0, 0x1e, 0x50, 0x77, 0x00,
    0x95, 0x07, 0x70, 0x09, 0x50, 0x3d, 0x01, 0xe5,
    0x00, 0x7e, 0xc9, 0x50,

    /* U+0110 "Đ" */
    0x0f, 0xee, 0xc4, 0x00, 0xe0, 0x03, 0xd2, 0x0e,
    0x00, 0x06, 0x80, 0xe0, 0x00, 0x2b, 0xbf, 0xdb,
    0x02, 0xb0, 0xe0, 0x00, 0x68, 0x0e, 0x00, 0x3d,
    0x20, 0xfe, 0xec, 0x30,

    /* U+0111 "đ" */
    0x00, 0x0b, 0xff, 0x00, 0x00, 0x08, 0x50, 0x07,
    0xec, 0xa5, 0x03, 0xd0, 0x1e, 0x50, 0x77, 0x00,
    0x95, 0x07, 0x70, 0x09, 0x50, 0x3d, 0x01, 0xe5,
    0x00, 0x7e, 0xc9, 0x50,

    /* U+0112 "Ē" */
    0x02, 0xcc, 0x50, 0x00, 0x00, 0x00, 0x2f, 0xee,
    0xe4, 0x2d, 0x00, 0x00, 0x2d, 0x00, 0x00, 0x2d,
    0x00, 0x00, 0x2f, 0xee, 0xe1, 0x2d, 0x00, 0x00,
    0x2d, 0x00, 0x00, 0x2f, 0xee, 0xe5,

    /* U+0113 "ē" */
    0x04, 0xcc, 0x30, 0x00, 0x00, 0x00, 0x06, 0xed,
    0x60, 0x2c, 0x00, 0xd2, 0x6f, 0xcc, 0xe4, 0x77,
    0x00, 0x00, 0x3c, 0x00, 0xb1, 0x06, 0xdd, 0x70,

    /* U+0114 "Ĕ" */
    0x01, 0xaa, 0x30, 0x00, 0x00, 0x00, 0x2f, 0xee,
    0xe4, 0x2d, 0x00, 0x00, 0x2d, 0x00, 0x00, 0x2d,
    0x00, 0x00, 0x2f, 0xee, 0xe1, 0x2d, 0x00, 0x00,
    0x2d, 0x00, 0x00, 0x2f, 0xee, 0xe5,

    /* U+0115 "ĕ" */
    0x03, 0x23, 0x20, 0x01, 0xaa, 0x00, 0x00, 0x00,
    0x00, 0x06, 0xed, 0x60, 0x2c, 0x00, 0xd2, 0x6f,
    0xcc, 0xe4, 0x77, 0x00, 0x00, 0x3c, 0x00, 0xb1,
    0x06, 0xdd, 0x70,

    /* U+0116 "Ė" */
    0x00, 0x00, 0x00, 0x00, 0x59, 0x00, 0x00, 0x01,
    0x00, 0x2f, 0xee, 0xe4, 0x2d, 0x00, 0x00, 0x2d,
    0x00, 0x00, 0x2d, 0x00, 0x00, 0x2f, 0xee, 0xe1,
    0x2d, 0x00, 0x00, 0x2d, 0x00, 0x00, 0x2f, 0xee,
    0xe5,

    /* U+0117 "ė" */
    0x00, 0x86, 0x00, 0x00, 0x10, 0x00, 0x06, 0xed,
    0x60, 0x2c, 0x00, 0xd2, 0x6f, 0xcc, 0xe4, 0x77,
    0x00, 0x00, 0x3c, 0x00, 0xb1, 0x06, 0xdd, 0x70,

    /* U+0118 "Ę" */
    0x2f, 0xee, 0xe4, 0x2d, 0x00, 0x00, 0x2d, 0x00,
    0x00, 0x2f, 0xee, 0xe1, 0x2d, 0x00, 0x00, 0x2d,
    0x00, 0x00, 0x2d, 0x00, 0x00, 0x2f, 0xee, 0xe5,
    0x00, 0x01, 0xb0, 0x00, 0x03, 0xd6,

    /* U+0119 "ę" */
    0x06, 0xed, 0x60, 0x2c, 0x00, 0xd2, 0x6f, 0xcc,
    0xe4, 0x77, 0x00, 0x00, 0x3c, 0x00, 0xc1, 0x06,
    0xdf, 0xf0, 0x00, 0x0b, 0x20, 0x00, 0x08, 0xd1,

    /* U+011A "Ě" */
    0x01, 0xa9, 0x30, 0x00, 0x00, 0x00, 0x2f, 0xee,
    0xe4, 0x2d, 0x00, 0x00, 0x2d, 0x00, 0x00, 0x2d,
    0x00, 0x00, 0x2f, 0xee, 0xe1, 0x2d, 0x00, 0x00,
    0x2d, 0x00, 0x00, 0x2f, 0xee, 0xe5,

    /* U+011B "ě" */
    0x03, 0x34, 0x20, 0x00, 0xbb, 0x00, 0x00, 0x00,
    0x00, 0x06, 0xed, 0x60, 0x2c, 0x00, 0xd2, 0x6f,
    0xcc, 0xe4, 0x77, 0x00, 0x00, 0x3c, 0x00, 0xb1,
    0x06, 0xdd, 0x70,

    /* U+011C "Ĝ" */
    0x00, 0x06, 0x30, 0x00, 0x06, 0x8b, 0x10, 0x00,
    0x00, 0x00, 0x00, 0x1a, 0xed, 0x60, 0x0c, 0x70,
    0x1c, 0x53, 0xc0, 0x00, 0x26, 0x58, 0x00, 0x00,
    0x05, 0x80, 0x0d, 0xec, 0x3c, 0x00, 0x02, 0xc0,
    0xc7, 0x01, 0xb6, 0x01, 0xae, 0xe8, 0x00,

    /* U+011D "ĝ" */
    0x00, 0x54, 0x00, 0x04, 0x9a, 0x20, 0x00, 0x00,
    0x00, 0x07, 0xec, 0x95, 0x2d, 0x01, 0xe5, 0x67,
    0x00, 0x95, 0x77, 0x00, 0x95, 0x3c, 0x01, 0xd5,
    0x08, 0xdc, 0xa5, 0x04, 0x00, 0xb4, 0x09, 0xdd,
    0x80,

    /* U+011E "Ğ" */
    0x00, 0x41, 0x41, 0x00, 0x02, 0xb9, 0x00, 0x00,
    0x00, 0x00, 0x00, 0x1a, 0xed, 0x60, 0x0c, 0x70,
    0x1c, 0x53, 0xc0, 0x00, 0x26, 0x58, 0x00, 0x00,
    0x05, 0x80, 0x0d, 0xec, 0x3c, 0x00, 0x02, 0xc0,
    0xc7, 0x01, 0xb6, 0x01, 0xae, 0xe8, 0x00,

    /* U+011F "ğ" */
    0x03, 0x23, 0x20, 0x01, 0xaa, 0x00, 0x00, 0x00,
    0x00, 0x07, 0xec, 0x95, 0x2d, 0x01, 0xe5, 0x67,
    0x00, 0x95, 0x77, 0x00, 0x95, 0x3c, 0x01, 0xd5,
    0x08, 0xdc, 0xa5, 0x04, 0x00, 0xb4, 0x09, 0xdd,
    0x80,

    /* U+0120 "Ġ" */
    0x00, 0x00, 0x00, 0x00, 0x00, 0xa4, 0x00, 0x00,
    0x01, 0x00, 0x00, 0x1a, 0xed, 0x60, 0x0c, 0x70,
    0x1c, 0x53, 0xc0, 0x00, 0x26, 0x58, 0x00, 0x00,
    0x05, 0x80, 0x0d, 0xec, 0x3c, 0x00, 0x02, 0xc0,
    0xc7, 0x01, 0xb6, 0x01, 0xae, 0xe8, 0x00,

    /* U+0121 "ġ" */
    0x00, 0x86, 0x00, 0x00, 0x10, 0x00, 0x07, 0xec,
    0x95, 0x2d, 0x01, 0xe5, 0x67, 0x00, 0x95, 0x77,
    0x00, 0x95, 0x3c, 0x01, 0xd5, 0x08, 0xdc, 0xa5,
    0x04, 0x00, 0xb4, 0x09, 0xdd, 0x80,

    /* U+0122 "Ģ" */
    0x01, 0xae, 0xd6, 0x00, 0xc7, 0x01, 0xc5, 0x3c,
    0x00, 0x02, 0x65, 0x80, 0x00, 0x00, 0x58, 0x00,
    0xde, 0xc3, 0xc0, 0x00, 0x2c, 0x0c, 0x70, 0x1b,
    0x60, 0x1a, 0xee, 0x80, 0x00, 0x00, 0x00, 0x00,
    0x00, 0xc1, 0x00, 0x00, 0x0b, 0x00, 0x00,

    /* U+0123 "ģ" */
    0x00, 0x00, 0x00, 0x00, 0x39, 0x00, 0x00, 0x65,
    0x00, 0x00, 0x00, 0x00, 0x07, 0xec, 0x95, 0x2d,
    0x01, 0xe5, 0x67, 0x00, 0x95, 0x77, 0x00, 0x95,
    0x3c, 0x01, 0xd5, 0x08, 0xdc, 0xa5, 0x04, 0x00,
    0xb4, 0x09, 0xdd, 0x80,

    /* U+0124 "Ĥ" */
    0x00, 0x59, 0x90, 0x00, 0x00, 0x00, 0x00, 0x2d,
    0x00, 0x06, 0x82, 0xd0, 0x00, 0x68, 0x2d, 0x00,
    0x06, 0x82, 0xfe, 0xee, 0xe8, 0x2d, 0x00, 0x06,
    0x82, 0xd0, 0x00, 0x68, 0x2d, 0x00, 0x06, 0x82,
    0xd0, 0x00, 0x68,

    /* U+0125 "ĥ" */
    0x1a, 0x94, 0x00, 0x00, 0x00, 0x00, 0x00, 0x03,
    0xa0, 0x00, 0x00, 0x3a, 0x00, 0x00, 0x03, 0xbc,
    0xe7, 0x00, 0x3e, 0x11, 0xe0, 0x03, 0xa0, 0x0b,
    0x20, 0x3a, 0x00, 0xb2, 0x03, 0xa0, 0x0b, 0x20,
    0x3a, 0x00, 0xb2,

    /* U+0126 "Ħ" */
    0x0f, 0x00, 0x03, 0xb0, 0x0f, 0x00, 0x03, 0xb0,
    0x6f, 0xdd, 0xdf, 0xf3, 0x0f, 0xee, 0xee, 0xb0,
    0x0f, 0x00, 0x03, 0xb0, 0x0f, 0x00, 0x03, 0xb0,
    0x0f, 0x00, 0x03, 0xb0, 0x0f, 0x00, 0x03, 0xb0,

    /* U+0127 "ħ" */
    0x3a, 0x00, 0x00, 0xef, 0xb2, 0x00, 0x3b, 0xbe,
    0x70, 0x3e, 0x11, 0xe0, 0x3a, 0x00, 0xb2, 0x3a,
    0x00, 0xb2, 0x3a, 0x00, 0xb2, 0x3a, 0x00, 0xb2,

    /* U+0128 "Ĩ" */
    0x09, 0xa5, 0x00, 0x00, 0x02, 0xd0, 0x02, 0xd0,
    0x02, 0xd0, 0x02, 0xd0, 0x02, 0xd0, 0x02, 0xd0,
    0x02, 0xd0, 0x02, 0xd0,

    /* U+0129 "ĩ" */
    0x0a, 0xa5, 0x00, 0x00, 0x03, 0xa0, 0x03, 0xa0,
    0x03, 0xa0, 0x03, 0xa0, 0x03, 0xa0, 0x03, 0xa0,

    /* U+012A "Ī" */
    0x0c, 0xc8, 0x00, 0x00, 0x02, 0xd0, 0x02, 0xd0,
    0x02, 0xd0, 0x02, 0xd0, 0x02, 0xd0, 0x02, 0xd0,
    0x02, 0xd0, 0x02, 0xd0,

    /* U+012B "ī" */
    0x1c, 0xc6, 0x00, 0x00, 0x03, 0xa0, 0x03, 0xa0,
    0x03, 0xa0, 0x03, 0xa0, 0x03, 0xa0, 0x03, 0xa0,

    /* U+012C "Ĭ" */
    0x09, 0xa6, 0x00, 0x00, 0x02, 0xd0, 0x02, 0xd0,
    0x02, 0xd0, 0x02, 0xd0, 0x02, 0xd0, 0x02, 0xd0,
    0x02, 0xd0, 0x02, 0xd0,

    /* U+012D "ĭ" */
    0x14, 0x14, 0x09, 0xb2, 0x00, 0x00, 0x03, 0xa0,
    0x03, 0xa0, 0x03, 0xa0, 0x03, 0xa0, 0x03, 0xa0,
    0x03, 0xa0,

    /* U+012E "Į" */
    0x2d, 0x02, 0xd0, 0x2d, 0x02, 0xd0, 0x2d, 0x02,
    0xd0, 0x2d, 0x02, 0xd0, 0x94, 0x0a, 0xc0,

    /* U+012F "į" */
    0x04, 0xa0, 0x01, 0x03, 0xa0, 0x3a, 0x03, 0xa0,
    0x3a, 0x03, 0xa0, 0x4a, 0x0b, 0x20, 0xca,

    /* U+0130 "İ" */
    0x00, 0x2c, 0x01, 0x2d, 0x2d, 0x2d, 0x2d, 0x2d,
    0x2d, 0x2d, 0x2d,

    /* U+0131 "ı" */
    0x3a, 0x3a, 0x3a, 0x3a, 0x3a, 0x3a,

    /* U+0132 "Ĳ" */
    0x2d, 0x00, 0x00, 0x68, 0x2d, 0x00, 0x00, 0x68,
    0x2d, 0x00, 0x00, 0x68, 0x2d, 0x00, 0x00, 0x68,
    0x2d, 0x00, 0x00, 0x68, 0x2d, 0x09, 0x10, 0x68,
    0x2d, 0x0a, 0x40, 0x95, 0x2d, 0x02, 0xcc, 0xa0,

    /* U+0133 "ĳ" */
    0x4a, 0x0c, 0x20, 0x10, 0x20, 0x3a, 0x0d, 0x13,
    0xa0, 0xd1, 0x3a, 0x0d, 0x13, 0xa0, 0xd1, 0x3a,
    0x0d, 0x13, 0xa0, 0xd1, 0x00, 0x0e, 0x00, 0x0a,
    0x90,

    /* U+0134 "Ĵ" */
    0x00, 0x01, 0x70, 0x00, 0x0b, 0x68, 0x00, 0x00,
    0x00, 0x00, 0x01, 0xd0, 0x00, 0x01, 0xd0, 0x00,
    0x01, 0xd0, 0x00, 0x01, 0xd0, 0x00, 0x01, 0xd0,
    0x65, 0x01, 0xd0, 0x5a, 0x05, 0xa0, 0x0a, 0xec,
    0x20,

    /* U+0135 "ĵ" */
    0x03, 0x60, 0x1b, 0x76, 0x00, 0x00, 0x03, 0xa0,
    0x03, 0xa0, 0x03, 0xa0, 0x03, 0xa0, 0x03, 0xa0,
    0x03, 0xa0, 0x05, 0x90, 0x1e, 0x30,

    /* U+0136 "Ķ" */
    0x2d, 0x00, 0x3d, 0x12, 0xd0, 0x2d, 0x30, 0x2c,
    0x0d, 0x50, 0x02, 0xcc, 0xd0, 0x00, 0x2f, 0x9d,
    0x20, 0x02, 0xf0, 0x4c, 0x00, 0x2d, 0x00, 0xa7,
    0x02, 0xd0, 0x01, 0xd2, 0x00, 0x00, 0x00, 0x00,
    0x01, 0xb0, 0x00, 0x00, 0x56, 0x00, 0x00,

    /* U+0137 "ķ" */
    0x3a, 0x00, 0x00, 0x3a, 0x00, 0x00, 0x3a, 0x05,
    0xb0, 0x3a, 0x3c, 0x00, 0x3d, 0xf2, 0x00, 0x3e,
    0xa8, 0x00, 0x3a, 0x0d, 0x40, 0x3a, 0x02, 0xd1,
    0x00, 0x00, 0x00, 0x00, 0xb1, 0x00, 0x00, 0xb0,
    0x00,

    /* U+0138 "ĸ" */
    0x3a, 0x04, 0xc0, 0x3a, 0x0d, 0x20, 0x3a, 0x86,
    0x00, 0x3f, 0xf0, 0x00, 0x3a, 0x6b, 0x00, 0x3a,
    0x07, 0xa0,

    /* U+0139 "Ĺ" */
    0x09, 0x40, 0x00, 0x06, 0x00, 0x00, 0x2d, 0x00,
    0x00, 0x2d, 0x00, 0x00, 0x2d, 0x00, 0x00, 0x2d,
    0x00, 0x00, 0x2d, 0x00, 0x00, 0x2d, 0x00, 0x00,
    0x2d, 0x00, 0x00, 0x2f, 0xee, 0xe2,

    /* U+013A "ĺ" */
    0x0b, 0x20, 0x50, 0x3a, 0x03, 0xa0, 0x3a, 0x03,
    0xa0, 0x3a, 0x03, 0xa0, 0x3a, 0x03, 0xa0,

    /* U+013B "Ļ" */
    0x2d, 0x00, 0x00, 0x2d, 0x00, 0x00, 0x2d, 0x00,
    0x00, 0x2d, 0x00, 0x00, 0x2d, 0x00, 0x00, 0x2d,
    0x00, 0x00, 0x2d, 0x00, 0x00, 0x2f, 0xee, 0xe2,
    0x00, 0x00, 0x00, 0x00, 0x84, 0x00, 0x00, 0xa0,
    0x00,

    /* U+013C "ļ" */
    0x3a, 0x3a, 0x3a, 0x3a, 0x3a, 0x3a, 0x3a, 0x3a,
    0x00, 0x57, 0x82,

    /* U+013D "Ľ" */
    0x2d, 0x0d, 0x00, 0x2d, 0x0b, 0x00, 0x2d, 0x00,
    0x00, 0x2d, 0x00, 0x00, 0x2d, 0x00, 0x00, 0x2d,
    0x00, 0x00, 0x2d, 0x00, 0x00, 0x2f, 0xee, 0xe2,

    /* U+013E "ľ" */
    0x3a, 0xa2, 0x3a, 0xa0, 0x3a, 0x00, 0x3a, 0x00,
    0x3a, 0x00, 0x3a, 0x00, 0x3a, 0x00, 0x3a, 0x00,

    /* U+013F "Ŀ" */
    0x2d, 0x00, 0x00, 0x2d, 0x00, 0x00, 0x2d, 0x00,
    0x00, 0x2d, 0x0e, 0x00, 0x2d, 0x01, 0x00, 0x2d,
    0x00, 0x00, 0x2d, 0x00, 0x00, 0x2f, 0xee, 0xe2,

    /* U+0140 "ŀ" */
    0x3a, 0x00, 0x3a, 0x00, 0x3a, 0x00, 0x3a, 0x97,
    0x3a, 0x11, 0x3a, 0x00, 0x3a, 0x00, 0x3a, 0x00,

    /* U+0141 "Ł" */
    0x0d, 0x10, 0x00, 0x0d, 0x10, 0x00, 0x0d, 0x4a,
    0x00, 0x0f, 0xe3, 0x00, 0xaf, 0x10, 0x00, 0x0d,
    0x10, 0x00, 0x0d, 0x10, 0x00, 0x0d, 0xee, 0xe6,

    /* U+0142 "ł" */
    0x03, 0xa0, 0x03, 0xa0, 0x03, 0xf6, 0x0f, 0xf0,
    0x05, 0xa0, 0x03, 0xa0, 0x03, 0xa0, 0x03, 0xa0,

    /* U+0143 "Ń" */
    0x00, 0x02, 0xb0, 0x00, 0x00, 0x32, 0x00, 0x2f,
    0x40, 0x04, 0xa2, 0xed, 0x00, 0x4a, 0x2c, 0xa7,
    0x04, 0xa2, 0xc1, 0xe1, 0x4a, 0x2d, 0x08, 0x94,
    0xa2, 0xd0, 0x0d, 0x7a, 0x2d, 0x00, 0x5e, 0xa2,
    0xd0, 0x00, 0xca,

    /* U+0144 "ń" */
    0x00, 0x06, 0x00, 0x00, 0x1b, 0x00, 0x00, 0x23,
    0x00, 0x3b, 0xbd, 0x70, 0x3e, 0x00, 0xe0, 0x3a,
    0x00, 0xb2, 0x3a, 0x00, 0xb2, 0x3a, 0x00, 0xb2,
    0x3a, 0x00, 0xb2,

    /* U+0145 "Ņ" */
    0x2f, 0x40, 0x04, 0xa2, 0xed, 0x00, 0x4a, 0x2c,
    0xa7, 0x04, 0xa2, 0xc1, 0xe1, 0x4a, 0x2d, 0x08,
    0x94, 0xa2, 0xd0, 0x0d, 0x7a, 0x2d, 0x00, 0x5e,
    0xa2, 0xd0, 0x00, 0xca, 0x00, 0x00, 0x00, 0x00,
    0x00, 0xc1, 0x00, 0x00, 0x0b, 0x00, 0x00,

    /* U+0146 "ņ" */
    0x3b, 0xbd, 0x70, 0x3e, 0x00, 0xe0, 0x3a, 0x00,
    0xb2, 0x3a, 0x00, 0xb2, 0x3a, 0x00, 0xb2, 0x3a,
    0x00, 0xb2, 0x00, 0x00, 0x00, 0x00, 0x93, 0x00,
    0x00, 0xb0, 0x00,

    /* U+0147 "Ň" */
    0x00, 0x49, 0x90, 0x00, 0x00, 0x00, 0x00, 0x2f,
    0x40, 0x04, 0xa2, 0xed, 0x00, 0x4a, 0x2c, 0xa7,
    0x04, 0xa2, 0xc1, 0xe1, 0x4a, 0x2d, 0x08, 0x94,
    0xa2, 0xd0, 0x0d, 0x7a, 0x2d, 0x00, 0x5e, 0xa2,
    0xd0, 0x00, 0xca,

    /* U+0148 "ň" */
    0x02, 0x11, 0x10, 0x01, 0xbb, 0x10, 0x00, 0x11,
    0x00, 0x3b, 0xbd, 0x70, 0x3e, 0x00, 0xe0, 0x3a,
    0x00, 0xb2, 0x3a, 0x00, 0xb2, 0x3a, 0x00, 0xb2,
    0x3a, 0x00, 0xb2,

    /* U+014A "Ŋ" */
    0x2f, 0x40, 0x04, 0xa2, 0xed, 0x00, 0x4a, 0x2c,
    0xa7, 0x04, 0xa2, 0xc1, 0xe1, 0x4a, 0x2d, 0x08,
    0x94, 0xa2, 0xd0, 0x0d, 0x7a, 0x2d, 0x00, 0x5e,
    0xa2, 0xd0, 0x00, 0xef, 0x00, 0x00, 0x03, 0xb0,
    0x00, 0x02, 0xe6,

    /* U+014B "ŋ" */
    0x3b, 0xbd, 0x70, 0x3e, 0x00, 0xe0, 0x3a, 0x00,
    0xb2, 0x3a, 0x00, 0xb2, 0x3a, 0x00, 0xb2, 0x3a,
    0x00, 0xb2, 0x00, 0x00, 0xc2, 0x00, 0x0b, 0xc0,

    /* U+014C "Ō" */
    0x00, 0x6c, 0xc2, 0x00, 0x00, 0x00, 0x00, 0x00,
    0x01, 0xae, 0xe7, 0x00, 0x0b, 0x70, 0x1b, 0x60,
    0x2c, 0x00, 0x02, 0xd0, 0x58, 0x00, 0x00, 0xe0,
    0x58, 0x00, 0x00, 0xe0, 0x3c, 0x00, 0x02, 0xd0,
    0x0c, 0x70, 0x1b, 0x60, 0x01, 0xae, 0xe7, 0x00,

    /* U+014D "ō" */
    0x04, 0xcc, 0x40, 0x00, 0x00, 0x00, 0x06, 0xdd,
    0x60, 0x2d, 0x00, 0xd2, 0x67, 0x00, 0x76, 0x67,
    0x00, 0x76, 0x2d, 0x00, 0xd2, 0x06, 0xdd, 0x60,

    /* U+014E "Ŏ" */
    0x00, 0x41, 0x41, 0x00, 0x00, 0x2b, 0x90, 0x00,
    0x00, 0x00, 0x00, 0x00, 0x01, 0xae, 0xe7, 0x00,
    0x0b, 0x70, 0x1b, 0x60, 0x2c, 0x00, 0x02, 0xd0,
    0x58, 0x00, 0x00, 0xe0, 0x58, 0x00, 0x00, 0xe0,
    0x3c, 0x00, 0x02, 0xd0, 0x0c, 0x70, 0x1b, 0x60,
    0x01, 0xae, 0xe7, 0x00,

    /* U+014F "ŏ" */
    0x02, 0x22, 0x20, 0x01, 0xaa, 0x10, 0x00, 0x00,
    0x00, 0x06, 0xdd, 0x60, 0x2d, 0x00, 0xd2, 0x67,
    0x00, 0x76, 0x67, 0x00, 0x76, 0x2d, 0x00, 0xd2,
    0x06, 0xdd, 0x60,

    /* U+0150 "Ő" */
    0x00, 0x25, 0x34, 0x00, 0x00, 0x84, 0xb0, 0x00,
    0x00, 0x00, 0x00, 0x00, 0x01, 0xae, 0xe7, 0x00,
    0x0b, 0x70, 0x1b, 0x60, 0x2c, 0x00, 0x02, 0xd0,
    0x58, 0x00, 0x00, 0xe0, 0x58, 0x00, 0x00, 0xe0,
    0x3c, 0x00, 0x02, 0xd0, 0x0c, 0x70, 0x1b, 0x60,
    0x01, 0xae, 0xe7, 0x00,

    /* U+0151 "ő" */
    0x00, 0x72, 0x50, 0x06, 0x6a, 0x20, 0x00, 0x00,
    0x00, 0x06, 0xdd, 0x60, 0x2d, 0x00, 0xd2, 0x67,
    0x00, 0x76, 0x67, 0x00, 0x76, 0x2d, 0x00, 0xd2,
    0x06, 0xdd, 0x60,

    /* U+0152 "Œ" */
    0x01, 0xae, 0xff, 0xee, 0xe4, 0x0b, 0x70, 0x1d,
    0x00, 0x00, 0x2c, 0x00, 0x1d, 0x00, 0x00, 0x58,
    0x00, 0x1d, 0x00, 0x00, 0x58, 0x00, 0x1f, 0xee,
    0xe1, 0x2c, 0x00, 0x1d, 0x00, 0x00, 0x0b, 0x60,
    0x1d, 0x00, 0x00, 0x01, 0xae, 0xff, 0xee, 0xe5,

    /* U+0153 "œ" */
    0x06, 0xdd, 0x64, 0xde, 0x80, 0x2d, 0x00, 0xef,
    0x10, 0xa4, 0x67, 0x00, 0xcf, 0xcc, 0xe6, 0x67,
    0x00, 0xcf, 0x00, 0x00, 0x2d, 0x00, 0xef, 0x10,
    0x93, 0x06, 0xdd, 0x64, 0xdd, 0x90,

    /* U+0154 "Ŕ" */
    0x00, 0x0b, 0x20, 0x00, 0x00, 0x50, 0x00, 0x2f,
    0xee, 0xc1, 0x02, 0xd0, 0x06, 0xa0, 0x2d, 0x00,
    0x2d, 0x02, 0xd0, 0x07, 0xa0, 0x2f, 0xef, 0xf1,
    0x02, 0xd0, 0x3d, 0x00, 0x2d, 0x00, 0xb6, 0x02,
    0xd0, 0x03, 0xd0,

    /* U+0155 "ŕ" */
    0x00, 0x51, 0x00, 0xc0, 0x01, 0x40, 0x3b, 0xc7,
    0x3d, 0x00, 0x3a, 0x00, 0x3a, 0x00, 0x3a, 0x00,
    0x3a, 0x00,

    /* U+0156 "Ŗ" */
    0x2f, 0xee, 0xc1, 0x02, 0xd0, 0x06, 0xa0, 0x2d,
    0x00, 0x2d, 0x02, 0xd0, 0x07, 0xa0, 0x2f, 0xef,
    0xf1, 0x02, 0xd0, 0x3d, 0x00, 0x2d, 0x00, 0xb6,
    0x02, 0xd0, 0x03, 0xd0, 0x00, 0x00, 0x00, 0x00,
    0x04, 0x90, 0x00, 0x00, 0x74, 0x00, 0x00,

    /* U+0157 "ŗ" */
    0x3b, 0xc7, 0x3d, 0x00, 0x3a, 0x00, 0x3a, 0x00,
    0x3a, 0x00, 0x3a, 0x00, 0x00, 0x00, 0x57, 0x00,
    0x82, 0x00,

    /* U+0158 "Ř" */
    0x01, 0x99, 0x40, 0x00, 0x00, 0x00, 0x00, 0x2f,
    0xee, 0xc1, 0x02, 0xd0, 0x06, 0xa0, 0x2d, 0x00,
    0x2d, 0x02, 0xd0, 0x07, 0xa0, 0x2f, 0xef, 0xf1,
    0x02, 0xd0, 0x3d, 0x00, 0x2d, 0x00, 0xb6, 0x02,
    0xd0, 0x03, 0xd0,

    /* U+0159 "ř" */
    0x24, 0x33, 0x0a, 0xb0, 0x00, 0x00, 0x3b, 0xc7,
    0x3d, 0x00, 0x3a, 0x00, 0x3a, 0x00, 0x3a, 0x00,
    0x3a, 0x00,

    /* U+015A "Ś" */
    0x00, 0x04, 0x20, 0x00, 0x0b, 0x00, 0x00, 0x00,
    0x00, 0x05, 0xde, 0xa1, 0x1d, 0x10, 0x79, 0x2c,
    0x00, 0x00, 0x09, 0xd7, 0x10, 0x00, 0x27, 0xd5,
    0x11, 0x00, 0x2c, 0x4d, 0x10, 0x7a, 0x07, 0xee,
    0xb1,

    /* U+015B "ś" */
    0x00, 0x06, 0x00, 0x07, 0x50, 0x00, 0x00, 0x00,
    0x9d, 0xc2, 0x4b, 0x03, 0x41, 0xd8, 0x30, 0x00,
    0x5b, 0x83, 0x60, 0x4b, 0x0b, 0xdc, 0x30,

    /* U+015C "Ŝ" */
    0x00, 0x36, 0x00, 0x01, 0xb8, 0x60, 0x00, 0x00,
    0x00, 0x05, 0xde, 0xa1, 0x1d, 0x10, 0x79, 0x2c,
    0x00, 0x00, 0x09, 0xd7, 0x10, 0x00, 0x27, 0xd5,
    0x11, 0x00, 0x2c, 0x4d, 0x10, 0x7a, 0x07, 0xee,
    0xb1,

    /* U+015D "ŝ" */
    0x00, 0x72, 0x00, 0x87, 0xb0, 0x00, 0x00, 0x00,
    0x9d, 0xc2, 0x4b, 0x03, 0x41, 0xd8, 0x30, 0x00,
    0x5b, 0x83, 0x60, 0x4b, 0x0b, 0xdc, 0x30,

    /* U+015E "Ş" */
    0x05, 0xde, 0xa1, 0x1d, 0x10, 0x79, 0x2c, 0x00,
    0x00, 0x09, 0xd7, 0x10, 0x00, 0x27, 0xd5, 0x11,
    0x00, 0x2c, 0x4d, 0x10, 0x7a, 0x07, 0xef, 0xb1,
    0x00, 0x1b, 0x20, 0x00, 0x2a, 0x30,

    /* U+015F "ş" */
    0x09, 0xdc, 0x24, 0xb0, 0x34, 0x1d, 0x83, 0x00,
    0x05, 0xb8, 0x36, 0x04, 0xb0, 0xbf, 0xc3, 0x00,
    0x87, 0x00, 0x07, 0x90,

    /* U+0160 "Š" */
    0x01, 0x52, 0x40, 0x00, 0x9c, 0x10, 0x00, 0x00,
    0x00, 0x05, 0xde, 0xa1, 0x1d, 0x10, 0x79, 0x2c,
    0x00, 0x00, 0x09, 0xd7, 0x10, 0x00, 0x27, 0xd5,
    0x11, 0x00, 0x2c, 0x4d, 0x10, 0x7a, 0x07, 0xee,
    0xb1,

    /* U+0161 "š" */
    0x05, 0x16, 0x00, 0x2c, 0x80, 0x00, 0x00, 0x00,
    0x9d, 0xc2, 0x4b, 0x03, 0x41, 0xd8, 0x30, 0x00,
    0x5b, 0x83, 0x60, 0x4b, 0x0b, 0xdc, 0x30,

    /* U+0162 "Ţ" */
    0x7e, 0xef, 0xee, 0x00, 0x3b, 0x00, 0x00, 0x3b,
    0x00, 0x00, 0x3b, 0x00, 0x00, 0x3b, 0x00, 0x00,
    0x3b, 0x00, 0x00, 0x3b, 0x00, 0x00, 0x3d, 0x00,
    0x00, 0x1d, 0x20, 0x00, 0x2a, 0x40,

    /* U+0163 "ţ" */
    0x06, 0x00, 0x1c, 0x00, 0xdf, 0xb0, 0x1c, 0x00,
    0x1c, 0x00, 0x1c, 0x00, 0x0d, 0x00, 0x0b, 0xf0,
    0x02, 0xc1, 0x03, 0xb2,

    /* U+0164 "Ť" */
    0x00, 0x99, 0x40, 0x00, 0x00, 0x00, 0x7e, 0xef,
    0xee, 0x00, 0x3b, 0x00, 0x00, 0x3b, 0x00, 0x00,
    0x3b, 0x00, 0x00, 0x3b, 0x00, 0x00, 0x3b, 0x00,
    0x00, 0x3b, 0x00, 0x00, 0x3b, 0x00,

    /* U+0165 "ť" */
    0x00, 0xa2, 0x08, 0xa0, 0x1c, 0x00, 0xdf, 0xb0,
    0x1c, 0x00, 0x1c, 0x00, 0x1c, 0x00, 0x0d, 0x00,
    0x0a, 0xd0,

    /* U+0166 "Ŧ" */
    0x7e, 0xef, 0xee, 0x00, 0x3b, 0x00, 0x00, 0x3b,
    0x00, 0x09, 0xff, 0xd2, 0x00, 0x3b, 0x00, 0x00,
    0x3b, 0x00, 0x00, 0x3b, 0x00, 0x00, 0x3b, 0x00,

    /* U+0167 "ŧ" */
    0x06, 0x00, 0x1c, 0x00, 0xdf, 0xb0, 0x1c, 0x00,
    0xdf, 0xb0, 0x1c, 0x00, 0x0d, 0x00, 0x0a, 0xd0,

    /* U+0168 "Ũ" */
    0x00, 0x5a, 0x90, 0x00, 0x00, 0x00, 0x00, 0x2d,
    0x00, 0x05, 0x92, 0xd0, 0x00, 0x59, 0x2d, 0x00,
    0x05, 0x92, 0xd0, 0x00, 0x59, 0x2d, 0x00, 0x05,
    0x91, 0xe0, 0x00, 0x78, 0x0c, 0x60, 0x2d, 0x30,
    0x2b, 0xfe, 0x60,

    /* U+0169 "ũ" */
    0x03, 0xba, 0x20, 0x00, 0x00, 0x00, 0x3a, 0x00,
    0xb2, 0x3a, 0x00, 0xb2, 0x3a, 0x00, 0xb2, 0x3a,
    0x00, 0xc2, 0x1d, 0x01, 0xf2, 0x08, 0xeb, 0xb2,

    /* U+016A "Ū" */
    0x00, 0x7c, 0xc0, 0x00, 0x00, 0x00, 0x00, 0x2d,
    0x00, 0x05, 0x92, 0xd0, 0x00, 0x59, 0x2d, 0x00,
    0x05, 0x92, 0xd0, 0x00, 0x59, 0x2d, 0x00, 0x05,
    0x91, 0xe0, 0x00, 0x78, 0x0c, 0x60, 0x2d, 0x30,
    0x2b, 0xfe, 0x60,

    /* U+016B "ū" */
    0x04, 0xcc, 0x30, 0x00, 0x00, 0x00, 0x3a, 0x00,
    0xb2, 0x3a, 0x00, 0xb2, 0x3a, 0x00, 0xb2, 0x3a,
    0x00, 0xc2, 0x1d, 0x01, 0xf2, 0x08, 0xeb, 0xb2,

    /* U+016C "Ŭ" */
    0x00, 0x40, 0x40, 0x00, 0x03, 0xb8, 0x00, 0x00,
    0x00, 0x00, 0x02, 0xd0, 0x00, 0x59, 0x2d, 0x00,
    0x05, 0x92, 0xd0, 0x00, 0x59, 0x2d, 0x00, 0x05,
    0x92, 0xd0, 0x00, 0x59, 0x1e, 0x00, 0x07, 0x80,
    0xc6, 0x02, 0xd3, 0x02, 0xbf, 0xe6, 0x00,

    /* U+016D "ŭ" */
    0x03, 0x23, 0x20, 0x01, 0xaa, 0x00, 0x00, 0x00,
    0x00, 0x3a, 0x00, 0xb2, 0x3a, 0x00, 0xb2, 0x3a,
    0x00, 0xb2, 0x3a, 0x00, 0xc2, 0x1d, 0x01, 0xf2,
    0x08, 0xeb, 0xb2,

    /* U+016E "Ů" */
    0x00, 0x2a, 0x70, 0x00, 0x08, 0x3b, 0x00, 0x00,
    0x2a, 0x70, 0x02, 0xd0, 0x00, 0x59, 0x2d, 0x00,
    0x05, 0x92, 0xd0, 0x00, 0x59, 0x2d, 0x00, 0x05,
    0x92, 0xd0, 0x00, 0x59, 0x1e, 0x00, 0x07, 0x80,
    0xc6, 0x02, 0xd3, 0x02, 0xbf, 0xe6, 0x00,

    /* U+016F "ů" */
    0x00, 0x99, 0x00, 0x04, 0x68, 0x20, 0x00, 0xa9,
    0x00, 0x3a, 0x00, 0xb2, 0x3a, 0x00, 0xb2, 0x3a,
    0x00, 0xb2, 0x3a, 0x00, 0xc2, 0x1d, 0x01, 0xf2,
    0x08, 0xeb, 0xb2,

    /* U+0170 "Ű" */
    0x00, 0x35, 0x43, 0x00, 0x0a, 0x3b, 0x00, 0x00,
    0x00, 0x00, 0x02, 0xd0, 0x00, 0x59, 0x2d, 0x00,
    0x05, 0x92, 0xd0, 0x00, 0x59, 0x2d, 0x00, 0x05,
    0x92, 0xd0, 0x00, 0x59, 0x1e, 0x00, 0x07, 0x80,
    0xc6, 0x02, 0xd3, 0x02, 0xbf, 0xe6, 0x00,

    /* U+0171 "ű" */
    0x01, 0x73, 0x50, 0x06, 0x6a, 0x10, 0x00, 0x00,
    0x00, 0x3a, 0x00, 0xb2, 0x3a, 0x00, 0xb2, 0x3a,
    0x00, 0xb2, 0x3a, 0x00, 0xc2, 0x1d, 0x01, 0xf2,
    0x08, 0xeb, 0xb2,

    /* U+0172 "Ų" */
    0x2d, 0x00, 0x05, 0x92, 0xd0, 0x00, 0x59, 0x2d,
    0x00, 0x05, 0x92, 0xd0, 0x00, 0x59, 0x2d, 0x00,
    0x05, 0x91, 0xe0, 0x00, 0x7d, 0x0c, 0x60, 0x2f,
    0x70, 0x2b, 0xff, 0xb0, 0x00, 0x0c, 0x10, 0x00,
    0x00, 0xc9, 0x00,

    /* U+0173 "ų" */
    0x3a, 0x00, 0xb2, 0x3a, 0x00, 0xb2, 0x3a, 0x00,
    0xb2, 0x3a, 0x00, 0xc2, 0x1d, 0x01, 0xf2, 0x08,
    0xeb, 0xd2, 0x00, 0x04, 0x80, 0x00, 0x05, 0xd4,

    /* U+0174 "Ŵ" */
    0x00, 0x03, 0x9a, 0x10, 0x00, 0x00, 0x00, 0x00,
    0x00, 0x00, 0xa5, 0x00, 0xc9, 0x00, 0x77, 0x68,
    0x00, 0xdc, 0x00, 0xb3, 0x2c, 0x03, 0xac, 0x00,
    0xe0, 0x0d, 0x07, 0x69, 0x42, 0xb0, 0x0a, 0x4a,
    0x25, 0x86, 0x70, 0x06, 0x7d, 0x01, 0xba, 0x30,
    0x02, 0xcb, 0x00, 0xcc, 0x00, 0x00, 0xe7, 0x00,
    0x9c, 0x00,

    /* U+0175 "ŵ" */
    0x00, 0x04, 0x50, 0x00, 0x00, 0x2b, 0x94, 0x00,
    0x00, 0x00, 0x00, 0x00, 0x86, 0x07, 0xb0, 0x3b,
    0x3a, 0x0b, 0xc0, 0x76, 0x0d, 0x0b, 0x93, 0xb2,
    0x0b, 0x68, 0x56, 0xd0, 0x06, 0xc4, 0x1c, 0x90,
    0x02, 0xf0, 0x0d, 0x50,

    /* U+0176 "Ŷ" */
    0x00, 0x8b, 0x40, 0x00, 0x03, 0x03, 0x00, 0x79,
    0x00, 0x0c, 0x40, 0xe2, 0x05, 0xb0, 0x06, 0xa0,
    0xd3, 0x00, 0x0d, 0x7a, 0x00, 0x00, 0x5f, 0x20,
    0x00, 0x01, 0xd0, 0x00, 0x00, 0x1d, 0x00, 0x00,
    0x01, 0xd0, 0x00,

    /* U+0177 "ŷ" */
    0x00, 0xc8, 0x00, 0x07, 0x5a, 0x10, 0x00, 0x00,
    0x00, 0x86, 0x00, 0xc2, 0x2c, 0x02, 0xd0, 0x0c,
    0x28, 0x70, 0x06, 0x8e, 0x10, 0x00, 0xfb, 0x00,
    0x00, 0xb6, 0x00, 0x02, 0xe0, 0x00, 0x3f, 0x60,
    0x00,

    /* U+0178 "Ÿ" */
    0x00, 0x00, 0x00, 0x00, 0x1c, 0x0d, 0x00, 0x00,
    0x10, 0x10, 0x07, 0x90, 0x00, 0xc3, 0x0d, 0x20,
    0x5a, 0x00, 0x5b, 0x0d, 0x20, 0x00, 0xca, 0x80,
    0x00, 0x03, 0xf1, 0x00, 0x00, 0x1d, 0x00, 0x00,
    0x01, 0xd0, 0x00, 0x00, 0x1d, 0x00, 0x00,

    /* U+0179 "Ź" */
    0x00, 0x0c, 0x20, 0x00, 0x05, 0x00, 0x5e, 0xee,
    0xfa, 0x00, 0x00, 0xc3, 0x00, 0x07, 0x90, 0x00,
    0x1d, 0x00, 0x00, 0xa5, 0x00, 0x04, 0xb0, 0x00,
    0x0d, 0x20, 0x00, 0x5f, 0xdd, 0xd9,

    /* U+017A "ź" */
    0x00, 0x06, 0x00, 0x05, 0x80, 0x00, 0x41, 0x04,
    0xee, 0xfc, 0x00, 0x0b, 0x40, 0x06, 0x90, 0x02,
    0xd0, 0x00, 0xc4, 0x00, 0x5f, 0xee, 0xd0,

    /* U+017B "Ż" */
    0x00, 0x00, 0x00, 0x00, 0x5a, 0x00, 0x00, 0x01,
    0x00, 0x5e, 0xee, 0xfa, 0x00, 0x00, 0xc3, 0x00,
    0x07, 0x90, 0x00, 0x1d, 0x00, 0x00, 0xa5, 0x00,
    0x04, 0xb0, 0x00, 0x0d, 0x20, 0x00, 0x5f, 0xdd,
    0xd9,

    /* U+017C "ż" */
    0x00, 0xb3, 0x00, 0x02, 0x00, 0x4e, 0xef, 0xc0,
    0x00, 0xb4, 0x00, 0x69, 0x00, 0x2d, 0x00, 0x0c,
    0x40, 0x05, 0xfe, 0xed,

    /* U+017D "Ž" */
    0x01, 0xa9, 0x30, 0x00, 0x00, 0x00, 0x5e, 0xee,
    0xfa, 0x00, 0x00, 0xc3, 0x00, 0x07, 0x90, 0x00,
    0x1d, 0x00, 0x00, 0xa5, 0x00, 0x04, 0xb0, 0x00,
    0x0d, 0x20, 0x00, 0x5f, 0xdd, 0xd9,

    /* U+017E "ž" */
    0x05, 0x16, 0x10, 0x2c, 0x80, 0x00, 0x00, 0x04,
    0xee, 0xfc, 0x00, 0x0b, 0x40, 0x06, 0x90, 0x02,
    0xd0, 0x00, 0xc4, 0x00, 0x5f, 0xee, 0xd0,

    /* U+017F "ſ" */
    0x0b, 0xe0, 0x3b, 0x00, 0x3a, 0x00, 0x3a, 0x00,
    0x3a, 0x00, 0x3a, 0x00, 0x3a, 0x00, 0x3a, 0x00,

    /* U+2000 " " */

    /* U+2001 " " */

    /* U+2002 " " */

    /* U+2003 " " */

    /* U+2004 " " */

    /* U+2005 " " */

    /* U+2006 " " */

    /* U+2007 " " */

    /* U+2008 " " */

    /* U+2009 " " */

    /* U+200A " " */

    /* U+200B "​" */

    /* U+2010 "‐" */
    0xbe, 0xe5,

    /* U+2011 "‑" */
    0xbe, 0xe5,

    /* U+2012 "‒" */
    0x7e, 0xee, 0xee,

    /* U+2013 "–" */
    0xee, 0xee, 0xe0,

    /* U+2014 "—" */
    0xee, 0xee, 0xee, 0xee, 0xee,

    /* U+2015 "―" */
    0xee, 0xee, 0xee, 0xee, 0xee,

    /* U+2016 "‖" */
    0xb4, 0x8b, 0x48, 0xb4, 0x8b, 0x48, 0xb4, 0x8b,
    0x48, 0xb4, 0x8b, 0x48, 0xb4, 0x8b, 0x48, 0xb4,
    0x8b, 0x48, 0xb4, 0x80,

    /* U+2017 "‗" */
    0x0d, 0xdd, 0xd7, 0x0d, 0xdd, 0xd7,

    /* U+2018 "‘" */
    0x09, 0x20, 0xd0, 0x1d, 0x00,

    /* U+2019 "’" */
    0x0d, 0x10, 0xd0, 0x29, 0x00,

    /* U+201A "‚" */
    0x0e, 0x03, 0xa0, 0x56, 0x00,

    /* U+201B "‛" */
    0x77, 0x39, 0x0b,

    /* U+201C "“" */
    0x09, 0x2b, 0x00, 0xd1, 0xc0, 0x1d, 0x4a, 0x00,

    /* U+201D "”" */
    0x0d, 0x2e, 0x00, 0xd3, 0xa0, 0x29, 0x56, 0x00,

    /* U+201E "„" */
    0x00, 0x00, 0x0e, 0x4a, 0x3a, 0x66, 0x56, 0x82,

    /* U+201F "‟" */
    0x77, 0xb4, 0x39, 0x66, 0x0b, 0x28,

    /* U+2020 "†" */
    0x00, 0xe0, 0x00, 0x0e, 0x00, 0x5d, 0xfd, 0x40,
    0x0d, 0x00, 0x00, 0xc0, 0x00, 0x0a, 0x00,

    /* U+2021 "‡" */
    0x00, 0xe0, 0x00, 0x0e, 0x00, 0x5c, 0xfc, 0x40,
    0x0e, 0x00, 0x5c, 0xfc, 0x40, 0x0d, 0x00, 0x00,
    0xc0, 0x00, 0x09, 0x00,

    /* U+2022 "•" */
    0x04, 0x20, 0x7f, 0xf2, 0xaf, 0xf4, 0x4e, 0xb0,

    /* U+2023 "‣" */
    0x35, 0x00, 0x4f, 0xb1, 0x4f, 0x60, 0x21, 0x00,

    /* U+2024 "․" */
    0x04, 0x01, 0xe0,

    /* U+2025 "‥" */
    0x04, 0x00, 0x41, 0xe0, 0x3c,

    /* U+2026 "…" */
    0x04, 0x00, 0x40, 0x13, 0x1e, 0x03, 0xc0, 0x5b,

    /* U+2027 "‧" */
    0x00, 0x01, 0xf0, 0x03, 0x00,

    /* U+202F " " */

    /* U+2030 "‰" */
    0x6b, 0x70, 0x05, 0x70, 0x00, 0x00, 0xc0, 0xb0,
    0x1b, 0x00, 0x00, 0x00, 0xb0, 0xb0, 0x93, 0x00,
    0x00, 0x00, 0x4b, 0x53, 0x90, 0x00, 0x00, 0x00,
    0x00, 0x0b, 0x17, 0xa2, 0x2a, 0x80, 0x00, 0x75,
    0x1a, 0x2a, 0x83, 0x92, 0x02, 0xb0, 0x1a, 0x1a,
    0x92, 0x92, 0x0a, 0x20, 0x09, 0xb4, 0x3b, 0xa0,

    /* U+2031 "‱" */
    0x6b, 0x70, 0x05, 0x70, 0x00, 0x00, 0x00, 0x0c,
    0x0b, 0x01, 0xb0, 0x00, 0x00, 0x00, 0x00, 0xb0,
    0xb0, 0x93, 0x00, 0x00, 0x00, 0x00, 0x04, 0xb5,
    0x39, 0x00, 0x00, 0x00, 0x00, 0x00, 0x00, 0x0b,
    0x17, 0xa2, 0x2a, 0x80, 0x7a, 0x30, 0x07, 0x51,
    0xa2, 0xa8, 0x39, 0x3b, 0x1b, 0x02, 0xb0, 0x1a,
    0x1a, 0x92, 0x93, 0xb0, 0xb0, 0xa2, 0x00, 0x9b,
    0x43, 0xba, 0x09, 0xb4,

    /* U+2032 "′" */
    0x4a, 0x66, 0x63,

    /* U+2033 "″" */
    0x4a, 0x1d, 0x66, 0x29, 0x63, 0x35,

    /* U+2034 "‴" */
    0x4a, 0x1d, 0x0e, 0x06, 0x62, 0x90, 0xc0, 0x63,
    0x35, 0x08, 0x00,

    /* U+2035 "‵" */
    0x68, 0x39, 0x09,

    /* U+2036 "‶" */
    0x68, 0x3b, 0x39, 0x0c, 0x09, 0x09,

    /* U+2037 "‷" */
    0x68, 0x3b, 0x0e, 0x03, 0x90, 0xc0, 0xc0, 0x09,
    0x09, 0x08, 0x10,

    /* U+2038 "‸" */
    0x01, 0x80, 0x00, 0xab, 0x30, 0x49, 0x1b, 0x00,

    /* U+2039 "‹" */
    0x01, 0xc2, 0x0b, 0x40, 0x5b, 0x00, 0x0b, 0x40,
    0x01, 0xc2,

    /* U+203A "›" */
    0x3b, 0x00, 0x07, 0x90, 0x00, 0xd2, 0x07, 0x90,
    0x3b, 0x00,

    /* U+203B "※" */
    0x04, 0x4a, 0x30, 0x0b, 0x83, 0xe3, 0x00, 0xef,
    0x50, 0x58, 0xdf, 0x6c, 0x0a, 0xa3, 0xe3, 0x06,
    0x4a, 0x52, 0x00, 0x01, 0x00,

    /* U+203C "‼" */
    0x0e, 0x02, 0xc0, 0xe0, 0x2c, 0x0e, 0x02, 0xc0,
    0xe0, 0x2c, 0x0e, 0x02, 0xc0, 0x50, 0x04, 0x04,
    0x00, 0x41, 0xe0, 0x3c,

    /* U+203D "‽" */
    0x1b, 0xdb, 0x06, 0x60, 0x77, 0x01, 0xb6, 0x70,
    0x0d, 0xc1, 0x00, 0xf1, 0x00, 0x0a, 0x00, 0x00,
    0x40, 0x00, 0x3c, 0x00,

    /* U+203E "‾" */
    0x8e, 0xee, 0xd0,

    /* U+203F "‿" */
    0x58, 0x20, 0x01, 0x67, 0x07, 0xef, 0xff, 0x91,
    0x00, 0x01, 0x10, 0x00,

    /* U+2040 "⁀" */
    0x05, 0xbe, 0xec, 0x70, 0x49, 0x20, 0x01, 0x77,

    /* U+2041 "⁁" */
    0x00, 0x00, 0x00, 0x00, 0xb0, 0x00, 0x66, 0x00,
    0x0b, 0x00, 0x09, 0xe0, 0x02, 0xa8, 0x40, 0x32,
    0x05, 0x00,

    /* U+2042 "⁂" */
    0x00, 0x03, 0x00, 0x00, 0x04, 0xf7, 0x00, 0x00,
    0x7f, 0xc0, 0x00, 0x02, 0x63, 0x00, 0x08, 0x90,
    0x6a, 0x12, 0xff, 0x5f, 0xf4, 0x08, 0xa0, 0x7b,
    0x10,

    /* U+2043 "⁃" */
    0x7e, 0xe1,

    /* U+2044 "⁄" */
    0x00, 0x00, 0x48, 0x00, 0x00, 0xb0, 0x00, 0x08,
    0x40, 0x00, 0x2a, 0x00, 0x00, 0xb1, 0x00, 0x06,
    0x60, 0x00, 0x1b, 0x00, 0x00, 0xa3, 0x00, 0x00,

    /* U+2045 "⁅" */
    0xcd, 0x0d, 0x00, 0xd0, 0x0d, 0x00, 0xfc, 0x0d,
    0x00, 0xd0, 0x0d, 0x00, 0xd0, 0x0c, 0xd0,

    /* U+2046 "⁆" */
    0x5d, 0x70, 0x48, 0x04, 0x80, 0x48, 0x4f, 0xa0,
    0x48, 0x04, 0x80, 0x48, 0x04, 0x85, 0xd7,

    /* U+2047 "⁇" */
    0x0a, 0xdb, 0x00, 0x9d, 0xc1, 0x78, 0x07, 0x85,
    0xa0, 0x5a, 0x00, 0x06, 0x80, 0x00, 0x5a, 0x00,
    0x4d, 0x20, 0x03, 0xd3, 0x00, 0xe1, 0x00, 0x0d,
    0x30, 0x01, 0x60, 0x00, 0x07, 0x00, 0x00, 0x40,
    0x00, 0x04, 0x00, 0x03, 0xc0, 0x00, 0x1e, 0x00,

    /* U+2048 "⁈" */
    0x0a, 0xdb, 0x00, 0xf0, 0x78, 0x07, 0x80, 0xf0,
    0x00, 0x06, 0x80, 0xe0, 0x00, 0x4d, 0x20, 0xe0,
    0x00, 0xe2, 0x00, 0xe0, 0x01, 0x70, 0x00, 0x80,
    0x00, 0x40, 0x00, 0x40, 0x03, 0xc0, 0x00, 0xe1,

    /* U+2049 "⁉" */
    0x0e, 0x01, 0xbc, 0xa0, 0x0e, 0x09, 0x50, 0x86,
    0x0e, 0x00, 0x00, 0xa6, 0x0e, 0x00, 0x08, 0xc0,
    0x0e, 0x00, 0x2d, 0x00, 0x05, 0x00, 0x13, 0x00,
    0x04, 0x00, 0x13, 0x00, 0x1e, 0x00, 0x5b, 0x00,

    /* U+204A "⁊" */
    0x7e, 0xee, 0x00, 0x0c, 0x00, 0x0b, 0x00, 0x2a,
    0x00, 0x38, 0x00, 0x57, 0x00, 0x65, 0x00, 0x84,

    /* U+204B "⁋" */
    0x3f, 0xef, 0x80, 0x2c, 0x5f, 0xf4, 0x2c, 0x5f,
    0xf7, 0x2c, 0x5f, 0xf4, 0x2c, 0x5f, 0x90, 0x2c,
    0x00, 0x00, 0x2c, 0x00, 0x00, 0x2c, 0x00, 0x00,

    /* U+204C "⁌" */
    0x06, 0xdd, 0xf3, 0x1f, 0xf6, 0xc2, 0x4f, 0xf6,
    0xc2, 0x1f, 0xf6, 0xc2, 0x05, 0xdd, 0xf3,

    /* U+204D "⁍" */
    0x5f, 0xed, 0x50, 0x3a, 0x7f, 0xf0, 0x3a, 0x7f,
    0xf2, 0x3a, 0x7f, 0xf0, 0x5f, 0xed, 0x40,

    /* U+204E "⁎" */
    0x00, 0x40, 0x02, 0x4a, 0x42, 0x09, 0xe9, 0x13,
    0xbc, 0xb3, 0x00, 0xa0, 0x00,

    /* U+204F "⁏" */
    0x00, 0x01, 0xf0, 0x02, 0x00, 0x00, 0x00, 0x00,
    0xe0, 0x0a, 0x20, 0x65,

    /* U+2050 "⁐" */
    0x06, 0xcf, 0xec, 0x60, 0x69, 0x31, 0x13, 0x96,
    0x00, 0x00, 0x00, 0x00, 0x00, 0x00, 0x00, 0x00,
    0x00, 0x00, 0x00, 0x00, 0x00, 0x00, 0x00, 0x00,
    0x00, 0x00, 0x00, 0x00, 0x00, 0x00, 0x00, 0x00,
    0x00, 0x00, 0x00, 0x00, 0x67, 0x10, 0x01, 0x66,
    0x08, 0xef, 0xfe, 0x80, 0x00, 0x01, 0x10, 0x00,

    /* U+2051 "⁑" */
    0x05, 0x50, 0x9b, 0xb9, 0x3d, 0xd4, 0x65, 0x56,
    0x02, 0x20, 0x02, 0x20, 0x65, 0x56, 0x4d, 0xd4,
    0x9b, 0xb9, 0x05, 0x50,

    /* U+2052 "⁒" */
    0x00, 0x00, 0x08, 0x44, 0xe1, 0x02, 0xa0, 0x29,
    0x00, 0xb1, 0x00, 0x00, 0x66, 0x00, 0x00, 0x1b,
    0x00, 0x00, 0x0a, 0x20, 0x56, 0x04, 0x80, 0x09,
    0xa0, 0xb0, 0x00, 0x00,

    /* U+2053 "⁓" */
    0x1b, 0xd8, 0x11, 0x20, 0x20, 0x6d, 0xd4,

    /* U+2054 "⁔" */
    0x04, 0xbe, 0xeb, 0x60, 0x5b, 0x42, 0x24, 0x98,
    0x00, 0x00, 0x00, 0x00,

    /* U+2055 "⁕" */
    0x01, 0x61, 0x00, 0xae, 0xc3, 0x4d, 0xff, 0x90,
    0x9f, 0xd2, 0x03, 0x83, 0x10,

    /* U+2057 "⁗" */
    0x4a, 0x1d, 0x0e, 0x0b, 0x36, 0x62, 0x90, 0xc0,
    0xc0, 0x63, 0x35, 0x08, 0x09, 0x00,

    /* U+205F " " */

};

/*---------------------
 *  GLYPH DESCRIPTION
 *--------------------*/

static const lv_font_fmt_txt_glyph_dsc_t glyph_dsc[] = {
    {.bitmap_index = 0, .adv_w = 0, .box_w = 0, .box_h = 0, .ofs_x = 0, .ofs_y = 0} /* id = 0 reserved */,
    {.bitmap_index = 0, .adv_w = 45, .box_w = 0, .box_h = 0, .ofs_x = 0, .ofs_y = 0},
    {.bitmap_index = 0, .adv_w = 46, .box_w = 3, .box_h = 8, .ofs_x = 0, .ofs_y = 0},
    {.bitmap_index = 12, .adv_w = 75, .box_w = 3, .box_h = 3, .ofs_x = 1, .ofs_y = 5},
    {.bitmap_index = 17, .adv_w = 101, .box_w = 7, .box_h = 8, .ofs_x = 0, .ofs_y = 0},
    {.bitmap_index = 45, .adv_w = 103, .box_w = 6, .box_h = 12, .ofs_x = 0, .ofs_y = -2},
    {.bitmap_index = 81, .adv_w = 157, .box_w = 8, .box_h = 8, .ofs_x = 1, .ofs_y = 0},
    {.bitmap_index = 113, .adv_w = 103, .box_w = 7, .box_h = 8, .ofs_x = 0, .ofs_y = 0},
    {.bitmap_index = 141, .adv_w = 48, .box_w = 1, .box_h = 3, .ofs_x = 1, .ofs_y = 5},
    {.bitmap_index = 143, .adv_w = 58, .box_w = 3, .box_h = 10, .ofs_x = 1, .ofs_y = -1},
    {.bitmap_index = 158, .adv_w = 58, .box_w = 3, .box_h = 10, .ofs_x = 0, .ofs_y = -1},
    {.bitmap_index = 173, .adv_w = 80, .box_w = 5, .box_h = 5, .ofs_x = 0, .ofs_y = 3},
    {.bitmap_index = 186, .adv_w = 106, .box_w = 6, .box_h = 6, .ofs_x = 0, .ofs_y = 1},
    {.bitmap_index = 204, .adv_w = 46, .box_w = 3, .box_h = 4, .ofs_x = 0, .ofs_y = -2},
    {.bitmap_index = 210, .adv_w = 74, .box_w = 4, .box_h = 1, .ofs_x = 0, .ofs_y = 3},
    {.bitmap_index = 212, .adv_w = 46, .box_w = 3, .box_h = 2, .ofs_x = 0, .ofs_y = 0},
    {.bitmap_index = 215, .adv_w = 58, .box_w = 4, .box_h = 10, .ofs_x = 0, .ofs_y = -1},
    {.bitmap_index = 235, .adv_w = 101, .box_w = 6, .box_h = 8, .ofs_x = 0, .ofs_y = 0},
    {.bitmap_index = 259, .adv_w = 65, .box_w = 4, .box_h = 8, .ofs_x = 0, .ofs_y = 0},
    {.bitmap_index = 275, .adv_w = 98, .box_w = 6, .box_h = 8, .ofs_x = 0, .ofs_y = 0},
    {.bitmap_index = 299, .adv_w = 99, .box_w = 6, .box_h = 8, .ofs_x = 0, .ofs_y = 0},
    {.bitmap_index = 323, .adv_w = 103, .box_w = 6, .box_h = 8, .ofs_x = 0, .ofs_y = 0},
    {.bitmap_index = 347, .adv_w = 95, .box_w = 6, .box_h = 8, .ofs_x = 0, .ofs_y = 0},
    {.bitmap_index = 371, .adv_w = 99, .box_w = 6, .box_h = 8, .ofs_x = 0, .ofs_y = 0},
    {.bitmap_index = 395, .adv_w = 91, .box_w = 6, .box_h = 8, .ofs_x = 0, .ofs_y = 0},
    {.bitmap_index = 419, .adv_w = 99, .box_w = 6, .box_h = 8, .ofs_x = 0, .ofs_y = 0},
    {.bitmap_index = 443, .adv_w = 99, .box_w = 6, .box_h = 8, .ofs_x = 0, .ofs_y = 0},
    {.bitmap_index = 467, .adv_w = 46, .box_w = 3, .box_h = 7, .ofs_x = 0, .ofs_y = 0},
    {.bitmap_index = 478, .adv_w = 48, .box_w = 3, .box_h = 8, .ofs_x = 0, .ofs_y = -2},
    {.bitmap_index = 490, .adv_w = 106, .box_w = 6, .box_h = 6, .ofs_x = 0, .ofs_y = 0},
    {.bitmap_index = 508, .adv_w = 106, .box_w = 5, .box_h = 3, .ofs_x = 1, .ofs_y = 1},
    {.bitmap_index = 516, .adv_w = 106, .box_w = 5, .box_h = 6, .ofs_x = 1, .ofs_y = 0},
    {.bitmap_index = 531, .adv_w = 82, .box_w = 5, .box_h = 8, .ofs_x = 0, .ofs_y = 0},
    {.bitmap_index = 551, .adv_w = 155, .box_w = 10, .box_h = 10, .ofs_x = 0, .ofs_y = -2},
    {.bitmap_index = 601, .adv_w = 110, .box_w = 7, .box_h = 8, .ofs_x = 0, .ofs_y = 0},
    {.bitmap_index = 629, .adv_w = 105, .box_w = 6, .box_h = 8, .ofs_x = 0, .ofs_y = 0},
    {.bitmap_index = 653, .adv_w = 117, .box_w = 7, .box_h = 8, .ofs_x = 0, .ofs_y = 0},
    {.bitmap_index = 681, .adv_w = 115, .box_w = 7, .box_h = 8, .ofs_x = 0, .ofs_y = 0},
    {.bitmap_index = 709, .adv_w = 96, .box_w = 6, .box_h = 8, .ofs_x = 0, .ofs_y = 0},
    {.bitmap_index = 733, .adv_w = 94, .box_w = 6, .box_h = 8, .ofs_x = 0, .ofs_y = 0},
    {.bitmap_index = 757, .adv_w = 119, .box_w = 7, .box_h = 8, .ofs_x = 0, .ofs_y = 0},
    {.bitmap_index = 785, .adv_w = 119, .box_w = 7, .box_h = 8, .ofs_x = 0, .ofs_y = 0},
    {.bitmap_index = 813, .adv_w = 43, .box_w = 2, .box_h = 8, .ofs_x = 0, .ofs_y = 0},
    {.bitmap_index = 821, .adv_w = 91, .box_w = 5, .box_h = 8, .ofs_x = 0, .ofs_y = 0},
    {.bitmap_index = 841, .adv_w = 108, .box_w = 7, .box_h = 8, .ofs_x = 0, .ofs_y = 0},
    {.bitmap_index = 869, .adv_w = 90, .box_w = 6, .box_h = 8, .ofs_x = 0, .ofs_y = 0},
    {.bitmap_index = 893, .adv_w = 145, .box_w = 9, .box_h = 8, .ofs_x = 0, .ofs_y = 0},
    {.bitmap_index = 929, .adv_w = 121, .box_w = 7, .box_h = 8, .ofs_x = 0, .ofs_y = 0},
    {.bitmap_index = 957, .adv_w = 122, .box_w = 8, .box_h = 8, .ofs_x = 0, .ofs_y = 0},
    {.bitmap_index = 989, .adv_w = 102, .box_w = 6, .box_h = 8, .ofs_x = 0, .ofs_y = 0},
    {.bitmap_index = 1013, .adv_w = 122, .box_w = 8, .box_h = 9, .ofs_x = 0, .ofs_y = -1},
    {.bitmap_index = 1049, .adv_w = 103, .box_w = 7, .box_h = 8, .ofs_x = 0, .ofs_y = 0},
    {.bitmap_index = 1077, .adv_w = 103, .box_w = 6, .box_h = 8, .ofs_x = 0, .ofs_y = 0},
    {.bitmap_index = 1101, .adv_w = 103, .box_w = 6, .box_h = 8, .ofs_x = 0, .ofs_y = 0},
    {.bitmap_index = 1125, .adv_w = 119, .box_w = 7, .box_h = 8, .ofs_x = 0, .ofs_y = 0},
    {.bitmap_index = 1153, .adv_w = 110, .box_w = 7, .box_h = 8, .ofs_x = 0, .ofs_y = 0},
    {.bitmap_index = 1181, .adv_w = 158, .box_w = 10, .box_h = 8, .ofs_x = 0, .ofs_y = 0},
    {.bitmap_index = 1221, .adv_w = 109, .box_w = 7, .box_h = 8, .ofs_x = 0, .ofs_y = 0},
    {.bitmap_index = 1249, .adv_w = 109, .box_w = 7, .box_h = 8, .ofs_x = 0, .ofs_y = 0},
    {.bitmap_index = 1277, .adv_w = 101, .box_w = 6, .box_h = 8, .ofs_x = 0, .ofs_y = 0},
    {.bitmap_index = 1301, .adv_w = 58, .box_w = 3, .box_h = 10, .ofs_x = 1, .ofs_y = -2},
    {.bitmap_index = 1316, .adv_w = 58, .box_w = 4, .box_h = 10, .ofs_x = 0, .ofs_y = -1},
    {.bitmap_index = 1336, .adv_w = 58, .box_w = 3, .box_h = 10, .ofs_x = 0, .ofs_y = -2},
    {.bitmap_index = 1351, .adv_w = 75, .box_w = 5, .box_h = 5, .ofs_x = 0, .ofs_y = 4},
    {.bitmap_index = 1364, .adv_w = 73, .box_w = 5, .box_h = 1, .ofs_x = 0, .ofs_y = -1},
    {.bitmap_index = 1367, .adv_w = 52, .box_w = 3, .box_h = 2, .ofs_x = 0, .ofs_y = 7},
    {.bitmap_index = 1370, .adv_w = 90, .box_w = 5, .box_h = 6, .ofs_x = 0, .ofs_y = 0},
    {.bitmap_index = 1385, .adv_w = 98, .box_w = 6, .box_h = 8, .ofs_x = 0, .ofs_y = 0},
    {.bitmap_index = 1409, .adv_w = 91, .box_w = 6, .box_h = 6, .ofs_x = 0, .ofs_y = 0},
    {.bitmap_index = 1427, .adv_w = 98, .box_w = 6, .box_h = 8, .ofs_x = 0, .ofs_y = 0},
    {.bitmap_index = 1451, .adv_w = 93, .box_w = 6, .box_h = 6, .ofs_x = 0, .ofs_y = 0},
    {.bitmap_index = 1469, .adv_w = 59, .box_w = 4, .box_h = 8, .ofs_x = 0, .ofs_y = 0},
    {.bitmap_index = 1485, .adv_w = 98, .box_w = 6, .box_h = 8, .ofs_x = 0, .ofs_y = -2},
    {.bitmap_index = 1509, .adv_w = 95, .box_w = 6, .box_h = 8, .ofs_x = 0, .ofs_y = 0},
    {.bitmap_index = 1533, .adv_w = 39, .box_w = 2, .box_h = 8, .ofs_x = 0, .ofs_y = 0},
    {.bitmap_index = 1541, .adv_w = 39, .box_w = 3, .box_h = 10, .ofs_x = -1, .ofs_y = -2},
    {.bitmap_index = 1556, .adv_w = 88, .box_w = 6, .box_h = 8, .ofs_x = 0, .ofs_y = 0},
    {.bitmap_index = 1580, .adv_w = 39, .box_w = 2, .box_h = 8, .ofs_x = 0, .ofs_y = 0},
    {.bitmap_index = 1588, .adv_w = 140, .box_w = 8, .box_h = 6, .ofs_x = 0, .ofs_y = 0},
    {.bitmap_index = 1612, .adv_w = 95, .box_w = 6, .box_h = 6, .ofs_x = 0, .ofs_y = 0},
    {.bitmap_index = 1630, .adv_w = 96, .box_w = 6, .box_h = 6, .ofs_x = 0, .ofs_y = 0},
    {.bitmap_index = 1648, .adv_w = 98, .box_w = 6, .box_h = 8, .ofs_x = 0, .ofs_y = -2},
    {.bitmap_index = 1672, .adv_w = 98, .box_w = 6, .box_h = 8, .ofs_x = 0, .ofs_y = -2},
    {.bitmap_index = 1696, .adv_w = 60, .box_w = 4, .box_h = 6, .ofs_x = 0, .ofs_y = 0},
    {.bitmap_index = 1708, .adv_w = 84, .box_w = 5, .box_h = 6, .ofs_x = 0, .ofs_y = 0},
    {.bitmap_index = 1723, .adv_w = 52, .box_w = 4, .box_h = 8, .ofs_x = 0, .ofs_y = 0},
    {.bitmap_index = 1739, .adv_w = 95, .box_w = 6, .box_h = 6, .ofs_x = 0, .ofs_y = 0},
    {.bitmap_index = 1757, .adv_w = 90, .box_w = 6, .box_h = 6, .ofs_x = 0, .ofs_y = 0},
    {.bitmap_index = 1775, .adv_w = 131, .box_w = 8, .box_h = 6, .ofs_x = 0, .ofs_y = 0},
    {.bitmap_index = 1799, .adv_w = 87, .box_w = 6, .box_h = 6, .ofs_x = 0, .ofs_y = 0},
    {.bitmap_index = 1817, .adv_w = 90, .box_w = 6, .box_h = 8, .ofs_x = 0, .ofs_y = -2},
    {.bitmap_index = 1841, .adv_w = 88, .box_w = 5, .box_h = 6, .ofs_x = 0, .ofs_y = 0},
    {.bitmap_index = 1856, .adv_w = 68, .box_w = 4, .box_h = 10, .ofs_x = 0, .ofs_y = -2},
    {.bitmap_index = 1876, .adv_w = 53, .box_w = 2, .box_h = 13, .ofs_x = 1, .ofs_y = -3},
    {.bitmap_index = 1889, .adv_w = 68, .box_w = 4, .box_h = 10, .ofs_x = 0, .ofs_y = -2},
    {.bitmap_index = 1909, .adv_w = 106, .box_w = 6, .box_h = 2, .ofs_x = 0, .ofs_y = 2},
    {.bitmap_index = 1915, .adv_w = 45, .box_w = 0, .box_h = 0, .ofs_x = 0, .ofs_y = 0},
    {.bitmap_index = 1915, .adv_w = 46, .box_w = 3, .box_h = 8, .ofs_x = 0, .ofs_y = -2},
    {.bitmap_index = 1927, .adv_w = 91, .box_w = 6, .box_h = 8, .ofs_x = 0, .ofs_y = 0},
    {.bitmap_index = 1951, .adv_w = 98, .box_w = 6, .box_h = 8, .ofs_x = 0, .ofs_y = 0},
    {.bitmap_index = 1975, .adv_w = 116, .box_w = 7, .box_h = 8, .ofs_x = 0, .ofs_y = 0},
    {.bitmap_index = 2003, .adv_w = 88, .box_w = 6, .box_h = 8, .ofs_x = 0, .ofs_y = 0},
    {.bitmap_index = 2027, .adv_w = 43, .box_w = 2, .box_h = 10, .ofs_x = 0, .ofs_y = -2},
    {.bitmap_index = 2037, .adv_w = 91, .box_w = 6, .box_h = 10, .ofs_x = 0, .ofs_y = -2},
    {.bitmap_index = 2067, .adv_w = 95, .box_w = 4, .box_h = 3, .ofs_x = 1, .ofs_y = 6},
    {.bitmap_index = 2073, .adv_w = 146, .box_w = 9, .box_h = 8, .ofs_x = 0, .ofs_y = 0},
    {.bitmap_index = 2109, .adv_w = 73, .box_w = 4, .box_h = 4, .ofs_x = 0, .ofs_y = 4},
    {.bitmap_index = 2117, .adv_w = 93, .box_w = 6, .box_h = 5, .ofs_x = 0, .ofs_y = 1},
    {.bitmap_index = 2132, .adv_w = 106, .box_w = 5, .box_h = 3, .ofs_x = 1, .ofs_y = 1},
    {.bitmap_index = 2140, .adv_w = 107, .box_w = 7, .box_h = 6, .ofs_x = 0, .ofs_y = 2},
    {.bitmap_index = 2161, .adv_w = 76, .box_w = 3, .box_h = 1, .ofs_x = 1, .ofs_y = 7},
    {.bitmap_index = 2163, .adv_w = 73, .box_w = 4, .box_h = 4, .ofs_x = 0, .ofs_y = 4},
    {.bitmap_index = 2171, .adv_w = 106, .box_w = 5, .box_h = 6, .ofs_x = 1, .ofs_y = 0},
    {.bitmap_index = 2186, .adv_w = 71, .box_w = 4, .box_h = 4, .ofs_x = 0, .ofs_y = 5},
    {.bitmap_index = 2194, .adv_w = 71, .box_w = 4, .box_h = 4, .ofs_x = 0, .ofs_y = 5},
    {.bitmap_index = 2202, .adv_w = 52, .box_w = 3, .box_h = 2, .ofs_x = 0, .ofs_y = 7},
    {.bitmap_index = 2205, .adv_w = 94, .box_w = 6, .box_h = 8, .ofs_x = 0, .ofs_y = -2},
    {.bitmap_index = 2229, .adv_w = 96, .box_w = 6, .box_h = 8, .ofs_x = 0, .ofs_y = 0},
    {.bitmap_index = 2253, .adv_w = 46, .box_w = 3, .box_h = 3, .ofs_x = 0, .ofs_y = 2},
    {.bitmap_index = 2258, .adv_w = 43, .box_w = 3, .box_h = 4, .ofs_x = 0, .ofs_y = -2},
    {.bitmap_index = 2264, .adv_w = 49, .box_w = 3, .box_h = 4, .ofs_x = 0, .ofs_y = 5},
    {.bitmap_index = 2270, .adv_w = 77, .box_w = 5, .box_h = 4, .ofs_x = 0, .ofs_y = 4},
    {.bitmap_index = 2280, .adv_w = 93, .box_w = 6, .box_h = 5, .ofs_x = 0, .ofs_y = 1},
    {.bitmap_index = 2295, .adv_w = 128, .box_w = 8, .box_h = 9, .ofs_x = 0, .ofs_y = 0},
    {.bitmap_index = 2331, .adv_w = 136, .box_w = 8, .box_h = 9, .ofs_x = 0, .ofs_y = 0},
    {.bitmap_index = 2367, .adv_w = 141, .box_w = 9, .box_h = 9, .ofs_x = 0, .ofs_y = 0},
    {.bitmap_index = 2408, .adv_w = 82, .box_w = 5, .box_h = 8, .ofs_x = 0, .ofs_y = -2},
    {.bitmap_index = 2428, .adv_w = 110, .box_w = 7, .box_h = 10, .ofs_x = 0, .ofs_y = 0},
    {.bitmap_index = 2463, .adv_w = 110, .box_w = 7, .box_h = 10, .ofs_x = 0, .ofs_y = 0},
    {.bitmap_index = 2498, .adv_w = 110, .box_w = 7, .box_h = 10, .ofs_x = 0, .ofs_y = 0},
    {.bitmap_index = 2533, .adv_w = 110, .box_w = 7, .box_h = 10, .ofs_x = 0, .ofs_y = 0},
    {.bitmap_index = 2568, .adv_w = 110, .box_w = 7, .box_h = 11, .ofs_x = 0, .ofs_y = 0},
    {.bitmap_index = 2607, .adv_w = 110, .box_w = 7, .box_h = 11, .ofs_x = 0, .ofs_y = 0},
    {.bitmap_index = 2646, .adv_w = 159, .box_w = 10, .box_h = 8, .ofs_x = 0, .ofs_y = 0},
    {.bitmap_index = 2686, .adv_w = 117, .box_w = 7, .box_h = 10, .ofs_x = 0, .ofs_y = -2},
    {.bitmap_index = 2721, .adv_w = 96, .box_w = 6, .box_h = 10, .ofs_x = 0, .ofs_y = 0},
    {.bitmap_index = 2751, .adv_w = 96, .box_w = 6, .box_h = 10, .ofs_x = 0, .ofs_y = 0},
    {.bitmap_index = 2781, .adv_w = 96, .box_w = 6, .box_h = 10, .ofs_x = 0, .ofs_y = 0},
    {.bitmap_index = 2811, .adv_w = 96, .box_w = 6, .box_h = 11, .ofs_x = 0, .ofs_y = 0},
    {.bitmap_index = 2844, .adv_w = 43, .box_w = 2, .box_h = 10, .ofs_x = 0, .ofs_y = 0},
    {.bitmap_index = 2854, .adv_w = 43, .box_w = 3, .box_h = 10, .ofs_x = 0, .ofs_y = 0},
    {.bitmap_index = 2869, .adv_w = 43, .box_w = 4, .box_h = 10, .ofs_x = -1, .ofs_y = 0},
    {.bitmap_index = 2889, .adv_w = 43, .box_w = 4, .box_h = 11, .ofs_x = -1, .ofs_y = 0},
    {.bitmap_index = 2911, .adv_w = 118, .box_w = 7, .box_h = 8, .ofs_x = 0, .ofs_y = 0},
    {.bitmap_index = 2939, .adv_w = 121, .box_w = 7, .box_h = 10, .ofs_x = 0, .ofs_y = 0},
    {.bitmap_index = 2974, .adv_w = 122, .box_w = 8, .box_h = 11, .ofs_x = 0, .ofs_y = 0},
    {.bitmap_index = 3018, .adv_w = 122, .box_w = 8, .box_h = 11, .ofs_x = 0, .ofs_y = 0},
    {.bitmap_index = 3062, .adv_w = 122, .box_w = 8, .box_h = 11, .ofs_x = 0, .ofs_y = 0},
    {.bitmap_index = 3106, .adv_w = 122, .box_w = 8, .box_h = 10, .ofs_x = 0, .ofs_y = 0},
    {.bitmap_index = 3146, .adv_w = 122, .box_w = 8, .box_h = 11, .ofs_x = 0, .ofs_y = 0},
    {.bitmap_index = 3190, .adv_w = 106, .box_w = 5, .box_h = 6, .ofs_x = 1, .ofs_y = 0},
    {.bitmap_index = 3205, .adv_w = 122, .box_w = 8, .box_h = 10, .ofs_x = 0, .ofs_y = -1},
    {.bitmap_index = 3245, .adv_w = 119, .box_w = 7, .box_h = 11, .ofs_x = 0, .ofs_y = 0},
    {.bitmap_index = 3284, .adv_w = 119, .box_w = 7, .box_h = 11, .ofs_x = 0, .ofs_y = 0},
    {.bitmap_index = 3323, .adv_w = 119, .box_w = 7, .box_h = 11, .ofs_x = 0, .ofs_y = 0},
    {.bitmap_index = 3362, .adv_w = 119, .box_w = 7, .box_h = 11, .ofs_x = 0, .ofs_y = 0},
    {.bitmap_index = 3401, .adv_w = 109, .box_w = 7, .box_h = 10, .ofs_x = 0, .ofs_y = 0},
    {.bitmap_index = 3436, .adv_w = 102, .box_w = 6, .box_h = 8, .ofs_x = 0, .ofs_y = 0},
    {.bitmap_index = 3460, .adv_w = 99, .box_w = 6, .box_h = 8, .ofs_x = 0, .ofs_y = 0},
    {.bitmap_index = 3484, .adv_w = 90, .box_w = 5, .box_h = 9, .ofs_x = 0, .ofs_y = 0},
    {.bitmap_index = 3507, .adv_w = 90, .box_w = 5, .box_h = 9, .ofs_x = 0, .ofs_y = 0},
    {.bitmap_index = 3530, .adv_w = 90, .box_w = 5, .box_h = 9, .ofs_x = 0, .ofs_y = 0},
    {.bitmap_index = 3553, .adv_w = 90, .box_w = 5, .box_h = 8, .ofs_x = 0, .ofs_y = 0},
    {.bitmap_index = 3573, .adv_w = 90, .box_w = 5, .box_h = 8, .ofs_x = 0, .ofs_y = 0},
    {.bitmap_index = 3593, .adv_w = 90, .box_w = 5, .box_h = 9, .ofs_x = 0, .ofs_y = 0},
    {.bitmap_index = 3616, .adv_w = 147, .box_w = 9, .box_h = 6, .ofs_x = 0, .ofs_y = 0},
    {.bitmap_index = 3643, .adv_w = 91, .box_w = 6, .box_h = 8, .ofs_x = 0, .ofs_y = -2},
    {.bitmap_index = 3667, .adv_w = 93, .box_w = 6, .box_h = 9, .ofs_x = 0, .ofs_y = 0},
    {.bitmap_index = 3694, .adv_w = 93, .box_w = 6, .box_h = 9, .ofs_x = 0, .ofs_y = 0},
    {.bitmap_index = 3721, .adv_w = 93, .box_w = 6, .box_h = 9, .ofs_x = 0, .ofs_y = 0},
    {.bitmap_index = 3748, .adv_w = 93, .box_w = 6, .box_h = 8, .ofs_x = 0, .ofs_y = 0},
    {.bitmap_index = 3772, .adv_w = 39, .box_w = 3, .box_h = 8, .ofs_x = -1, .ofs_y = 0},
    {.bitmap_index = 3784, .adv_w = 39, .box_w = 3, .box_h = 9, .ofs_x = 0, .ofs_y = 0},
    {.bitmap_index = 3798, .adv_w = 39, .box_w = 4, .box_h = 9, .ofs_x = -1, .ofs_y = 0},
    {.bitmap_index = 3816, .adv_w = 39, .box_w = 4, .box_h = 8, .ofs_x = -1, .ofs_y = 0},
    {.bitmap_index = 3832, .adv_w = 93, .box_w = 6, .box_h = 9, .ofs_x = 0, .ofs_y = 0},
    {.bitmap_index = 3859, .adv_w = 95, .box_w = 6, .box_h = 8, .ofs_x = 0, .ofs_y = 0},
    {.bitmap_index = 3883, .adv_w = 96, .box_w = 6, .box_h = 9, .ofs_x = 0, .ofs_y = 0},
    {.bitmap_index = 3910, .adv_w = 96, .box_w = 6, .box_h = 9, .ofs_x = 0, .ofs_y = 0},
    {.bitmap_index = 3937, .adv_w = 96, .box_w = 6, .box_h = 9, .ofs_x = 0, .ofs_y = 0},
    {.bitmap_index = 3964, .adv_w = 96, .box_w = 6, .box_h = 8, .ofs_x = 0, .ofs_y = 0},
    {.bitmap_index = 3988, .adv_w = 96, .box_w = 6, .box_h = 8, .ofs_x = 0, .ofs_y = 0},
    {.bitmap_index = 4012, .adv_w = 106, .box_w = 5, .box_h = 6, .ofs_x = 1, .ofs_y = 0},
    {.bitmap_index = 4027, .adv_w = 96, .box_w = 6, .box_h = 8, .ofs_x = 0, .ofs_y = -1},
    {.bitmap_index = 4051, .adv_w = 95, .box_w = 6, .box_h = 9, .ofs_x = 0, .ofs_y = 0},
    {.bitmap_index = 4078, .adv_w = 95, .box_w = 6, .box_h = 9, .ofs_x = 0, .ofs_y = 0},
    {.bitmap_index = 4105, .adv_w = 95, .box_w = 6, .box_h = 9, .ofs_x = 0, .ofs_y = 0},
    {.bitmap_index = 4132, .adv_w = 95, .box_w = 6, .box_h = 8, .ofs_x = 0, .ofs_y = 0},
    {.bitmap_index = 4156, .adv_w = 90, .box_w = 6, .box_h = 11, .ofs_x = 0, .ofs_y = -2},
    {.bitmap_index = 4189, .adv_w = 98, .box_w = 6, .box_h = 10, .ofs_x = 0, .ofs_y = -2},
    {.bitmap_index = 4219, .adv_w = 90, .box_w = 6, .box_h = 10, .ofs_x = 0, .ofs_y = -2},
    {.bitmap_index = 4249, .adv_w = 110, .box_w = 7, .box_h = 10, .ofs_x = 0, .ofs_y = 0},
    {.bitmap_index = 4284, .adv_w = 90, .box_w = 5, .box_h = 8, .ofs_x = 0, .ofs_y = 0},
    {.bitmap_index = 4304, .adv_w = 110, .box_w = 7, .box_h = 10, .ofs_x = 0, .ofs_y = 0},
    {.bitmap_index = 4339, .adv_w = 90, .box_w = 5, .box_h = 9, .ofs_x = 0, .ofs_y = 0},
    {.bitmap_index = 4362, .adv_w = 110, .box_w = 7, .box_h = 10, .ofs_x = 0, .ofs_y = -2},
    {.bitmap_index = 4397, .adv_w = 90, .box_w = 6, .box_h = 8, .ofs_x = 0, .ofs_y = -2},
    {.bitmap_index = 4421, .adv_w = 117, .box_w = 7, .box_h = 11, .ofs_x = 0, .ofs_y = 0},
    {.bitmap_index = 4460, .adv_w = 91, .box_w = 6, .box_h = 9, .ofs_x = 0, .ofs_y = 0},
    {.bitmap_index = 4487, .adv_w = 117, .box_w = 7, .box_h = 11, .ofs_x = 0, .ofs_y = 0},
    {.bitmap_index = 4526, .adv_w = 91, .box_w = 6, .box_h = 9, .ofs_x = 0, .ofs_y = 0},
    {.bitmap_index = 4553, .adv_w = 117, .box_w = 7, .box_h = 11, .ofs_x = 0, .ofs_y = 0},
    {.bitmap_index = 4592, .adv_w = 91, .box_w = 6, .box_h = 8, .ofs_x = 0, .ofs_y = 0},
    {.bitmap_index = 4616, .adv_w = 117, .box_w = 7, .box_h = 11, .ofs_x = 0, .ofs_y = 0},
    {.bitmap_index = 4655, .adv_w = 91, .box_w = 6, .box_h = 9, .ofs_x = 0, .ofs_y = 0},
    {.bitmap_index = 4682, .adv_w = 115, .box_w = 7, .box_h = 10, .ofs_x = 0, .ofs_y = 0},
    {.bitmap_index = 4717, .adv_w = 114, .box_w = 7, .box_h = 8, .ofs_x = 0, .ofs_y = 0},
    {.bitmap_index = 4745, .adv_w = 118, .box_w = 7, .box_h = 8, .ofs_x = 0, .ofs_y = 0},
    {.bitmap_index = 4773, .adv_w = 98, .box_w = 7, .box_h = 8, .ofs_x = 0, .ofs_y = 0},
    {.bitmap_index = 4801, .adv_w = 96, .box_w = 6, .box_h = 10, .ofs_x = 0, .ofs_y = 0},
    {.bitmap_index = 4831, .adv_w = 93, .box_w = 6, .box_h = 8, .ofs_x = 0, .ofs_y = 0},
    {.bitmap_index = 4855, .adv_w = 96, .box_w = 6, .box_h = 10, .ofs_x = 0, .ofs_y = 0},
    {.bitmap_index = 4885, .adv_w = 93, .box_w = 6, .box_h = 9, .ofs_x = 0, .ofs_y = 0},
    {.bitmap_index = 4912, .adv_w = 96, .box_w = 6, .box_h = 11, .ofs_x = 0, .ofs_y = 0},
    {.bitmap_index = 4945, .adv_w = 93, .box_w = 6, .box_h = 8, .ofs_x = 0, .ofs_y = 0},
    {.bitmap_index = 4969, .adv_w = 96, .box_w = 6, .box_h = 10, .ofs_x = 0, .ofs_y = -2},
    {.bitmap_index = 4999, .adv_w = 93, .box_w = 6, .box_h = 8, .ofs_x = 0, .ofs_y = -2},
    {.bitmap_index = 5023, .adv_w = 96, .box_w = 6, .box_h = 10, .ofs_x = 0, .ofs_y = 0},
    {.bitmap_index = 5053, .adv_w = 93, .box_w = 6, .box_h = 9, .ofs_x = 0, .ofs_y = 0},
    {.bitmap_index = 5080, .adv_w = 119, .box_w = 7, .box_h = 11, .ofs_x = 0, .ofs_y = 0},
    {.bitmap_index = 5119, .adv_w = 98, .box_w = 6, .box_h = 11, .ofs_x = 0, .ofs_y = -2},
    {.bitmap_index = 5152, .adv_w = 119, .box_w = 7, .box_h = 11, .ofs_x = 0, .ofs_y = 0},
    {.bitmap_index = 5191, .adv_w = 98, .box_w = 6, .box_h = 11, .ofs_x = 0, .ofs_y = -2},
    {.bitmap_index = 5224, .adv_w = 119, .box_w = 7, .box_h = 11, .ofs_x = 0, .ofs_y = 0},
    {.bitmap_index = 5263, .adv_w = 98, .box_w = 6, .box_h = 10, .ofs_x = 0, .ofs_y = -2},
    {.bitmap_index = 5293, .adv_w = 119, .box_w = 7, .box_h = 11, .ofs_x = 0, .ofs_y = -3},
    {.bitmap_index = 5332, .adv_w = 98, .box_w = 6, .box_h = 12, .ofs_x = 0, .ofs_y = -2},
    {.bitmap_index = 5368, .adv_w = 119, .box_w = 7, .box_h = 10, .ofs_x = 0, .ofs_y = 0},
    {.bitmap_index = 5403, .adv_w = 95, .box_w = 7, .box_h = 10, .ofs_x = -1, .ofs_y = 0},
    {.bitmap_index = 5438, .adv_w = 124, .box_w = 8, .box_h = 8, .ofs_x = 0, .ofs_y = 0},
    {.bitmap_index = 5470, .adv_w = 95, .box_w = 6, .box_h = 8, .ofs_x = 0, .ofs_y = 0},
    {.bitmap_index = 5494, .adv_w = 43, .box_w = 4, .box_h = 10, .ofs_x = -1, .ofs_y = 0},
    {.bitmap_index = 5514, .adv_w = 39, .box_w = 4, .box_h = 8, .ofs_x = -1, .ofs_y = 0},
    {.bitmap_index = 5530, .adv_w = 43, .box_w = 4, .box_h = 10, .ofs_x = -1, .ofs_y = 0},
    {.bitmap_index = 5550, .adv_w = 39, .box_w = 4, .box_h = 8, .ofs_x = -1, .ofs_y = 0},
    {.bitmap_index = 5566, .adv_w = 43, .box_w = 4, .box_h = 10, .ofs_x = -1, .ofs_y = 0},
    {.bitmap_index = 5586, .adv_w = 39, .box_w = 4, .box_h = 9, .ofs_x = -1, .ofs_y = 0},
    {.bitmap_index = 5604, .adv_w = 43, .box_w = 3, .box_h = 10, .ofs_x = 0, .ofs_y = -2},
    {.bitmap_index = 5619, .adv_w = 39, .box_w = 3, .box_h = 10, .ofs_x = -1, .ofs_y = -2},
    {.bitmap_index = 5634, .adv_w = 43, .box_w = 2, .box_h = 11, .ofs_x = 0, .ofs_y = 0},
    {.bitmap_index = 5645, .adv_w = 39, .box_w = 2, .box_h = 6, .ofs_x = 0, .ofs_y = 0},
    {.bitmap_index = 5651, .adv_w = 134, .box_w = 8, .box_h = 8, .ofs_x = 0, .ofs_y = 0},
    {.bitmap_index = 5683, .adv_w = 78, .box_w = 5, .box_h = 10, .ofs_x = 0, .ofs_y = -2},
    {.bitmap_index = 5708, .adv_w = 91, .box_w = 6, .box_h = 11, .ofs_x = 0, .ofs_y = 0},
    {.bitmap_index = 5741, .adv_w = 39, .box_w = 4, .box_h = 11, .ofs_x = -1, .ofs_y = -2},
    {.bitmap_index = 5763, .adv_w = 108, .box_w = 7, .box_h = 11, .ofs_x = 0, .ofs_y = -3},
    {.bitmap_index = 5802, .adv_w = 88, .box_w = 6, .box_h = 11, .ofs_x = 0, .ofs_y = -3},
    {.bitmap_index = 5835, .adv_w = 84, .box_w = 6, .box_h = 6, .ofs_x = 0, .ofs_y = 0},
    {.bitmap_index = 5853, .adv_w = 90, .box_w = 6, .box_h = 10, .ofs_x = 0, .ofs_y = 0},
    {.bitmap_index = 5883, .adv_w = 39, .box_w = 3, .box_h = 10, .ofs_x = 0, .ofs_y = 0},
    {.bitmap_index = 5898, .adv_w = 90, .box_w = 6, .box_h = 11, .ofs_x = 0, .ofs_y = -3},
    {.bitmap_index = 5931, .adv_w = 39, .box_w = 2, .box_h = 11, .ofs_x = 0, .ofs_y = -3},
    {.bitmap_index = 5942, .adv_w = 90, .box_w = 6, .box_h = 8, .ofs_x = 0, .ofs_y = 0},
    {.bitmap_index = 5966, .adv_w = 54, .box_w = 4, .box_h = 8, .ofs_x = 0, .ofs_y = 0},
    {.bitmap_index = 5982, .adv_w = 90, .box_w = 6, .box_h = 8, .ofs_x = 0, .ofs_y = 0},
    {.bitmap_index = 6006, .adv_w = 58, .box_w = 4, .box_h = 8, .ofs_x = 0, .ofs_y = 0},
    {.bitmap_index = 6022, .adv_w = 95, .box_w = 6, .box_h = 8, .ofs_x = 0, .ofs_y = 0},
    {.bitmap_index = 6046, .adv_w = 39, .box_w = 4, .box_h = 8, .ofs_x = -1, .ofs_y = 0},
    {.bitmap_index = 6062, .adv_w = 121, .box_w = 7, .box_h = 10, .ofs_x = 0, .ofs_y = 0},
    {.bitmap_index = 6097, .adv_w = 95, .box_w = 6, .box_h = 9, .ofs_x = 0, .ofs_y = 0},
    {.bitmap_index = 6124, .adv_w = 121, .box_w = 7, .box_h = 11, .ofs_x = 0, .ofs_y = -3},
    {.bitmap_index = 6163, .adv_w = 95, .box_w = 6, .box_h = 9, .ofs_x = 0, .ofs_y = -3},
    {.bitmap_index = 6190, .adv_w = 121, .box_w = 7, .box_h = 10, .ofs_x = 0, .ofs_y = 0},
    {.bitmap_index = 6225, .adv_w = 95, .box_w = 6, .box_h = 9, .ofs_x = 0, .ofs_y = 0},
    {.bitmap_index = 6252, .adv_w = 121, .box_w = 7, .box_h = 10, .ofs_x = 0, .ofs_y = -2},
    {.bitmap_index = 6287, .adv_w = 95, .box_w = 6, .box_h = 8, .ofs_x = 0, .ofs_y = -2},
    {.bitmap_index = 6311, .adv_w = 122, .box_w = 8, .box_h = 10, .ofs_x = 0, .ofs_y = 0},
    {.bitmap_index = 6351, .adv_w = 96, .box_w = 6, .box_h = 8, .ofs_x = 0, .ofs_y = 0},
    {.bitmap_index = 6375, .adv_w = 122, .box_w = 8, .box_h = 11, .ofs_x = 0, .ofs_y = 0},
    {.bitmap_index = 6419, .adv_w = 96, .box_w = 6, .box_h = 9, .ofs_x = 0, .ofs_y = 0},
    {.bitmap_index = 6446, .adv_w = 122, .box_w = 8, .box_h = 11, .ofs_x = 0, .ofs_y = 0},
    {.bitmap_index = 6490, .adv_w = 96, .box_w = 6, .box_h = 9, .ofs_x = 0, .ofs_y = 0},
    {.bitmap_index = 6517, .adv_w = 161, .box_w = 10, .box_h = 8, .ofs_x = 0, .ofs_y = 0},
    {.bitmap_index = 6557, .adv_w = 160, .box_w = 10, .box_h = 6, .ofs_x = 0, .ofs_y = 0},
    {.bitmap_index = 6587, .adv_w = 103, .box_w = 7, .box_h = 10, .ofs_x = 0, .ofs_y = 0},
    {.bitmap_index = 6622, .adv_w = 60, .box_w = 4, .box_h = 9, .ofs_x = 0, .ofs_y = 0},
    {.bitmap_index = 6640, .adv_w = 103, .box_w = 7, .box_h = 11, .ofs_x = 0, .ofs_y = -3},
    {.bitmap_index = 6679, .adv_w = 60, .box_w = 4, .box_h = 9, .ofs_x = 0, .ofs_y = -3},
    {.bitmap_index = 6697, .adv_w = 103, .box_w = 7, .box_h = 10, .ofs_x = 0, .ofs_y = 0},
    {.bitmap_index = 6732, .adv_w = 60, .box_w = 4, .box_h = 9, .ofs_x = 0, .ofs_y = 0},
    {.bitmap_index = 6750, .adv_w = 103, .box_w = 6, .box_h = 11, .ofs_x = 0, .ofs_y = 0},
    {.bitmap_index = 6783, .adv_w = 84, .box_w = 5, .box_h = 9, .ofs_x = 0, .ofs_y = 0},
    {.bitmap_index = 6806, .adv_w = 103, .box_w = 6, .box_h = 11, .ofs_x = 0, .ofs_y = 0},
    {.bitmap_index = 6839, .adv_w = 84, .box_w = 5, .box_h = 9, .ofs_x = 0, .ofs_y = 0},
    {.bitmap_index = 6862, .adv_w = 103, .box_w = 6, .box_h = 10, .ofs_x = 0, .ofs_y = -2},
    {.bitmap_index = 6892, .adv_w = 84, .box_w = 5, .box_h = 8, .ofs_x = 0, .ofs_y = -2},
    {.bitmap_index = 6912, .adv_w = 103, .box_w = 6, .box_h = 11, .ofs_x = 0, .ofs_y = 0},
    {.bitmap_index = 6945, .adv_w = 84, .box_w = 5, .box_h = 9, .ofs_x = 0, .ofs_y = 0},
    {.bitmap_index = 6968, .adv_w = 103, .box_w = 6, .box_h = 10, .ofs_x = 0, .ofs_y = -2},
    {.bitmap_index = 6998, .adv_w = 52, .box_w = 4, .box_h = 10, .ofs_x = 0, .ofs_y = -2},
    {.bitmap_index = 7018, .adv_w = 103, .box_w = 6, .box_h = 10, .ofs_x = 0, .ofs_y = 0},
    {.bitmap_index = 7048, .adv_w = 60, .box_w = 4, .box_h = 9, .ofs_x = 0, .ofs_y = 0},
    {.bitmap_index = 7066, .adv_w = 103, .box_w = 6, .box_h = 8, .ofs_x = 0, .ofs_y = 0},
    {.bitmap_index = 7090, .adv_w = 52, .box_w = 4, .box_h = 8, .ofs_x = 0, .ofs_y = 0},
    {.bitmap_index = 7106, .adv_w = 119, .box_w = 7, .box_h = 10, .ofs_x = 0, .ofs_y = 0},
    {.bitmap_index = 7141, .adv_w = 95, .box_w = 6, .box_h = 8, .ofs_x = 0, .ofs_y = 0},
    {.bitmap_index = 7165, .adv_w = 119, .box_w = 7, .box_h = 10, .ofs_x = 0, .ofs_y = 0},
    {.bitmap_index = 7200, .adv_w = 95, .box_w = 6, .box_h = 8, .ofs_x = 0, .ofs_y = 0},
    {.bitmap_index = 7224, .adv_w = 119, .box_w = 7, .box_h = 11, .ofs_x = 0, .ofs_y = 0},
    {.bitmap_index = 7263, .adv_w = 95, .box_w = 6, .box_h = 9, .ofs_x = 0, .ofs_y = 0},
    {.bitmap_index = 7290, .adv_w = 119, .box_w = 7, .box_h = 11, .ofs_x = 0, .ofs_y = 0},
    {.bitmap_index = 7329, .adv_w = 95, .box_w = 6, .box_h = 9, .ofs_x = 0, .ofs_y = 0},
    {.bitmap_index = 7356, .adv_w = 119, .box_w = 7, .box_h = 11, .ofs_x = 0, .ofs_y = 0},
    {.bitmap_index = 7395, .adv_w = 95, .box_w = 6, .box_h = 9, .ofs_x = 0, .ofs_y = 0},
    {.bitmap_index = 7422, .adv_w = 119, .box_w = 7, .box_h = 10, .ofs_x = 0, .ofs_y = -2},
    {.bitmap_index = 7457, .adv_w = 95, .box_w = 6, .box_h = 8, .ofs_x = 0, .ofs_y = -2},
    {.bitmap_index = 7481, .adv_w = 158, .box_w = 10, .box_h = 10, .ofs_x = 0, .ofs_y = 0},
    {.bitmap_index = 7531, .adv_w = 131, .box_w = 8, .box_h = 9, .ofs_x = 0, .ofs_y = 0},
    {.bitmap_index = 7567, .adv_w = 109, .box_w = 7, .box_h = 10, .ofs_x = 0, .ofs_y = 0},
    {.bitmap_index = 7602, .adv_w = 90, .box_w = 6, .box_h = 11, .ofs_x = 0, .ofs_y = -2},
    {.bitmap_index = 7635, .adv_w = 109, .box_w = 7, .box_h = 11, .ofs_x = 0, .ofs_y = 0},
    {.bitmap_index = 7674, .adv_w = 101, .box_w = 6, .box_h = 10, .ofs_x = 0, .ofs_y = 0},
    {.bitmap_index = 7704, .adv_w = 88, .box_w = 5, .box_h = 9, .ofs_x = 0, .ofs_y = 0},
    {.bitmap_index = 7727, .adv_w = 101, .box_w = 6, .box_h = 11, .ofs_x = 0, .ofs_y = 0},
    {.bitmap_index = 7760, .adv_w = 88, .box_w = 5, .box_h = 8, .ofs_x = 0, .ofs_y = 0},
    {.bitmap_index = 7780, .adv_w = 101, .box_w = 6, .box_h = 10, .ofs_x = 0, .ofs_y = 0},
    {.bitmap_index = 7810, .adv_w = 88, .box_w = 5, .box_h = 9, .ofs_x = 0, .ofs_y = 0},
    {.bitmap_index = 7833, .adv_w = 50, .box_w = 4, .box_h = 8, .ofs_x = 0, .ofs_y = 0},
    {.bitmap_index = 7849, .adv_w = 87, .box_w = 0, .box_h = 0, .ofs_x = 0, .ofs_y = 0},
    {.bitmap_index = 7849, .adv_w = 175, .box_w = 0, .box_h = 0, .ofs_x = 0, .ofs_y = 0},
    {.bitmap_index = 7849, .adv_w = 80, .box_w = 0, .box_h = 0, .ofs_x = 0, .ofs_y = 0},
    {.bitmap_index = 7849, .adv_w = 160, .box_w = 0, .box_h = 0, .ofs_x = 0, .ofs_y = 0},
    {.bitmap_index = 7849, .adv_w = 53, .box_w = 0, .box_h = 0, .ofs_x = 0, .ofs_y = 0},
    {.bitmap_index = 7849, .adv_w = 40, .box_w = 0, .box_h = 0, .ofs_x = 0, .ofs_y = 0},
    {.bitmap_index = 7849, .adv_w = 27, .box_w = 0, .box_h = 0, .ofs_x = 0, .ofs_y = 0},
    {.bitmap_index = 7849, .adv_w = 104, .box_w = 0, .box_h = 0, .ofs_x = 0, .ofs_y = 0},
    {.bitmap_index = 7849, .adv_w = 46, .box_w = 0, .box_h = 0, .ofs_x = 0, .ofs_y = 0},
    {.bitmap_index = 7849, .adv_w = 29, .box_w = 0, .box_h = 0, .ofs_x = 0, .ofs_y = 0},
    {.bitmap_index = 7849, .adv_w = 15, .box_w = 0, .box_h = 0, .ofs_x = 0, .ofs_y = 0},
    {.bitmap_index = 7849, .adv_w = 0, .box_w = 0, .box_h = 0, .ofs_x = 0, .ofs_y = 0},
    {.bitmap_index = 7849, .adv_w = 57, .box_w = 4, .box_h = 1, .ofs_x = 0, .ofs_y = 3},
    {.bitmap_index = 7851, .adv_w = 57, .box_w = 4, .box_h = 1, .ofs_x = 0, .ofs_y = 3},
    {.bitmap_index = 7853, .adv_w = 104, .box_w = 6, .box_h = 1, .ofs_x = 0, .ofs_y = 3},
    {.bitmap_index = 7856, .adv_w = 80, .box_w = 5, .box_h = 1, .ofs_x = 0, .ofs_y = 3},
    {.bitmap_index = 7859, .adv_w = 160, .box_w = 10, .box_h = 1, .ofs_x = 0, .ofs_y = 3},
    {.bitmap_index = 7864, .adv_w = 160, .box_w = 10, .box_h = 1, .ofs_x = 0, .ofs_y = 3},
    {.bitmap_index = 7869, .adv_w = 77, .box_w = 3, .box_h = 13, .ofs_x = 1, .ofs_y = -3},
    {.bitmap_index = 7889, .adv_w = 72, .box_w = 6, .box_h = 2, .ofs_x = -1, .ofs_y = -2},
    {.bitmap_index = 7895, .adv_w = 42, .box_w = 3, .box_h = 3, .ofs_x = 0, .ofs_y = 5},
    {.bitmap_index = 7900, .adv_w = 42, .box_w = 3, .box_h = 3, .ofs_x = 0, .ofs_y = 5},
    {.bitmap_index = 7905, .adv_w = 39, .box_w = 3, .box_h = 3, .ofs_x = 0, .ofs_y = -2},
    {.bitmap_index = 7910, .adv_w = 42, .box_w = 2, .box_h = 3, .ofs_x = 0, .ofs_y = 5},
    {.bitmap_index = 7913, .adv_w = 70, .box_w = 5, .box_h = 3, .ofs_x = 0, .ofs_y = 5},
    {.bitmap_index = 7921, .adv_w = 70, .box_w = 5, .box_h = 3, .ofs_x = 0, .ofs_y = 5},
    {.bitmap_index = 7929, .adv_w = 67, .box_w = 4, .box_h = 4, .ofs_x = 0, .ofs_y = -2},
    {.bitmap_index = 7937, .adv_w = 70, .box_w = 4, .box_h = 3, .ofs_x = 0, .ofs_y = 5},
    {.bitmap_index = 7943, .adv_w = 79, .box_w = 5, .box_h = 6, .ofs_x = 0, .ofs_y = 2},
    {.bitmap_index = 7958, .adv_w = 79, .box_w = 5, .box_h = 8, .ofs_x = 0, .ofs_y = 0},
    {.bitmap_index = 7978, .adv_w = 90, .box_w = 4, .box_h = 4, .ofs_x = 1, .ofs_y = 1},
    {.bitmap_index = 7986, .adv_w = 90, .box_w = 4, .box_h = 4, .ofs_x = 1, .ofs_y = 1},
    {.bitmap_index = 7994, .adv_w = 46, .box_w = 3, .box_h = 2, .ofs_x = 0, .ofs_y = 0},
    {.bitmap_index = 7997, .adv_w = 92, .box_w = 5, .box_h = 2, .ofs_x = 0, .ofs_y = 0},
    {.bitmap_index = 8002, .adv_w = 138, .box_w = 8, .box_h = 2, .ofs_x = 0, .ofs_y = 0},
    {.bitmap_index = 8010, .adv_w = 46, .box_w = 3, .box_h = 3, .ofs_x = 0, .ofs_y = 2},
    {.bitmap_index = 8015, .adv_w = 29, .box_w = 0, .box_h = 0, .ofs_x = 0, .ofs_y = 0},
    {.bitmap_index = 8015, .adv_w = 214, .box_w = 12, .box_h = 8, .ofs_x = 1, .ofs_y = 0},
    {.bitmap_index = 8063, .adv_w = 270, .box_w = 15, .box_h = 8, .ofs_x = 1, .ofs_y = 0},
    {.bitmap_index = 8123, .adv_w = 36, .box_w = 2, .box_h = 3, .ofs_x = 0, .ofs_y = 5},
    {.bitmap_index = 8126, .adv_w = 71, .box_w = 4, .box_h = 3, .ofs_x = 0, .ofs_y = 5},
    {.bitmap_index = 8132, .adv_w = 106, .box_w = 7, .box_h = 3, .ofs_x = 0, .ofs_y = 5},
    {.bitmap_index = 8143, .adv_w = 36, .box_w = 2, .box_h = 3, .ofs_x = 0, .ofs_y = 5},
    {.bitmap_index = 8146, .adv_w = 71, .box_w = 4, .box_h = 3, .ofs_x = 0, .ofs_y = 5},
    {.bitmap_index = 8152, .adv_w = 106, .box_w = 7, .box_h = 3, .ofs_x = 0, .ofs_y = 5},
    {.bitmap_index = 8163, .adv_w = 73, .box_w = 5, .box_h = 3, .ofs_x = 0, .ofs_y = -3},
    {.bitmap_index = 8171, .adv_w = 61, .box_w = 4, .box_h = 5, .ofs_x = 0, .ofs_y = 1},
    {.bitmap_index = 8181, .adv_w = 61, .box_w = 4, .box_h = 5, .ofs_x = 0, .ofs_y = 1},
    {.bitmap_index = 8191, .adv_w = 102, .box_w = 6, .box_h = 7, .ofs_x = 0, .ofs_y = 0},
    {.bitmap_index = 8212, .adv_w = 92, .box_w = 5, .box_h = 8, .ofs_x = 0, .ofs_y = 0},
    {.bitmap_index = 8232, .adv_w = 81, .box_w = 5, .box_h = 8, .ofs_x = 0, .ofs_y = 0},
    {.bitmap_index = 8252, .adv_w = 86, .box_w = 5, .box_h = 1, .ofs_x = 0, .ofs_y = 8},
    {.bitmap_index = 8255, .adv_w = 131, .box_w = 8, .box_h = 3, .ofs_x = 0, .ofs_y = -3},
    {.bitmap_index = 8267, .adv_w = 131, .box_w = 8, .box_h = 2, .ofs_x = 0, .ofs_y = 6},
    {.bitmap_index = 8275, .adv_w = 72, .box_w = 5, .box_h = 7, .ofs_x = 0, .ofs_y = -3},
    {.bitmap_index = 8293, .adv_w = 116, .box_w = 7, .box_h = 7, .ofs_x = 0, .ofs_y = 1},
    {.bitmap_index = 8318, .adv_w = 90, .box_w = 4, .box_h = 1, .ofs_x = 1, .ofs_y = 3},
    {.bitmap_index = 8320, .adv_w = 31, .box_w = 6, .box_h = 8, .ofs_x = -2, .ofs_y = 0},
    {.bitmap_index = 8344, .adv_w = 58, .box_w = 3, .box_h = 10, .ofs_x = 1, .ofs_y = -2},
    {.bitmap_index = 8359, .adv_w = 58, .box_w = 3, .box_h = 10, .ofs_x = 0, .ofs_y = -2},
    {.bitmap_index = 8374, .adv_w = 164, .box_w = 10, .box_h = 8, .ofs_x = 0, .ofs_y = 0},
    {.bitmap_index = 8414, .adv_w = 128, .box_w = 8, .box_h = 8, .ofs_x = 0, .ofs_y = 0},
    {.bitmap_index = 8446, .adv_w = 128, .box_w = 8, .box_h = 8, .ofs_x = 0, .ofs_y = 0},
    {.bitmap_index = 8478, .adv_w = 71, .box_w = 4, .box_h = 8, .ofs_x = 0, .ofs_y = -2},
    {.bitmap_index = 8494, .adv_w = 96, .box_w = 6, .box_h = 8, .ofs_x = 0, .ofs_y = 0},
    {.bitmap_index = 8518, .adv_w = 95, .box_w = 6, .box_h = 5, .ofs_x = 0, .ofs_y = 1},
    {.bitmap_index = 8533, .adv_w = 95, .box_w = 6, .box_h = 5, .ofs_x = 0, .ofs_y = 1},
    {.bitmap_index = 8548, .adv_w = 80, .box_w = 5, .box_h = 5, .ofs_x = 0, .ofs_y = -1},
    {.bitmap_index = 8561, .adv_w = 48, .box_w = 3, .box_h = 8, .ofs_x = 0, .ofs_y = -2},
    {.bitmap_index = 8573, .adv_w = 130, .box_w = 8, .box_h = 12, .ofs_x = 0, .ofs_y = -4},
    {.bitmap_index = 8621, .adv_w = 86, .box_w = 4, .box_h = 10, .ofs_x = 1, .ofs_y = -2},
    {.bitmap_index = 8641, .adv_w = 118, .box_w = 7, .box_h = 8, .ofs_x = 0, .ofs_y = 0},
    {.bitmap_index = 8669, .adv_w = 116, .box_w = 7, .box_h = 2, .ofs_x = 0, .ofs_y = 3},
    {.bitmap_index = 8676, .adv_w = 131, .box_w = 8, .box_h = 3, .ofs_x = 0, .ofs_y = -4},
    {.bitmap_index = 8688, .adv_w = 88, .box_w = 5, .box_h = 5, .ofs_x = 0, .ofs_y = 0},
    {.bitmap_index = 8701, .adv_w = 141, .box_w = 9, .box_h = 3, .ofs_x = 0, .ofs_y = 5},
    {.bitmap_index = 8715, .adv_w = 45, .box_w = 0, .box_h = 0, .ofs_x = 0, .ofs_y = 0}
};

/*---------------------
 *  CHARACTER MAPPING
 *--------------------*/

static const uint16_t unicode_list_7[] = {
    0x00, 0x08
};

/*Collect the unicode lists and glyph_id offsets*/
static const lv_font_fmt_txt_cmap_t cmaps[] =
{
    {
        .range_start = 32, .range_length = 95, .glyph_id_start = 1,
        .unicode_list = NULL, .glyph_id_ofs_list = NULL, .list_length = 0, .type = LV_FONT_FMT_TXT_CMAP_FORMAT0_TINY
    },
    {
        .range_start = 160, .range_length = 13, .glyph_id_start = 96,
        .unicode_list = NULL, .glyph_id_ofs_list = NULL, .list_length = 0, .type = LV_FONT_FMT_TXT_CMAP_FORMAT0_TINY
    },
    {
        .range_start = 174, .range_length = 155, .glyph_id_start = 109,
        .unicode_list = NULL, .glyph_id_ofs_list = NULL, .list_length = 0, .type = LV_FONT_FMT_TXT_CMAP_FORMAT0_TINY
    },
    {
        .range_start = 330, .range_length = 54, .glyph_id_start = 264,
        .unicode_list = NULL, .glyph_id_ofs_list = NULL, .list_length = 0, .type = LV_FONT_FMT_TXT_CMAP_FORMAT0_TINY
    },
    {
        .range_start = 8192, .range_length = 12, .glyph_id_start = 318,
        .unicode_list = NULL, .glyph_id_ofs_list = NULL, .list_length = 0, .type = LV_FONT_FMT_TXT_CMAP_FORMAT0_TINY
    },
    {
        .range_start = 8208, .range_length = 24, .glyph_id_start = 330,
        .unicode_list = NULL, .glyph_id_ofs_list = NULL, .list_length = 0, .type = LV_FONT_FMT_TXT_CMAP_FORMAT0_TINY
    },
    {
        .range_start = 8239, .range_length = 39, .glyph_id_start = 354,
        .unicode_list = NULL, .glyph_id_ofs_list = NULL, .list_length = 0, .type = LV_FONT_FMT_TXT_CMAP_FORMAT0_TINY
    },
    {
        .range_start = 8279, .range_length = 9, .glyph_id_start = 393,
        .unicode_list = unicode_list_7, .glyph_id_ofs_list = NULL, .list_length = 2, .type = LV_FONT_FMT_TXT_CMAP_SPARSE_TINY
    }
};

/*-----------------
 *    KERNING
 *----------------*/

/*Map glyph_ids to kern left classes*/
static const uint8_t kern_left_class_mapping[] =
{
    0, 0, 0, 1, 0, 0, 2, 3,
    1, 4, 5, 6, 7, 8, 7, 8,
    9, 10, 11, 12, 13, 14, 15, 16,
    17, 13, 10, 18, 18, 0, 19, 20,
    0, 21, 0, 0, 0, 0, 0, 0,
    0, 0, 0, 0, 0, 0, 0, 0,
    0, 0, 0, 0, 0, 0, 0, 0,
    0, 0, 0, 0, 4, 22, 5, 6,
    23, 0, 0, 0, 0, 0, 0, 0,
    0, 0, 0, 0, 0, 0, 0, 0,
    0, 0, 0, 0, 0, 0, 0, 0,
    0, 0, 0, 0, 4, 11, 5, 7,
    0, 24, 25, 0, 0, 0, 0, 0,
    0, 21, 0, 0, 0, 26, 0, 6,
    19, 0, 0, 0, 27, 11, 28, 0,
    0, 0, 29, 0, 0, 0, 30, 0,
    0, 0, 0, 0, 0, 0, 0, 0,
    0, 0, 0, 0, 0, 0, 0, 0,
    0, 0, 0, 0, 0, 0, 31, 0,
    0, 0, 0, 0, 0, 0, 0, 0,
    0, 0, 0, 0, 0, 0, 0, 0,
    0, 0, 0, 0, 0, 0, 0, 0,
    0, 0, 0, 0, 0, 0, 7, 0,
    0, 0, 0, 0, 0, 0, 0, 0,
    0, 0, 0, 0, 0, 0, 0, 0,
    0, 0, 0, 0, 0, 0, 0, 0,
    0, 0, 0, 0, 0, 0, 0, 0,
    0, 0, 0, 0, 0, 0, 0, 0,
    0, 0, 0, 0, 0, 0, 0, 0,
    0, 0, 0, 0, 0, 0, 0, 0,
    0, 0, 0, 0, 0, 0, 0, 0,
    0, 0, 0, 0, 0, 0, 0, 0,
    0, 0, 0, 0, 0, 0, 0, 0,
    0, 0, 0, 0, 0, 0, 0, 0,
    0, 0, 0, 0, 0, 0, 0, 0,
    0, 0, 0, 0, 0, 0, 0, 0,
    0, 0, 0, 0, 0, 0, 0, 0,
    0, 0, 0, 0, 0, 0, 0, 0,
    0, 0, 0, 0, 0, 0, 0, 0,
    0, 0, 0, 0, 0, 0, 0, 0,
    0, 0, 0, 0, 0, 0, 0, 0,
    0, 0, 0, 0, 0, 0, 0, 0,
    0, 0, 32, 33, 34, 0, 32, 33,
    34, 0, 35, 35, 31, 31, 0, 0,
    36, 0, 0, 0, 0, 0, 0, 33,
    0, 0, 0, 0, 0, 29, 0, 0,
    0, 0, 0, 0, 0, 0, 31, 0,
    0, 0, 0, 0, 0, 0, 37, 38,
    31, 0, 18, 0, 0, 0, 0, 0,
    0, 0, 0
};

/*Map glyph_ids to kern right classes*/
static const uint8_t kern_right_class_mapping[] =
{
    0, 0, 0, 1, 2, 0, 0, 3,
    1, 0, 4, 5, 6, 7, 6, 8,
    9, 10, 11, 12, 13, 14, 15, 10,
    16, 17, 18, 19, 19, 20, 21, 0,
    22, 23, 0, 0, 0, 0, 0, 0,
    0, 0, 0, 0, 0, 0, 0, 0,
    0, 0, 0, 0, 0, 0, 0, 0,
    0, 0, 0, 0, 0, 24, 4, 5,
    25, 0, 0, 0, 0, 0, 0, 0,
    0, 0, 0, 0, 0, 0, 0, 0,
    0, 0, 0, 0, 0, 0, 0, 0,
    0, 0, 0, 0, 0, 26, 4, 27,
    0, 0, 28, 0, 0, 0, 0, 0,
    0, 23, 0, 29, 30, 31, 0, 5,
    21, 0, 0, 0, 32, 33, 6, 0,
    0, 0, 34, 0, 0, 0, 35, 0,
    0, 0, 0, 0, 0, 0, 0, 0,
    0, 0, 0, 0, 0, 0, 0, 0,
    0, 0, 0, 0, 0, 0, 34, 0,
    0, 0, 0, 0, 0, 0, 0, 0,
    0, 0, 0, 0, 0, 0, 0, 0,
    0, 0, 0, 0, 0, 0, 0, 0,
    0, 0, 0, 0, 0, 0, 6, 0,
    0, 0, 0, 0, 0, 0, 0, 0,
    0, 0, 0, 0, 0, 0, 0, 0,
    0, 0, 0, 0, 0, 0, 0, 0,
    0, 0, 0, 0, 0, 0, 0, 0,
    0, 0, 0, 0, 0, 0, 0, 0,
    0, 0, 0, 0, 0, 0, 0, 0,
    0, 0, 0, 0, 0, 0, 0, 0,
    0, 0, 0, 0, 0, 0, 0, 0,
    0, 0, 0, 0, 0, 0, 0, 0,
    0, 0, 0, 0, 0, 0, 0, 0,
    0, 0, 0, 0, 0, 0, 0, 0,
    0, 0, 0, 0, 0, 0, 0, 0,
    0, 0, 0, 0, 0, 0, 0, 0,
    0, 0, 0, 0, 0, 0, 0, 0,
    0, 0, 0, 0, 0, 0, 0, 0,
    0, 0, 0, 0, 0, 0, 0, 0,
    0, 0, 0, 0, 0, 0, 0, 0,
    0, 0, 0, 0, 0, 0, 0, 0,
    0, 0, 0, 0, 0, 0, 0, 0,
    0, 0, 36, 37, 38, 39, 36, 37,
    38, 40, 41, 41, 34, 34, 0, 0,
    42, 0, 0, 0, 0, 0, 0, 37,
    0, 0, 0, 0, 29, 34, 0, 0,
    22, 0, 0, 0, 0, 0, 34, 43,
    0, 0, 0, 0, 0, 44, 26, 34,
    45, 0, 19, 0, 0, 0, 0, 0,
    0, 0, 0
};

/*Kern values between classes*/
static const int8_t kern_class_values[] =
{
    0, 0, -5, 0, 0, 0, -13, -13,
    0, 0, 0, 0, 0, -10, 0, 0,
    0, 0, 0, 0, 0, 0, 0, 0,
    0, 0, 0, -2, 0, 0, 0, 0,
    0, 0, 0, 0, 0, 0, 0, 0,
    0, -13, 0, 0, 0, 0, 0, 0,
    0, 0, 0, 0, 0, 0, 0, 0,
    0, 0, 0, 0, 0, 0, 0, 0,
    0, 0, 0, 0, 0, 0, 0, 0,
    0, 0, 0, 0, 0, 0, 0, 0,
    -10, -11, 0, 0, 0, 0, 0, 0,
    0, 0, -5, 0, 0, 0, 0, 0,
    0, 0, 0, 0, 0, 0, 0, 0,
    0, 0, 0, 0, 0, 0, 0, 0,
    0, -10, 0, 0, 0, 0, 0, 0,
    -4, 0, 0, 0, 0, -15, 0, 0,
    0, 0, -6, 0, 0, 0, 0, 0,
    0, 0, 0, 0, 0, 0, 0, 0,
    0, 0, 0, 0, 0, 0, 0, 0,
    0, 0, 0, 0, 0, 0, 0, 0,
    0, 0, -2, 0, 0, 0, 0, 0,
    0, 0, 0, 0, 0, 0, 0, 0,
    0, 0, 0, 0, 0, 0, 0, 0,
    0, 0, 0, 0, 0, 0, 0, 0,
    0, 0, 0, 0, 0, 0, 0, 0,
    0, 0, 0, 0, 0, 0, 0, 0,
    0, 0, 0, 0, 0, 0, 0, -5,
    0, 0, 0, 0, 0, 0, 0, 0,
    0, 0, 0, -5, 0, 0, 0, -22,
    -22, 0, 0, 0, 0, 0, -7, 0,
    0, 0, 0, 0, 0, 0, 0, -2,
    0, -11, 0, 0, 0, 0, 0, 0,
    0, 0, 0, 0, 0, 0, 0, 0,
    0, 0, -22, 0, 0, 0, 0, 0,
    0, 0, 0, 0, 0, 0, 0, 0,
    0, -5, -2, 0, 0, -4, 0, 0,
    0, 0, 0, 0, 0, -8, 0, 0,
    0, 0, 0, 0, 0, 0, -3, 0,
    0, -10, 0, 0, 0, 0, 0, 0,
    0, 0, 0, -13, 0, 0, 0, 0,
    0, 0, 0, 0, -4, -14, 0, -4,
    0, -2, -2, -4, -1, 0, 0, 0,
    -14, -7, 0, 0, 0, 0, 0, 0,
    0, 0, 0, -8, 0, 0, 0, -9,
    0, -22, -22, 0, 0, 0, 0, 0,
    0, 0, 0, 0, 0, 0, -6, -6,
    0, 0, 0, 0, 0, 0, 0, 0,
    0, 0, 0, 0, 0, 0, 0, 0,
    0, 0, 0, 0, 0, 0, 0, 0,
    0, 0, 0, 0, 0, 0, 0, 0,
    0, -6, 0, 0, 0, 0, 0, 0,
    0, 0, 0, -4, -4, 0, 0, 0,
    0, 0, 0, 0, -3, 0, 0, 0,
    0, 0, 0, 0, -2, -7, 0, 0,
    0, 0, 0, 0, 0, 0, 0, 0,
    -7, 0, -8, 0, 0, 0, -4, 0,
    2, 0, 0, 0, 0, 0, 0, 0,
    0, 0, 0, 0, 0, 0, 0, 0,
    0, 0, 0, 0, 0, 0, 0, 0,
    0, 0, 0, 0, 0, 0, 0, 0,
    0, 0, 0, 0, 0, 0, 0, 0,
    0, 0, 0, 0, 0, 2, 0, 0,
    0, 0, 0, 0, 0, 0, 0, 0,
    0, 0, 0, 0, -2, 0, 0, 0,
    0, 0, 0, 0, 0, 0, 0, 0,
    0, 0, 0, 0, 0, 0, 0, 0,
    0, 0, 0, 0, 0, 0, 0, 0,
    0, 0, 0, 0, 0, 0, 0, 0,
    -2, 0, -4, -4, 0, 0, 0, 0,
    0, 0, 0, 0, 0, 0, 0, 0,
    0, 0, 0, 0, 0, 0, 0, 0,
    -5, 0, 0, 0, 0, 0, 0, 0,
    0, -8, 0, 0, 0, -4, 0, 0,
    0, 0, 0, 0, 0, -3, 0, -5,
    -5, 0, 0, -3, 0, 0, 0, 0,
    0, 0, 0, 0, 0, 0, 0, 0,
    0, 0, 0, 0, 0, 0, 0, -1,
    0, -6, 0, 0, 0, 0, 0, 0,
    0, 0, -5, 0, 0, 0, 0, 0,
    0, 0, 0, 0, -4, -4, 0, 0,
    0, 0, 0, 0, 0, 0, 0, 0,
    0, 0, 0, 0, 0, 0, 0, 0,
    0, 0, 0, 0, -1, 0, 0, 0,
    0, 0, 0, 0, 0, 0, 0, -4,
    0, 0, 0, 0, 0, 0, 0, 0,
    0, -5, -5, 0, 0, 0, 0, 0,
    0, 0, 0, 0, 0, 0, 0, 0,
    0, 0, 0, -7, 0, 0, 0, 0,
    0, 0, 0, 0, 0, 0, 0, 0,
    -7, 0, 0, 0, -5, 0, 0, 0,
    0, -9, -7, 0, 0, 0, -20, -20,
    0, -2, 0, 0, -3, -9, -2, 3,
    -2, -2, -5, -15, 0, 0, 0, 0,
    -25, 0, 0, -8, -10, 0, 0, 0,
    0, 0, 0, 0, 0, -23, 0, 0,
    0, -20, 0, 0, -8, 0, 0, 0,
    0, 0, 0, 0, 0, 0, 0, 0,
    0, 0, 0, 0, 0, 0, 0, 0,
    0, 0, 0, 0, -10, 0, 0, 0,
    0, 0, 0, 0, 0, 0, 0, 0,
    -7, 0, 0, 0, 0, 0, 0, 0,
    0, 0, 0, 0, 0, 0, 0, 0,
    0, 0, 0, 0, 0, 0, 0, 0,
    0, 0, 0, 0, 0, 0, 0, 0,
    0, -11, 0, 0, 0, 0, 0, 0,
    0, 0, 0, 0, 0, -9, 0, 0,
    0, 0, 0, 0, 0, 0, 0, 0,
    0, 0, 0, 0, 0, 0, 0, 0,
    0, 0, 0, 0, 0, 0, -12, 0,
    0, 0, 0, 0, 0, 0, -12, 0,
    0, 0, 0, 0, 0, 0, 0, 0,
    0, 0, -15, 0, 0, 0, 0, 0,
    0, 0, 0, 0, 0, 0, 0, 0,
    0, 0, -7, -7, -6, 0, 0, 0,
    0, 0, 0, 0, 0, 0, 0, 0,
    0, 0, 0, -5, -6, 0, 0, 0,
    0, 0, -1, 0, 0, 0, 0, -5,
    0, -6, 0, 0, 0, -7, 0, 0,
    0, -13, 0, 0, 0, -13, -5, 0,
    0, 3, 0, -5, 0, 0, 0, 0,
    0, 0, 0, 0, 0, -8, -10, -5,
    -8, 0, 0, -5, 0, -5, -5, -11,
    0, -8, -5, 0, -7, -9, 0, 0,
    0, -12, 0, -1, -3, 0, 0, 0,
    0, 0, -11, 0, 0, 0, 0, -7,
    -17, 0, -7, -9, -7, 0, -7, -7,
    0, 0, 0, 0, -6, -13, 0, 5,
    0, 0, 0, 0, 0, 0, -7, 0,
    0, -6, 0, 0, 0, 0, 0, 0,
    0, 0, 5, 0, 0, 0, 0, 0,
    0, 0, 0, 0, 0, 0, 0, 0,
    0, 0, 0, 0, 0, 0, 0, 0,
    0, 0, -5, 0, 0, 0, 0, 0,
    0, 0, 0, 0, 0, 0, -5, 0,
    0, 0, 0, 0, 0, 0, 0, 0,
    -2, 0, 0, -2, 0, 0, 0, 0,
    0, 0, -5, 0, 0, 0, 0, 0,
    0, 0, 0, 0, 0, 0, 0, -8,
    0, 0, 0, 0, 0, 0, -2, 0,
    0, 0, 0, -10, -4, 0, 0, 0,
    -5, 0, 0, 0, 0, 0, 0, -5,
    0, 0, 0, 0, 0, 0, 0, 0,
    0, 0, -8, 0, 0, 0, 0, 0,
    0, 0, 0, -1, 0, 0, 0, 0,
    -5, 0, 0, 0, 0, 0, 0, 0,
    0, 0, 0, 0, 0, 0, 0, 0,
    0, 0, 0, 0, 0, 0, 0, -6,
    0, 0, -5, 0, 0, 0, 0, 0,
    0, 0, 0, 0, 0, -6, 0, 0,
    0, 0, -5, 0, -6, 0, 0, -5,
    0, 0, 0, 0, 0, -8, 2, 0,
    0, 0, 0, 0, 0, 0, 0, 0,
    0, 0, 0, 0, 0, 0, 0, 0,
    0, 0, -5, -2, 0, 0, -4, 0,
    0, 0, 0, 0, 0, 0, -6, 0,
    0, 0, 0, 0, 0, 0, 0, -3,
    0, 0, -10, 0, 0, 0, 0, 0,
    0, 0, 0, 0, 0, 0, 0, 0,
    0, 0, 0, 0, 0, 0, -6, -8,
    -7, 0, 0, -8, -5, 0, 0, 0,
    0, 0, 0, -10, 0, 0, 0, 0,
    0, 0, 0, 0, 0, 0, 0, -14,
    0, 0, 0, 0, 0, 0, 0, 0,
    0, 0, 0, 0, 0, 0, 0, 0,
    0, 0, 0, 0, 0, 0, 0, 0,
    0, 0, 0, 0, 0, 0, 0, 0,
    -12, 0, 0, 0, 0, 0, 0, 0,
    0, 0, 0, 0, -10, -5, 0, 0,
    0, 0, 0, 0, 0, 0, 0, 0,
    0, 0, 0, 0, 0, 0, 0, 0,
    0, 0, 0, 0, 0, 0, 0, 0,
    0, 0, 0, 0, 0, -6, 0, 0,
    0, 0, 0, 0, 0, 0, 0, 0,
    0, 0, 0, 0, 0, 0, 0, 0,
    0, 0, 0, 0, 0, -10, 0, 0,
    0, -14, -14, -15, 0, 0, 0, 0,
    -10, 0, 0, 0, 0, 0, 0, 0,
    0, 0, 0, 0, 0, 0, -6, 0,
    0, 0, 0, 0, 0, -10, 0, 0,
    -10, 0, 0, 0, -14, 0, 0, 0,
    0, -20, -11, 0, 0, -10, -16, -16,
    -23, -7, 0, 0, 0, -15, 0, -10,
    -6, 0, -9, -15, -9, 0, -9, 0,
    -6, 0, -7, -10, -14, -10, 0, -7,
    -2, 0, -11, 0, 0, 0, 0, 0,
    0, -16, 0, 2, -3, 0, 0, 0,
    0, 0, 0, 0, 0, 0, 0, -11,
    0, 0, 0, 0, 0, 0, 0, 0,
    0, 0, 0, 0, -15, 0, 0, 0,
    0, 0, 0, 0, 0, 0, 0, 0,
    -20, -15, 0, 0, 0, 0, 0, 0,
    0, 0, 0, 0, -6, 0, 0, 0,
    0, 0, 0, 0, 0, 0, 0, 0,
    0, 0, 0, 0, 0, 0, 0, 0,
    0, 0, 0, 0, 0, -5, 0, 0,
    0, 0, 0, 0, 0, 0, 0, 0,
    0, 0, 0, 0, 0, 0, 0, -13,
    0, 0, 0, 0, 0, 0, 0, 0,
    -4, -14, 0, -4, 0, -2, -2, -4,
    -1, 0, 0, 0, -14, -7, 0, 0,
    0, 0, 0, 0, 0, 0, 0, -8,
    0, 0, 0, -9, 0, -22, -29, 0,
    0, 0, 0, 0, 0, 0, -5, 0,
    0, -7, -6, -5, 0, 0, 0, 0,
    0, 0, 0, 0, 0, 0, 0, 0,
    0, 0, 0, 0, 0, 0, -7, -1,
    0, -7, 0, 0, 0, 0, 0, 0,
    0, -23, 0, 0, 0, -15, 0, 0,
    0, 0, 0, 0, 0, 0, 0, 0,
    0, 0, 0, -6, 0, 0, 0, 0,
    0, 0, 0, 0, 0, 0, 0, 0,
    -8, 0, 0, 0, 0, 0, 0, -1,
    0, 0, 0, 0, -7, -3, 0, 0,
    0, 0, 0, 0, 0, 0
};

/*Collect the kern class' data in one place*/
static const lv_font_fmt_txt_kern_classes_t kern_classes =
{
    .class_pair_values   = kern_class_values,
    .left_class_mapping  = kern_left_class_mapping,
    .right_class_mapping = kern_right_class_mapping,
    .left_class_cnt      = 38,
    .right_class_cnt     = 45,
};

/*--------------------
 *  ALL CUSTOM DATA
 *--------------------*/

#if LVGL_VERSION_MAJOR == 8
/*Store all the custom data of the font*/
static  lv_font_fmt_txt_glyph_cache_t cache;
#endif

#if LVGL_VERSION_MAJOR >= 8
static const lv_font_fmt_txt_dsc_t font_dsc = {
#else
static lv_font_fmt_txt_dsc_t font_dsc = {
#endif
    .glyph_bitmap = glyph_bitmap,
    .glyph_dsc = glyph_dsc,
    .cmaps = cmaps,
    .kern_dsc = &kern_classes,
    .kern_scale = 16,
    .cmap_num = 8,
    .bpp = 4,
    .kern_classes = 1,
    .bitmap_format = 0,
#if LVGL_VERSION_MAJOR == 8
    .cache = &cache
#endif

};



/*-----------------
 *  PUBLIC FONT
 *----------------*/

/*Initialize a public general font descriptor*/
#if LVGL_VERSION_MAJOR >= 8
const lv_font_t font_inter_regular_10_data = {
#else
lv_font_t font_inter_regular_10_data = {
#endif
    .get_glyph_dsc = lv_font_get_glyph_dsc_fmt_txt,    /*Function pointer to get glyph's data*/
    .get_glyph_bitmap = lv_font_get_bitmap_fmt_txt,    /*Function pointer to get glyph's bitmap*/
    .line_height = 15,          /*The maximum line height required by the font*/
    .base_line = 4,             /*Baseline measured from the bottom of the line*/
#if !(LVGL_VERSION_MAJOR == 6 && LVGL_VERSION_MINOR == 0)
    .subpx = LV_FONT_SUBPX_NONE,
#endif
#if LV_VERSION_CHECK(7, 4, 0) || LVGL_VERSION_MAJOR >= 8
    .underline_position = -2,
    .underline_thickness = 1,
#endif

#if LV_VERSION_CHECK(9, 3, 0)
    .static_bitmap = 1,    /*Bitmaps are stored as const so they are always static if not compressed */
#endif

    .dsc = &font_dsc,          /*The custom font data. Will be accessed by `get_glyph_bitmap/dsc` */
#if LV_VERSION_CHECK(8, 2, 0) || LVGL_VERSION_MAJOR >= 9
    .fallback = NULL,
#endif
    .user_data = NULL,
};



#endif /*#if FONT_INTER_REGULAR_10_DATA*/
